anchor_name,event_class,basis,rank,readout_score,n_events,C10_minus_C12,D24_minus_C12,best_basis,best_score
utc_annual_orbital_phase,FES_phase_transition,10,1,0.8946646120792399,192,0.06621021456602838,-0.018541572673484663,10,0.8946646120792399
utc_annual_orbital_phase,FES_phase_transition,12,2,0.8284543975132115,192,0.06621021456602838,-0.018541572673484663,10,0.8946646120792399
utc_annual_orbital_phase,FES_phase_transition,8,3,0.8255027969970203,192,0.06621021456602838,-0.018541572673484663,10,0.8946646120792399
utc_annual_orbital_phase,FES_phase_transition,24,4,0.8099128248397268,192,0.06621021456602838,-0.018541572673484663,10,0.8946646120792399
utc_annual_orbital_phase,FES_phase_transition,16,5,0.7664705535230649,192,0.06621021456602838,-0.018541572673484663,10,0.8946646120792399
utc_annual_orbital_phase,eps72_restoration_onset,10,1,0.8686985202778237,147,0.07829198715133101,-0.029926836831183135,10,0.8686985202778237
utc_annual_orbital_phase,eps72_restoration_onset,8,2,0.7915483015639732,147,0.07829198715133101,-0.029926836831183135,10,0.8686985202778237
utc_annual_orbital_phase,eps72_restoration_onset,12,3,0.7904065331264927,147,0.07829198715133101,-0.029926836831183135,10,0.8686985202778237
utc_annual_orbital_phase,eps72_restoration_onset,24,4,0.7604796962953095,147,0.07829198715133101,-0.029926836831183135,10,0.8686985202778237
utc_annual_orbital_phase,eps72_restoration_onset,16,5,0.7280578713691306,147,0.07829198715133101,-0.029926836831183135,10,0.8686985202778237
utc_annual_orbital_phase,h_zero_crossing,10,1,0.8691217667549085,1309,0.0832789968627734,-0.021818234193409114,10,0.8691217667549085
utc_annual_orbital_phase,h_zero_crossing,8,2,0.8002690141167708,1309,0.0832789968627734,-0.021818234193409114,10,0.8691217667549085
utc_annual_orbital_phase,h_zero_crossing,12,3,0.7858427698921351,1309,0.0832789968627734,-0.021818234193409114,10,0.8691217667549085
utc_annual_orbital_phase,h_zero_crossing,24,4,0.764024535698726,1309,0.0832789968627734,-0.021818234193409114,10,0.8691217667549085
utc_annual_orbital_phase,h_zero_crossing,16,5,0.7365760856051036,1309,0.0832789968627734,-0.021818234193409114,10,0.8691217667549085
utc_annual_orbital_phase,high_boundary_impulse_J,10,1,0.895834971900398,57,0.06854195772494054,-0.04278461450918769,10,0.895834971900398
utc_annual_orbital_phase,high_boundary_impulse_J,8,2,0.8389387398806962,57,0.06854195772494054,-0.04278461450918769,10,0.895834971900398
utc_annual_orbital_phase,high_boundary_impulse_J,12,3,0.8272930141754574,57,0.06854195772494054,-0.04278461450918769,10,0.895834971900398
utc_annual_orbital_phase,high_boundary_impulse_J,24,4,0.7845083996662697,57,0.06854195772494054,-0.04278461450918769,10,0.895834971900398
utc_annual_orbital_phase,high_boundary_impulse_J,16,5,0.7723963049781832,57,0.06854195772494054,-0.04278461450918769,10,0.895834971900398
utc_annual_orbital_phase,residual_contraction_low_distance,10,1,0.8737856861914872,57,0.07580414534978486,-0.032020193016373155,10,0.8737856861914872
utc_annual_orbital_phase,residual_contraction_low_distance,12,2,0.7979815408417024,57,0.07580414534978486,-0.032020193016373155,10,0.8737856861914872
utc_annual_orbital_phase,residual_contraction_low_distance,8,3,0.7865619854693097,57,0.07580414534978486,-0.032020193016373155,10,0.8737856861914872
utc_annual_orbital_phase,residual_contraction_low_distance,24,4,0.7659613478253292,57,0.07580414534978486,-0.032020193016373155,10,0.8737856861914872
utc_annual_orbital_phase,residual_contraction_low_distance,16,5,0.7120235742498111,57,0.07580414534978486,-0.032020193016373155,10,0.8737856861914872
utc_annual_orbital_phase,ricci_phase_sync_high_lock_session,10,1,0.778957761781767,7,0.14470578407474066,-0.048228143303959414,10,0.778957761781767
utc_annual_orbital_phase,ricci_phase_sync_high_lock_session,8,2,0.7041472933760831,7,0.14470578407474066,-0.048228143303959414,10,0.778957761781767
utc_annual_orbital_phase,ricci_phase_sync_high_lock_session,12,3,0.6342519777070263,7,0.14470578407474066,-0.048228143303959414,10,0.778957761781767
utc_annual_orbital_phase,ricci_phase_sync_high_lock_session,16,4,0.6094019866299147,7,0.14470578407474066,-0.048228143303959414,10,0.778957761781767
utc_annual_orbital_phase,ricci_phase_sync_high_lock_session,24,5,0.5860238344030669,7,0.14470578407474066,-0.048228143303959414,10,0.778957761781767
utc_daily_phase,FES_phase_transition,16,1,0.29406046428413746,192,0.039993374716229296,0.07212975247257822,16,0.29406046428413746
utc_daily_phase,FES_phase_transition,24,2,0.28381040215632114,192,0.039993374716229296,0.07212975247257822,16,0.29406046428413746
utc_daily_phase,FES_phase_transition,8,3,0.25789501093817857,192,0.039993374716229296,0.07212975247257822,16,0.29406046428413746
utc_daily_phase,FES_phase_transition,10,4,0.2516740243999722,192,0.039993374716229296,0.07212975247257822,16,0.29406046428413746
utc_daily_phase,FES_phase_transition,12,5,0.21168064968374292,192,0.039993374716229296,0.07212975247257822,16,0.29406046428413746
utc_daily_phase,eps72_restoration_onset,10,1,0.24235622020736997,147,0.020253015013353914,0.013887010542648098,10,0.24235622020736997
utc_daily_phase,eps72_restoration_onset,24,2,0.23599021573666415,147,0.020253015013353914,0.013887010542648098,10,0.24235622020736997
utc_daily_phase,eps72_restoration_onset,8,3,0.23155488714155942,147,0.020253015013353914,0.013887010542648098,10,0.24235622020736997
utc_daily_phase,eps72_restoration_onset,16,4,0.22851138489170053,147,0.020253015013353914,0.013887010542648098,10,0.24235622020736997
utc_daily_phase,eps72_restoration_onset,12,5,0.22210320519401605,147,0.020253015013353914,0.013887010542648098,10,0.24235622020736997
utc_daily_phase,h_zero_crossing,16,1,0.2514806857510376,1309,0.04701838865928065,0.02756518367664415,16,0.2514806857510376
utc_daily_phase,h_zero_crossing,8,2,0.24425487826981862,1309,0.04701838865928065,0.02756518367664415,16,0.2514806857510376
utc_daily_phase,h_zero_crossing,10,3,0.24362236524836883,1309,0.04701838865928065,0.02756518367664415,16,0.2514806857510376
utc_daily_phase,h_zero_crossing,24,4,0.22416916026573233,1309,0.04701838865928065,0.02756518367664415,16,0.2514806857510376
utc_daily_phase,h_zero_crossing,12,5,0.19660397658908818,1309,0.04701838865928065,0.02756518367664415,16,0.2514806857510376
utc_daily_phase,high_boundary_impulse_J,16,1,0.29892432351536297,57,0.01776382043836941,0.03481762430137511,16,0.29892432351536297
utc_daily_phase,high_boundary_impulse_J,8,2,0.2919412931407789,57,0.01776382043836941,0.03481762430137511,16,0.29892432351536297
utc_daily_phase,high_boundary_impulse_J,24,3,0.2730764568804218,57,0.01776382043836941,0.03481762430137511,16,0.29892432351536297
utc_daily_phase,high_boundary_impulse_J,10,4,0.2560226530174161,57,0.01776382043836941,0.03481762430137511,16,0.29892432351536297
utc_daily_phase,high_boundary_impulse_J,12,5,0.2382588325790467,57,0.01776382043836941,0.03481762430137511,16,0.29892432351536297
utc_daily_phase,residual_contraction_low_distance,24,1,0.302268863202789,57,0.009792763265499438,0.11156904284981523,24,0.302268863202789
utc_daily_phase,residual_contraction_low_distance,8,2,0.28687857019227003,57,0.009792763265499438,0.11156904284981523,24,0.302268863202789
utc_daily_phase,residual_contraction_low_distance,16,3,0.2554886554737055,57,0.009792763265499438,0.11156904284981523,24,0.302268863202789
utc_daily_phase,residual_contraction_low_distance,10,4,0.20049258361847322,57,0.009792763265499438,0.11156904284981523,24,0.302268863202789
utc_daily_phase,residual_contraction_low_distance,12,5,0.19069982035297378,57,0.009792763265499438,0.11156904284981523,24,0.302268863202789
utc_daily_phase,ricci_phase_sync_high_lock_session,12,1,0.4411009780078911,7,-0.13558857348357306,-0.08586713763474624,12,0.4411009780078911
utc_daily_phase,ricci_phase_sync_high_lock_session,16,2,0.4007849621781634,7,-0.13558857348357306,-0.08586713763474624,12,0.4411009780078911
utc_daily_phase,ricci_phase_sync_high_lock_session,24,3,0.35523384037314487,7,-0.13558857348357306,-0.08586713763474624,12,0.4411009780078911
utc_daily_phase,ricci_phase_sync_high_lock_session,8,4,0.3444350329479149,7,-0.13558857348357306,-0.08586713763474624,12,0.4411009780078911
utc_daily_phase,ricci_phase_sync_high_lock_session,10,5,0.30551240452431805,7,-0.13558857348357306,-0.08586713763474624,12,0.4411009780078911
utc_weekly_phase,FES_phase_transition,8,1,0.6007089909737435,192,0.19487153293271042,-0.03716276476323027,8,0.6007089909737435
utc_weekly_phase,FES_phase_transition,10,2,0.5444486359135148,192,0.19487153293271042,-0.03716276476323027,8,0.6007089909737435
utc_weekly_phase,FES_phase_transition,16,3,0.43435219571034844,192,0.19487153293271042,-0.03716276476323027,8,0.6007089909737435
utc_weekly_phase,FES_phase_transition,12,4,0.34957710298080436,192,0.19487153293271042,-0.03716276476323027,8,0.6007089909737435
utc_weekly_phase,FES_phase_transition,24,5,0.3124143382175741,192,0.19487153293271042,-0.03716276476323027,8,0.6007089909737435
utc_weekly_phase,eps72_restoration_onset,8,1,0.5854973898293072,147,0.20088773431963403,-0.05819330844224985,8,0.5854973898293072
utc_weekly_phase,eps72_restoration_onset,10,2,0.5382815331855362,147,0.20088773431963403,-0.05819330844224985,8,0.5854973898293072
utc_weekly_phase,eps72_restoration_onset,16,3,0.43580937470496284,147,0.20088773431963403,-0.05819330844224985,8,0.5854973898293072
utc_weekly_phase,eps72_restoration_onset,12,4,0.33739379886590215,147,0.20088773431963403,-0.05819330844224985,8,0.5854973898293072
utc_weekly_phase,eps72_restoration_onset,24,5,0.2792004904236523,147,0.20088773431963403,-0.05819330844224985,8,0.5854973898293072
utc_weekly_phase,h_zero_crossing,8,1,0.5774968991772016,1309,0.21553223644060587,-0.03919281334867025,8,0.5774968991772016
utc_weekly_phase,h_zero_crossing,10,2,0.5379756684931335,1309,0.21553223644060587,-0.03919281334867025,8,0.5774968991772016
utc_weekly_phase,h_zero_crossing,16,3,0.43844559300402197,1309,0.21553223644060587,-0.03919281334867025,8,0.5774968991772016
utc_weekly_phase,h_zero_crossing,12,4,0.3224434320525276,1309,0.21553223644060587,-0.03919281334867025,8,0.5774968991772016
utc_weekly_phase,h_zero_crossing,24,5,0.28325061870385737,1309,0.21553223644060587,-0.03919281334867025,8,0.5774968991772016
utc_weekly_phase,high_boundary_impulse_J,8,1,0.5962014513550769,57,0.1683510631991706,-0.045478237169797264,8,0.5962014513550769
utc_weekly_phase,high_boundary_impulse_J,10,2,0.5635515426449909,57,0.1683510631991706,-0.045478237169797264,8,0.5962014513550769
utc_weekly_phase,high_boundary_impulse_J,16,3,0.4423056663119215,57,0.1683510631991706,-0.045478237169797264,8,0.5962014513550769
utc_weekly_phase,high_boundary_impulse_J,12,4,0.39520047944582026,57,0.1683510631991706,-0.045478237169797264,8,0.5962014513550769
utc_weekly_phase,high_boundary_impulse_J,24,5,0.349722242276023,57,0.1683510631991706,-0.045478237169797264,8,0.5962014513550769
utc_weekly_phase,residual_contraction_low_distance,8,1,0.5595368889629571,57,0.2640608693454415,-0.006085281999896774,8,0.5595368889629571
utc_weekly_phase,residual_contraction_low_distance,10,2,0.5081642459004363,57,0.2640608693454415,-0.006085281999896774,8,0.5595368889629571
utc_weekly_phase,residual_contraction_low_distance,16,3,0.4495058206677728,57,0.2640608693454415,-0.006085281999896774,8,0.5595368889629571
utc_weekly_phase,residual_contraction_low_distance,12,4,0.2441033765549948,57,0.2640608693454415,-0.006085281999896774,8,0.5595368889629571
utc_weekly_phase,residual_contraction_low_distance,24,5,0.23801809455509804,57,0.2640608693454415,-0.006085281999896774,8,0.5595368889629571
utc_weekly_phase,ricci_phase_sync_high_lock_session,10,1,0.5975358067519785,7,0.1358784230857341,-0.05060740004383307,10,0.5975358067519785
utc_weekly_phase,ricci_phase_sync_high_lock_session,16,2,0.5027498858937595,7,0.1358784230857341,-0.05060740004383307,10,0.5975358067519785
utc_weekly_phase,ricci_phase_sync_high_lock_session,8,3,0.47849784867005574,7,0.1358784230857341,-0.05060740004383307,10,0.5975358067519785
utc_weekly_phase,ricci_phase_sync_high_lock_session,12,4,0.46165738366624437,7,0.1358784230857341,-0.05060740004383307,10,0.5975358067519785
utc_weekly_phase,ricci_phase_sync_high_lock_session,24,5,0.4110499836224113,7,0.1358784230857341,-0.05060740004383307,10,0.5975358067519785
global_elapsed_phase,FES_phase_transition,10,1,0.7512173936907336,192,0.06815337592218929,-0.16163479653316948,10,0.7512173936907336
global_elapsed_phase,FES_phase_transition,8,2,0.7049267776061461,192,0.06815337592218929,-0.16163479653316948,10,0.7512173936907336
global_elapsed_phase,FES_phase_transition,12,3,0.6830640177685443,192,0.06815337592218929,-0.16163479653316948,10,0.7512173936907336
global_elapsed_phase,FES_phase_transition,16,4,0.6143827921530124,192,0.06815337592218929,-0.16163479653316948,10,0.7512173936907336
global_elapsed_phase,FES_phase_transition,24,5,0.5214292212353748,192,0.06815337592218929,-0.16163479653316948,10,0.7512173936907336
global_elapsed_phase,eps72_restoration_onset,10,1,0.7138277557946539,147,0.04388566893194146,-0.14897541191405594,10,0.7138277557946539
global_elapsed_phase,eps72_restoration_onset,8,2,0.6810159976016112,147,0.04388566893194146,-0.14897541191405594,10,0.7138277557946539
global_elapsed_phase,eps72_restoration_onset,12,3,0.6699420868627124,147,0.04388566893194146,-0.14897541191405594,10,0.7138277557946539
global_elapsed_phase,eps72_restoration_onset,16,4,0.5700539538121797,147,0.04388566893194146,-0.14897541191405594,10,0.7138277557946539
global_elapsed_phase,eps72_restoration_onset,24,5,0.5209666749486564,147,0.04388566893194146,-0.14897541191405594,10,0.7138277557946539
global_elapsed_phase,h_zero_crossing,10,1,0.7161716476486252,1309,0.05133444438603263,-0.18523575503752437,10,0.7161716476486252
global_elapsed_phase,h_zero_crossing,8,2,0.6860470525284736,1309,0.05133444438603263,-0.18523575503752437,10,0.7161716476486252
global_elapsed_phase,h_zero_crossing,12,3,0.6648372032625925,1309,0.05133444438603263,-0.18523575503752437,10,0.7161716476486252
global_elapsed_phase,h_zero_crossing,16,4,0.5547788898344825,1309,0.05133444438603263,-0.18523575503752437,10,0.7161716476486252
global_elapsed_phase,h_zero_crossing,24,5,0.47960144822506817,1309,0.05133444438603263,-0.18523575503752437,10,0.7161716476486252
global_elapsed_phase,high_boundary_impulse_J,10,1,0.7926150899266727,57,0.07904232255318899,-0.203009031446849,10,0.7926150899266727
global_elapsed_phase,high_boundary_impulse_J,8,2,0.746384464928916,57,0.07904232255318899,-0.203009031446849,10,0.7926150899266727
global_elapsed_phase,high_boundary_impulse_J,12,3,0.7135727673734837,57,0.07904232255318899,-0.203009031446849,10,0.7926150899266727
global_elapsed_phase,high_boundary_impulse_J,16,4,0.6376412114715064,57,0.07904232255318899,-0.203009031446849,10,0.7926150899266727
global_elapsed_phase,high_boundary_impulse_J,24,5,0.5105637359266347,57,0.07904232255318899,-0.203009031446849,10,0.7926150899266727
global_elapsed_phase,residual_contraction_low_distance,10,1,0.6948801894808387,57,0.05899287842645129,-0.19498816257054302,10,0.6948801894808387
global_elapsed_phase,residual_contraction_low_distance,8,2,0.6570714061760614,57,0.05899287842645129,-0.19498816257054302,10,0.6948801894808387
global_elapsed_phase,residual_contraction_low_distance,12,3,0.6358873110543874,57,0.05899287842645129,-0.19498816257054302,10,0.6948801894808387
global_elapsed_phase,residual_contraction_low_distance,16,4,0.5048665650319246,57,0.05899287842645129,-0.19498816257054302,10,0.6948801894808387
global_elapsed_phase,residual_contraction_low_distance,24,5,0.4408991484838444,57,0.05899287842645129,-0.19498816257054302,10,0.6948801894808387
global_elapsed_phase,ricci_phase_sync_high_lock_session,12,1,0.6395654090263165,7,-0.032555266974316543,-0.24783906482368806,12,0.6395654090263165
global_elapsed_phase,ricci_phase_sync_high_lock_session,10,2,0.607010142052,7,-0.032555266974316543,-0.24783906482368806,12,0.6395654090263165
global_elapsed_phase,ricci_phase_sync_high_lock_session,8,3,0.599613617221051,7,-0.032555266974316543,-0.24783906482368806,12,0.6395654090263165
global_elapsed_phase,ricci_phase_sync_high_lock_session,24,4,0.3917263442026285,7,-0.032555266974316543,-0.24783906482368806,12,0.6395654090263165
global_elapsed_phase,ricci_phase_sync_high_lock_session,16,5,0.36514861051601755,7,-0.032555266974316543,-0.24783906482368806,12,0.6395654090263165
