source_file,condition,column,n_values,period,preferred_bin,chi_square_p,Vcos_h1_D24,Vsin_h1_D24,resultant_h1_D24,Vcos_h2_D12,Vsin_h2_D12,resultant_h2_D12,Vcos_h3_D8,Vsin_h3_D8,resultant_h3_D8,sin_cos_balance_h1,chi_square_fdr_q
IDPC_Reproduction/Chapter3/ricci_eps72_restoring_test.csv,observed,eps72_deg,650,24,22,0.0,0.9196272537043986,-0.16262348926138295,0.9338954358039455,0.7061488184659631,-0.2612691880658148,0.7529327609112555,0.43006565627826027,-0.2615892439830635,0.5033740172850417,0.24299623555698435,0.0
IDPC_Reproduction/Chapter3/ricci_eps72_restoring_test.csv,observed,deps72_deg,650,24,23,0.0,0.8695735608738694,-0.11890002963796521,0.8776647394186291,0.5578421316958473,-0.1733747308225161,0.5841631973881503,0.2382803861444747,-0.1553580862419954,0.2844532956074428,0.2493264687640958,0.0
IDPC_Reproduction/Chapter3/ricci_phase_sync_summary.csv,observed,circ_mean_deg,26,24,0,1.5530392132431694e-43,0.9804311343447765,-0.12873113446645146,0.9888462540625842,0.9240876708318776,-0.24484713091478674,0.9559749687626173,0.8376220997327697,-0.33762209973277063,0.9031054557407451,0.148300000121675,4.141437901981785e-43
IDPC_Reproduction/Chapter3/ricci_phase_sync_summary.csv,observed,mean_abs_dpsi_deg,26,24,2,1.192371156939532e-37,0.8485634952050464,0.5014129197166111,0.9856342736803249,0.45500488534316136,0.8265531175679455,0.9435144417800044,-0.027196414661021007,0.8760836381943086,0.8765056680262772,0.6528494245115647,2.6015370696862517e-37
IDPC_Reproduction/event_level_with_fes_phase_TRUE_RICCI.csv,observed,phase,226,24,12,2.1460546580220392e-197,-0.006408352814531131,0.028195624991295087,0.028914706542609993,0.8923217619687385,-0.2443896053432256,0.9251834445572464,0.004961594440529031,0.0156439553359853,0.016411909028098817,0.9782127278232361,8.584218632088157e-197
IDPC_Reproduction/event_level_with_fes_phase_TRUE_RICCI.csv,observed,phase_z,226,24,2,0.9999999999999923,-0.0001507706801369312,-0.0011452170137279973,0.0011550990461951843,0.0005928079478564328,-0.0001588424108949353,0.0006137199479735612,-0.0012959876938647462,-0.003128791067197041,0.003386579047478571,0.999005553666409,1.0
IDPC_Reproduction/event_level_with_fes_phase_TRUE_RICCI.csv,observed,phi,226,24,2,0.9999999999999923,-0.0001507706801369312,-0.0011452170137279973,0.0011550990461951843,0.0005928079478564328,-0.0001588424108949353,0.0006137199479735612,-0.0012959876938647462,-0.003128791067197041,0.003386579047478571,0.999005553666409,1.0
IDPC_Reproduction/event_level_with_fes_phase_TRUE_RICCI.csv,observed,dphi,226,24,2,0.9999999999999923,-0.0001507706801369312,-0.0011452170137279973,0.0011550990461951843,0.0005928079478564328,-0.0001588424108949353,0.0006137199479735612,-0.0012959876938647462,-0.003128791067197041,0.003386579047478571,0.999005553666409,1.0
IDPC_Reproduction/event_level_with_fes_phase_TRUE_RICCI.csv,observed,distance,226,24,2,0.9999999999999923,-0.0001507706801369312,-0.0011452170137279973,0.0011550990461951843,0.0005928079478564328,-0.0001588424108949353,0.0006137199479735612,-0.0012959876938647462,-0.003128791067197041,0.003386579047478571,0.999005553666409,1.0
IDPC_Reproduction/event_level_with_fes_phase_TRUE_RICCI.csv,observed,distance_z,226,24,2,0.9999999999999923,-0.0001507706801369312,-0.0011452170137279973,0.0011550990461951843,0.0005928079478564328,-0.0001588424108949353,0.0006137199479735612,-0.0012959876938647462,-0.003128791067197041,0.003386579047478571,0.999005553666409,1.0
IDPC_Reproduction/event_level_with_fes_phase_TRUE_RICCI.csv,observed,r_local,226,24,2,0.9999999999999923,-0.0001507706801369312,-0.0011452170137279973,0.0011550990461951843,0.0005928079478564328,-0.0001588424108949353,0.0006137199479735612,-0.0012959876938647462,-0.003128791067197041,0.003386579047478571,0.999005553666409,1.0
IDPC_Reproduction/event_level_with_fes_phase_TRUE_RICCI.csv,observed,r_local_z,226,24,2,0.9999999999999923,-0.0001507706801369312,-0.0011452170137279973,0.0011550990461951843,0.0005928079478564328,-0.0001588424108949353,0.0006137199479735612,-0.0012959876938647462,-0.003128791067197041,0.003386579047478571,0.999005553666409,1.0
IDPC_Reproduction_mm_derangement/Chapter3/ricci_eps72_restoring_test.csv,control,eps72_deg,650,24,22,0.0,0.9196272537043986,-0.16262348926138295,0.9338954358039455,0.7061488184659631,-0.2612691880658148,0.7529327609112555,0.43006565627826027,-0.2615892439830635,0.5033740172850417,0.24299623555698435,0.0
IDPC_Reproduction_mm_derangement/Chapter3/ricci_eps72_restoring_test.csv,control,deps72_deg,650,24,23,0.0,0.8695735608738694,-0.11890002963796521,0.8776647394186291,0.5578421316958473,-0.1733747308225161,0.5841631973881503,0.2382803861444747,-0.1553580862419954,0.2844532956074428,0.2493264687640958,0.0
IDPC_Reproduction_mm_derangement/Chapter3/ricci_phase_sync_summary.csv,control,circ_mean_deg,26,24,0,1.5530392132431694e-43,0.9804311343447765,-0.12873113446645146,0.9888462540625842,0.9240876708318776,-0.24484713091478674,0.9559749687626173,0.8376220997327697,-0.33762209973277063,0.9031054557407451,0.148300000121675,4.141437901981785e-43
IDPC_Reproduction_mm_derangement/Chapter3/ricci_phase_sync_summary.csv,control,mean_abs_dpsi_deg,26,24,2,1.192371156939532e-37,0.8485634952050464,0.5014129197166111,0.9856342736803249,0.45500488534316136,0.8265531175679455,0.9435144417800044,-0.027196414661021007,0.8760836381943086,0.8765056680262772,0.6528494245115647,2.6015370696862517e-37
IDPC_Reproduction_mm_random/Chapter3/ricci_eps72_restoring_test.csv,control,eps72_deg,650,24,22,0.0,0.9196272537043986,-0.16262348926138295,0.9338954358039455,0.7061488184659631,-0.2612691880658148,0.7529327609112555,0.43006565627826027,-0.2615892439830635,0.5033740172850417,0.24299623555698435,0.0
IDPC_Reproduction_mm_random/Chapter3/ricci_eps72_restoring_test.csv,control,deps72_deg,650,24,23,0.0,0.8695735608738694,-0.11890002963796521,0.8776647394186291,0.5578421316958473,-0.1733747308225161,0.5841631973881503,0.2382803861444747,-0.1553580862419954,0.2844532956074428,0.2493264687640958,0.0
IDPC_Reproduction_mm_random/Chapter3/ricci_phase_sync_summary.csv,control,circ_mean_deg,26,24,0,1.5530392132431694e-43,0.9804311343447765,-0.12873113446645146,0.9888462540625842,0.9240876708318776,-0.24484713091478674,0.9559749687626173,0.8376220997327697,-0.33762209973277063,0.9031054557407451,0.148300000121675,4.141437901981785e-43
IDPC_Reproduction_mm_random/Chapter3/ricci_phase_sync_summary.csv,control,mean_abs_dpsi_deg,26,24,2,1.192371156939532e-37,0.8485634952050464,0.5014129197166111,0.9856342736803249,0.45500488534316136,0.8265531175679455,0.9435144417800044,-0.027196414661021007,0.8760836381943086,0.8765056680262772,0.6528494245115647,2.6015370696862517e-37
IDPC_Reproduction_mm_reverse/Chapter3/ricci_eps72_restoring_test.csv,control,eps72_deg,650,24,22,0.0,0.9196272537043986,-0.16262348926138295,0.9338954358039455,0.7061488184659631,-0.2612691880658148,0.7529327609112555,0.43006565627826027,-0.2615892439830635,0.5033740172850417,0.24299623555698435,0.0
IDPC_Reproduction_mm_reverse/Chapter3/ricci_eps72_restoring_test.csv,control,deps72_deg,650,24,23,0.0,0.8695735608738694,-0.11890002963796521,0.8776647394186291,0.5578421316958473,-0.1733747308225161,0.5841631973881503,0.2382803861444747,-0.1553580862419954,0.2844532956074428,0.2493264687640958,0.0
IDPC_Reproduction_mm_reverse/Chapter3/ricci_phase_sync_summary.csv,control,circ_mean_deg,26,24,0,1.5530392132431694e-43,0.9804311343447765,-0.12873113446645146,0.9888462540625842,0.9240876708318776,-0.24484713091478674,0.9559749687626173,0.8376220997327697,-0.33762209973277063,0.9031054557407451,0.148300000121675,4.141437901981785e-43
IDPC_Reproduction_mm_reverse/Chapter3/ricci_phase_sync_summary.csv,control,mean_abs_dpsi_deg,26,24,2,1.192371156939532e-37,0.8485634952050464,0.5014129197166111,0.9856342736803249,0.45500488534316136,0.8265531175679455,0.9435144417800044,-0.027196414661021007,0.8760836381943086,0.8765056680262772,0.6528494245115647,2.6015370696862517e-37
IDPC_Reproduction_mm_shift1/Chapter3/ricci_eps72_restoring_test.csv,control,eps72_deg,650,24,22,0.0,0.9196272537043986,-0.16262348926138295,0.9338954358039455,0.7061488184659631,-0.2612691880658148,0.7529327609112555,0.43006565627826027,-0.2615892439830635,0.5033740172850417,0.24299623555698435,0.0
IDPC_Reproduction_mm_shift1/Chapter3/ricci_eps72_restoring_test.csv,control,deps72_deg,650,24,23,0.0,0.8695735608738694,-0.11890002963796521,0.8776647394186291,0.5578421316958473,-0.1733747308225161,0.5841631973881503,0.2382803861444747,-0.1553580862419954,0.2844532956074428,0.2493264687640958,0.0
IDPC_Reproduction_mm_shift1/Chapter3/ricci_phase_sync_summary.csv,control,circ_mean_deg,26,24,0,1.5530392132431694e-43,0.9804311343447765,-0.12873113446645146,0.9888462540625842,0.9240876708318776,-0.24484713091478674,0.9559749687626173,0.8376220997327697,-0.33762209973277063,0.9031054557407451,0.148300000121675,4.141437901981785e-43
IDPC_Reproduction_mm_shift1/Chapter3/ricci_phase_sync_summary.csv,control,mean_abs_dpsi_deg,26,24,2,1.192371156939532e-37,0.8485634952050464,0.5014129197166111,0.9856342736803249,0.45500488534316136,0.8265531175679455,0.9435144417800044,-0.027196414661021007,0.8760836381943086,0.8765056680262772,0.6528494245115647,2.6015370696862517e-37
IDPC_Reproduction_random/Chapter3/ricci_eps72_restoring_test.csv,control,eps72_deg,623,24,1,0.0,0.9225147540780662,-0.1093271425519346,0.9289703416096157,0.7157281794406464,-0.16910726977926138,0.7354346303633098,0.4454132007209872,-0.15415992064260473,0.4713366106181957,0.18681238847386838,0.0
IDPC_Reproduction_random/Chapter3/ricci_eps72_restoring_test.csv,control,deps72_deg,623,24,23,7.345932375069395e-273,0.8547020107861419,-0.11027406750088198,0.8617864568470912,0.5178436974137522,-0.13500018903132507,0.5351515168526007,0.19524817063690092,-0.07855718378323326,0.21045921044470606,0.25557205671474004,3.52604754003331e-272
IDPC_Reproduction_random/Chapter3/ricci_phase_sync_summary.csv,control,circ_mean_deg,26,24,0,1.2956657348418773e-47,0.9842734582872622,-0.1194549438934715,0.9914957006005418,0.9381655709774329,-0.23076923076923148,0.9661309830645302,0.8648185143937908,-0.3263569759322532,0.9243483859335334,0.13518148560620924,4.442282519457865e-47
IDPC_Reproduction_random/Chapter3/ricci_phase_sync_summary.csv,control,mean_abs_dpsi_deg,26,24,2,9.865101144940156e-35,0.8145764377439126,0.54997449186863,0.9828564059076585,0.34992600812897384,0.8650146560294838,0.9331123010178811,-0.1744436117666437,0.8376220997327701,0.8555941535838859,0.7353980541247174,2.1045549109205666e-34
IDPC_Reproduction_random/event_level_with_fes_phase_TRUE_RICCI.csv,control,phase,44,24,12,2.0899029673400765e-29,0.05521658077159021,-0.026974746973424824,0.06145329744111244,0.8997376651845428,-0.1590909090909096,0.9136945788977323,0.07369637925271069,-0.1191509247072567,0.14010031824929495,0.9717581662018346,4.268737975843561e-29
IDPC_Reproduction_random/event_level_with_fes_phase_TRUE_RICCI.csv,control,phase_z,28,24,6,0.99999988062366,-0.001216934775390477,-0.00924353732509009,0.009323299444289468,-0.004784807007698669,-0.01785714285714293,0.018487074650180138,-0.010460472100480392,-0.02525381361380523,0.02733453088322064,0.9919733974503004,1.0
IDPC_Reproduction_random/event_level_with_fes_phase_TRUE_RICCI.csv,control,phi,44,24,1,0.9999999989394134,-0.0007744130388848843,-0.005882251025057308,0.005933008737275099,-0.0030448771867173275,-0.01136363636363639,0.011764502050114612,-0.006656664063942005,-0.016070608663330523,0.017394701471140313,0.9948921620138276,1.0
IDPC_Reproduction_random/event_level_with_fes_phase_TRUE_RICCI.csv,control,dphi,44,24,1,0.9999999989394134,-0.0007744130388848843,-0.005882251025057308,0.005933008737275099,-0.0030448771867173275,-0.01136363636363639,0.011764502050114612,-0.006656664063942005,-0.016070608663330523,0.017394701471140313,0.9948921620138276,1.0
IDPC_Reproduction_random/event_level_with_fes_phase_TRUE_RICCI.csv,control,distance,44,24,1,0.9999999989394134,-0.0007744130388848843,-0.005882251025057308,0.005933008737275099,-0.0030448771867173275,-0.01136363636363639,0.011764502050114612,-0.006656664063942005,-0.016070608663330523,0.017394701471140313,0.9948921620138276,1.0
IDPC_Reproduction_random/event_level_with_fes_phase_TRUE_RICCI.csv,control,distance_z,28,24,6,0.99999988062366,-0.001216934775390477,-0.00924353732509009,0.009323299444289468,-0.004784807007698669,-0.01785714285714293,0.018487074650180138,-0.010460472100480392,-0.02525381361380523,0.02733453088322064,0.9919733974503004,1.0
IDPC_Reproduction_random/event_level_with_fes_phase_TRUE_RICCI.csv,control,r_local,44,24,1,0.9999999989394134,-0.0007744130388848843,-0.005882251025057308,0.005933008737275099,-0.0030448771867173275,-0.01136363636363639,0.011764502050114612,-0.006656664063942005,-0.016070608663330523,0.017394701471140313,0.9948921620138276,1.0
IDPC_Reproduction_random/event_level_with_fes_phase_TRUE_RICCI.csv,control,r_local_z,28,24,6,0.99999988062366,-0.001216934775390477,-0.00924353732509009,0.009323299444289468,-0.004784807007698669,-0.01785714285714293,0.018487074650180138,-0.010460472100480392,-0.02525381361380523,0.02733453088322064,0.9919733974503004,1.0
IDPC_Reproduction_surrogate/Chapter3/ricci_eps72_restoring_test.csv,control,eps72_deg,624,24,23,0.0,0.9398831473988127,-0.1344645784942145,0.9494530286611998,0.7777674022785227,-0.22877524496975418,0.81071588411604,0.5607006416026044,-0.26015720371253925,0.6181156688979013,0.1945814310954017,0.0
IDPC_Reproduction_surrogate/Chapter3/ricci_eps72_restoring_test.csv,control,deps72_deg,624,24,0,0.0,0.9033878678197815,-0.1154608265856221,0.910736428501576,0.6681530650981138,-0.16517503106034184,0.6882668881224704,0.41309795506277025,-0.1385372149861607,0.4357091695307367,0.21207295876584054,0.0
IDPC_Reproduction_surrogate/Chapter3/ricci_phase_sync_summary.csv,control,circ_mean_deg,26,24,0,8.513214817421935e-43,0.9791205892020483,-0.13868571312424074,0.9888937532536776,0.9189348017466636,-0.26407790014555604,0.9561267213118072,0.8263569759322523,-0.3648185143937917,0.9033041570348219,0.15956512392219246,2.2088341147905557e-42
IDPC_Reproduction_surrogate/Chapter3/ricci_phase_sync_summary.csv,control,mean_abs_dpsi_deg,26,24,1,3.2299896949878442e-40,0.9075934295486324,0.386064622838784,0.9862919072807507,0.6586290635762363,0.6792405399170918,0.9461289312002737,0.32635697593225277,0.8197580191917215,0.8823333189723597,0.47847119329015153,8.15997396628508e-40
IDPC_Reproduction_surrogate_btc/Chapter3/ricci_eps72_restoring_test.csv,control,eps72_deg,624,24,23,0.0,0.9550966836029049,-0.11720837339196298,0.9622616472781492,0.8324384546979917,-0.2076008652885009,0.857934671247476,0.6632509269049255,-0.2553356941430657,0.7107025458964982,0.1621116897890581,0.0
IDPC_Reproduction_surrogate_btc/Chapter3/ricci_eps72_restoring_test.csv,control,deps72_deg,624,24,23,0.0,0.9221389250348455,-0.1255039456707636,0.9306403373179943,0.7299627115430705,-0.19691196628036337,0.7560554759458533,0.5132541644907482,-0.20265931964773096,0.5518157638262767,0.2033650206359181,0.0
IDPC_Reproduction_surrogate_btc/Chapter3/ricci_phase_sync_summary.csv,control,circ_mean_deg,26,24,0,9.910696545620857e-49,0.9855840034299903,-0.10950036523568221,0.991648202642366,0.9433184400626469,-0.21153846153846217,0.9667461921684951,0.8760836381943081,-0.29916056127123214,0.9257535214796074,0.12391636180569188,3.523803216220749e-48
IDPC_Reproduction_surrogate_btc/Chapter3/ricci_phase_sync_summary.csv,control,mean_abs_dpsi_deg,26,24,1,1.6874033242391754e-46,0.9468035180623382,0.28461245256703277,0.9886562344776074,0.7970166101667484,0.5267750931810242,0.9553677175190562,0.5777236646219734,0.6931082800065888,0.9023102129965804,0.3378089345046946,5.585886866446925e-46
IDPC_Reproduction_surrogate_spx/Chapter3/ricci_eps72_restoring_test.csv,control,eps72_deg,624,24,0,0.0,0.941964460576327,-0.10904005075085646,0.9482545953785829,0.7848217673244309,-0.1857936615151247,0.8065137885525825,0.5725823941064073,-0.21224134644232825,0.6106529187519516,0.16707559017452944,0.0
IDPC_Reproduction_surrogate_spx/Chapter3/ricci_eps72_restoring_test.csv,control,deps72_deg,624,24,0,0.0,0.8989504705829021,-0.11353423684045691,0.9060915911187821,0.6528711766608345,-0.17041212912513531,0.6747451867686529,0.3860487889466799,-0.1610064702428455,0.4182783175198763,0.21458376625755482,0.0
IDPC_Reproduction_surrogate_spx/Chapter3/ricci_phase_sync_summary.csv,control,circ_mean_deg,26,24,23,5.138306227166977e-45,0.9690766990585605,-0.17651509452786046,0.9850214349212992,0.8842454252602526,-0.32692307692307776,0.9427452839015095,0.7653651898696788,-0.4351426345763377,0.8804163709803934,0.20743839546929999,1.6442579926934328e-44
IDPC_Reproduction_surrogate_spx/Chapter3/ricci_phase_sync_summary.csv,control,mean_abs_dpsi_deg,26,24,2,5.254880188442361e-34,0.8776033880609138,0.41321480647291464,0.9700176199556599,0.5793145317881182,0.6778598328070053,0.8916833965450002,0.2401015648892033,0.7560328557497069,0.7932429895279891,0.5356114184120009,1.0966706480227535e-33
backups/mm_fullnb_derangement/event_level_with_fes_phase_TRUE_RICCI.csv,control,phase,237,24,12,3.719407894184431e-206,-0.04792201460298736,0.019609562770637547,0.05177889952156677,0.8979956634716424,-0.24513956207322124,0.9308542402048379,-0.04590160192590899,0.010698455299293985,0.047131878862990424,0.9716875481676502,1.6230143538259336e-205
backups/mm_fullnb_derangement/event_level_with_fes_phase_TRUE_RICCI.csv,control,phase_z,237,24,1,1.0,-0.00014377288485631413,-0.0010920634814452707,0.001101486854177694,-0.0005652936549180255,-0.002109704641350252,0.002184126962890522,-0.010186555115498196,0.005967145832797944,0.011805623003931658,0.999051709403411,1.0
backups/mm_fullnb_derangement/event_level_with_fes_phase_TRUE_RICCI.csv,control,phi,237,24,1,1.0,-0.00014377288485631413,-0.0010920634814452707,0.001101486854177694,-0.0005652936549180255,-0.002109704641350252,0.002184126962890522,-0.010186555115498196,0.005967145832797944,0.011805623003931658,0.999051709403411,1.0
backups/mm_fullnb_derangement/event_level_with_fes_phase_TRUE_RICCI.csv,control,dphi,237,24,1,1.0,-0.00014377288485631413,-0.0010920634814452707,0.001101486854177694,-0.0005652936549180255,-0.002109704641350252,0.002184126962890522,-0.010186555115498196,0.005967145832797944,0.011805623003931658,0.999051709403411,1.0
backups/mm_fullnb_derangement/event_level_with_fes_phase_TRUE_RICCI.csv,control,distance,237,24,1,1.0,-0.00014377288485631413,-0.0010920634814452707,0.001101486854177694,-0.0005652936549180255,-0.002109704641350252,0.002184126962890522,-0.010186555115498196,0.005967145832797944,0.011805623003931658,0.999051709403411,1.0
backups/mm_fullnb_derangement/event_level_with_fes_phase_TRUE_RICCI.csv,control,distance_z,237,24,1,1.0,-0.00014377288485631413,-0.0010920634814452707,0.001101486854177694,-0.0005652936549180255,-0.002109704641350252,0.002184126962890522,-0.010186555115498196,0.005967145832797944,0.011805623003931658,0.999051709403411,1.0
backups/mm_fullnb_derangement/event_level_with_fes_phase_TRUE_RICCI.csv,control,r_local,237,24,1,1.0,-0.00014377288485631413,-0.0010920634814452707,0.001101486854177694,-0.0005652936549180255,-0.002109704641350252,0.002184126962890522,-0.010186555115498196,0.005967145832797944,0.011805623003931658,0.999051709403411,1.0
backups/mm_fullnb_derangement/event_level_with_fes_phase_TRUE_RICCI.csv,control,r_local_z,237,24,1,1.0,-0.00014377288485631413,-0.0010920634814452707,0.001101486854177694,-0.0005652936549180255,-0.002109704641350252,0.002184126962890522,-0.010186555115498196,0.005967145832797944,0.011805623003931658,0.999051709403411,1.0
backups/mm_fullnb_random/event_level_with_fes_phase_TRUE_RICCI.csv,control,phase,223,24,12,1.073257889412456e-192,-0.014064110739209568,0.02107254995765503,0.025334789768273525,0.8968378709590002,-0.23646659554963673,0.9274883382539685,-0.01870660482176631,0.006341764853690759,0.019752342783002676,0.9929915607815545,4.121310295343831e-192
backups/mm_fullnb_random/event_level_with_fes_phase_TRUE_RICCI.csv,control,phase_z,221,24,4,0.9999999999999999,0.0006860302552967743,-0.0006860302552968769,0.0009701932912390476,-3.3658345090445926e-17,-0.0012124397847562461,0.0012124397847562461,-0.0013253086824137228,-0.0013253086824137345,0.0018742695130003122,0.9999999999999999,1.0
backups/mm_fullnb_random/event_level_with_fes_phase_TRUE_RICCI.csv,control,phi,223,24,3,0.9999999999999986,0.0003688893825092911,-0.0006389351528789204,0.0007377787650186846,-0.0006007829426707173,-0.0010405865810264008,0.001201565885341416,-0.004484304932735329,7.73163500124368e-17,0.004484304932735329,0.9997299542296304,1.0
backups/mm_fullnb_random/event_level_with_fes_phase_TRUE_RICCI.csv,control,dphi,223,24,3,0.9999999999999986,0.0003688893825092911,-0.0006389351528789204,0.0007377787650186846,-0.0006007829426707173,-0.0010405865810264008,0.001201565885341416,-0.004484304932735329,7.73163500124368e-17,0.004484304932735329,0.9997299542296304,1.0
backups/mm_fullnb_random/event_level_with_fes_phase_TRUE_RICCI.csv,control,distance,223,24,3,0.9999999999999986,0.0003688893825092911,-0.0006389351528789204,0.0007377787650186846,-0.0006007829426707173,-0.0010405865810264008,0.001201565885341416,-0.004484304932735329,7.73163500124368e-17,0.004484304932735329,0.9997299542296304,1.0
backups/mm_fullnb_random/event_level_with_fes_phase_TRUE_RICCI.csv,control,distance_z,221,24,4,0.9999999999999999,0.0006860302552967743,-0.0006860302552968769,0.0009701932912390476,-3.3658345090445926e-17,-0.0012124397847562461,0.0012124397847562461,-0.0013253086824137228,-0.0013253086824137345,0.0018742695130003122,0.9999999999999999,1.0
backups/mm_fullnb_random/event_level_with_fes_phase_TRUE_RICCI.csv,control,r_local,223,24,3,0.9999999999999986,0.0003688893825092911,-0.0006389351528789204,0.0007377787650186846,-0.0006007829426707173,-0.0010405865810264008,0.001201565885341416,-0.004484304932735329,7.73163500124368e-17,0.004484304932735329,0.9997299542296304,1.0
backups/mm_fullnb_random/event_level_with_fes_phase_TRUE_RICCI.csv,control,r_local_z,221,24,4,0.9999999999999999,0.0006860302552967743,-0.0006860302552968769,0.0009701932912390476,-3.3658345090445926e-17,-0.0012124397847562461,0.0012124397847562461,-0.0013253086824137228,-0.0013253086824137345,0.0018742695130003122,0.9999999999999999,1.0
backups/mm_fullnb_reverse/event_level_with_fes_phase_TRUE_RICCI.csv,control,phase,241,24,23,1.0555364580009854e-208,-0.004621057124852963,0.016062279009682694,0.01671379597626008,0.8833491704119101,-0.26804181000561594,0.9231208852466163,-0.01093792103452764,-0.0070834306273304,0.013031235782141482,0.9885587781151702,4.82530952229022e-208
backups/mm_fullnb_reverse/event_level_with_fes_phase_TRUE_RICCI.csv,control,phase_z,241,24,23,1.0,0.004007990980452497,-0.0010739379464835383,0.004149377593360943,0.00359346640574451,-0.0020746887966805456,0.004149377593360978,0.0029340530339691663,-0.002934053033969008,0.004149377593361011,0.997065946966031,1.0
backups/mm_fullnb_reverse/event_level_with_fes_phase_TRUE_RICCI.csv,control,phi,241,24,23,1.0,0.004007990980452497,-0.0010739379464835383,0.004149377593360943,0.00359346640574451,-0.0020746887966805456,0.004149377593360978,0.0029340530339691663,-0.002934053033969008,0.004149377593361011,0.997065946966031,1.0
backups/mm_fullnb_reverse/event_level_with_fes_phase_TRUE_RICCI.csv,control,dphi,241,24,23,1.0,0.004007990980452497,-0.0010739379464835383,0.004149377593360943,0.00359346640574451,-0.0020746887966805456,0.004149377593360978,0.0029340530339691663,-0.002934053033969008,0.004149377593361011,0.997065946966031,1.0
backups/mm_fullnb_reverse/event_level_with_fes_phase_TRUE_RICCI.csv,control,distance,241,24,23,1.0,0.004007990980452497,-0.0010739379464835383,0.004149377593360943,0.00359346640574451,-0.0020746887966805456,0.004149377593360978,0.0029340530339691663,-0.002934053033969008,0.004149377593361011,0.997065946966031,1.0
backups/mm_fullnb_reverse/event_level_with_fes_phase_TRUE_RICCI.csv,control,distance_z,241,24,23,1.0,0.004007990980452497,-0.0010739379464835383,0.004149377593360943,0.00359346640574451,-0.0020746887966805456,0.004149377593360978,0.0029340530339691663,-0.002934053033969008,0.004149377593361011,0.997065946966031,1.0
backups/mm_fullnb_reverse/event_level_with_fes_phase_TRUE_RICCI.csv,control,r_local,241,24,23,1.0,0.004007990980452497,-0.0010739379464835383,0.004149377593360943,0.00359346640574451,-0.0020746887966805456,0.004149377593360978,0.0029340530339691663,-0.002934053033969008,0.004149377593361011,0.997065946966031,1.0
backups/mm_fullnb_reverse/event_level_with_fes_phase_TRUE_RICCI.csv,control,r_local_z,241,24,23,1.0,0.004007990980452497,-0.0010739379464835383,0.004149377593360943,0.00359346640574451,-0.0020746887966805456,0.004149377593360978,0.0029340530339691663,-0.002934053033969008,0.004149377593361011,0.997065946966031,1.0
backups/mm_fullnb_shift1/event_level_with_fes_phase_TRUE_RICCI.csv,control,phase,223,24,12,4.756955502008169e-183,0.03344006869620292,0.0027398573521608244,0.03355212381827654,0.8928365039392098,-0.22689720274149516,0.9212162413778351,0.025141711739005104,-0.029307326932434055,0.03861379392253242,0.9692997886559579,1.7564143392030163e-182
backups/mm_fullnb_shift1/event_level_with_fes_phase_TRUE_RICCI.csv,control,phase_z,223,24,3,0.9999999999999986,0.0003688893825092911,-0.0006389351528789204,0.0007377787650186846,-0.0006007829426707173,-0.0010405865810264008,0.001201565885341416,-0.004484304932735329,7.73163500124368e-17,0.004484304932735329,0.9997299542296304,1.0
backups/mm_fullnb_shift1/event_level_with_fes_phase_TRUE_RICCI.csv,control,phi,223,24,3,0.9999999999999986,0.0003688893825092911,-0.0006389351528789204,0.0007377787650186846,-0.0006007829426707173,-0.0010405865810264008,0.001201565885341416,-0.004484304932735329,7.73163500124368e-17,0.004484304932735329,0.9997299542296304,1.0
backups/mm_fullnb_shift1/event_level_with_fes_phase_TRUE_RICCI.csv,control,dphi,223,24,3,0.9999999999999986,0.0003688893825092911,-0.0006389351528789204,0.0007377787650186846,-0.0006007829426707173,-0.0010405865810264008,0.001201565885341416,-0.004484304932735329,7.73163500124368e-17,0.004484304932735329,0.9997299542296304,1.0
backups/mm_fullnb_shift1/event_level_with_fes_phase_TRUE_RICCI.csv,control,distance,223,24,3,0.9999999999999986,0.0003688893825092911,-0.0006389351528789204,0.0007377787650186846,-0.0006007829426707173,-0.0010405865810264008,0.001201565885341416,-0.004484304932735329,7.73163500124368e-17,0.004484304932735329,0.9997299542296304,1.0
backups/mm_fullnb_shift1/event_level_with_fes_phase_TRUE_RICCI.csv,control,distance_z,223,24,3,0.9999999999999986,0.0003688893825092911,-0.0006389351528789204,0.0007377787650186846,-0.0006007829426707173,-0.0010405865810264008,0.001201565885341416,-0.004484304932735329,7.73163500124368e-17,0.004484304932735329,0.9997299542296304,1.0
backups/mm_fullnb_shift1/event_level_with_fes_phase_TRUE_RICCI.csv,control,r_local,223,24,3,0.9999999999999986,0.0003688893825092911,-0.0006389351528789204,0.0007377787650186846,-0.0006007829426707173,-0.0010405865810264008,0.001201565885341416,-0.004484304932735329,7.73163500124368e-17,0.004484304932735329,0.9997299542296304,1.0
backups/mm_fullnb_shift1/event_level_with_fes_phase_TRUE_RICCI.csv,control,r_local_z,223,24,3,0.9999999999999986,0.0003688893825092911,-0.0006389351528789204,0.0007377787650186846,-0.0006007829426707173,-0.0010405865810264008,0.001201565885341416,-0.004484304932735329,7.73163500124368e-17,0.004484304932735329,0.9997299542296304,1.0
backups/mm_original_state/Chapter3/ricci_eps72_restoring_test.csv,other,eps72_deg,650,24,22,0.0,0.9196272537043986,-0.16262348926138295,0.9338954358039455,0.7061488184659631,-0.2612691880658148,0.7529327609112555,0.43006565627826027,-0.2615892439830635,0.5033740172850417,0.24299623555698435,0.0
backups/mm_original_state/Chapter3/ricci_eps72_restoring_test.csv,other,deps72_deg,650,24,23,0.0,0.8695735608738694,-0.11890002963796521,0.8776647394186291,0.5578421316958473,-0.1733747308225161,0.5841631973881503,0.2382803861444747,-0.1553580862419954,0.2844532956074428,0.2493264687640958,0.0
backups/mm_original_state/Chapter3/ricci_phase_sync_summary.csv,other,circ_mean_deg,26,24,0,1.5530392132431694e-43,0.9804311343447765,-0.12873113446645146,0.9888462540625842,0.9240876708318776,-0.24484713091478674,0.9559749687626173,0.8376220997327697,-0.33762209973277063,0.9031054557407451,0.148300000121675,4.141437901981785e-43
backups/mm_original_state/Chapter3/ricci_phase_sync_summary.csv,other,mean_abs_dpsi_deg,26,24,2,1.192371156939532e-37,0.8485634952050464,0.5014129197166111,0.9856342736803249,0.45500488534316136,0.8265531175679455,0.9435144417800044,-0.027196414661021007,0.8760836381943086,0.8765056680262772,0.6528494245115647,2.6015370696862517e-37
backups/mm_original_state/event_level_with_fes_phase_TRUE_RICCI.csv,other,phase,226,24,12,2.1460546580220392e-197,-0.006408352814531131,0.028195624991295087,0.028914706542609993,0.8923217619687385,-0.2443896053432256,0.9251834445572464,0.004961594440529031,0.0156439553359853,0.016411909028098817,0.9782127278232361,8.584218632088157e-197
backups/mm_original_state/event_level_with_fes_phase_TRUE_RICCI.csv,other,phase_z,226,24,2,0.9999999999999923,-0.0001507706801369312,-0.0011452170137279973,0.0011550990461951843,0.0005928079478564328,-0.0001588424108949353,0.0006137199479735612,-0.0012959876938647462,-0.003128791067197041,0.003386579047478571,0.999005553666409,1.0
backups/mm_original_state/event_level_with_fes_phase_TRUE_RICCI.csv,other,phi,226,24,2,0.9999999999999923,-0.0001507706801369312,-0.0011452170137279973,0.0011550990461951843,0.0005928079478564328,-0.0001588424108949353,0.0006137199479735612,-0.0012959876938647462,-0.003128791067197041,0.003386579047478571,0.999005553666409,1.0
backups/mm_original_state/event_level_with_fes_phase_TRUE_RICCI.csv,other,dphi,226,24,2,0.9999999999999923,-0.0001507706801369312,-0.0011452170137279973,0.0011550990461951843,0.0005928079478564328,-0.0001588424108949353,0.0006137199479735612,-0.0012959876938647462,-0.003128791067197041,0.003386579047478571,0.999005553666409,1.0
backups/mm_original_state/event_level_with_fes_phase_TRUE_RICCI.csv,other,distance,226,24,2,0.9999999999999923,-0.0001507706801369312,-0.0011452170137279973,0.0011550990461951843,0.0005928079478564328,-0.0001588424108949353,0.0006137199479735612,-0.0012959876938647462,-0.003128791067197041,0.003386579047478571,0.999005553666409,1.0
backups/mm_original_state/event_level_with_fes_phase_TRUE_RICCI.csv,other,distance_z,226,24,2,0.9999999999999923,-0.0001507706801369312,-0.0011452170137279973,0.0011550990461951843,0.0005928079478564328,-0.0001588424108949353,0.0006137199479735612,-0.0012959876938647462,-0.003128791067197041,0.003386579047478571,0.999005553666409,1.0
backups/mm_original_state/event_level_with_fes_phase_TRUE_RICCI.csv,other,r_local,226,24,2,0.9999999999999923,-0.0001507706801369312,-0.0011452170137279973,0.0011550990461951843,0.0005928079478564328,-0.0001588424108949353,0.0006137199479735612,-0.0012959876938647462,-0.003128791067197041,0.003386579047478571,0.999005553666409,1.0
backups/mm_original_state/event_level_with_fes_phase_TRUE_RICCI.csv,other,r_local_z,226,24,2,0.9999999999999923,-0.0001507706801369312,-0.0011452170137279973,0.0011550990461951843,0.0005928079478564328,-0.0001588424108949353,0.0006137199479735612,-0.0012959876938647462,-0.003128791067197041,0.003386579047478571,0.999005553666409,1.0
