source_file,condition,column,n_values,lift_overlap_score_8_12_24,entropy_deficit_D8,entropy_deficit_D12,entropy_deficit_D24,raw_p_vs_uniform_phase,fdr_q_vs_uniform_phase
IDPC_Reproduction/Chapter3/ricci_eps72_restoring_test.csv,observed,eps72_deg,650,2.8366940315210374,1.3900102085160846,1.3774155865248359,1.481595028434747,0.000999000999000999,0.002040512678810551
IDPC_Reproduction/Chapter3/ricci_eps72_restoring_test.csv,observed,deps72_deg,650,1.1941368571130635,0.9886766749767171,1.075662975194966,1.1228547860753904,0.000999000999000999,0.002040512678810551
IDPC_Reproduction/Chapter3/ricci_phase_sync_summary.csv,observed,circ_mean_deg,26,5.872986808600011,1.3892558656610317,1.7947209737691963,2.3554823159955287,0.000999000999000999,0.002040512678810551
IDPC_Reproduction/Chapter3/ricci_phase_sync_summary.csv,observed,mean_abs_dpsi_deg,26,6.773143733722759,1.539237399290975,1.9953547561650715,2.205284192098463,0.000999000999000999,0.002040512678810551
IDPC_Reproduction/event_level_with_fes_phase_TRUE_RICCI.csv,observed,phase,226,0.9546347156332877,0.6169119842722706,0.9863547270092006,1.568848064748607,0.000999000999000999,0.002040512678810551
IDPC_Reproduction/event_level_with_fes_phase_TRUE_RICCI.csv,observed,phase_z,226,3.1545089580092463e-11,0.00011678952546878563,0.00019815195768613236,0.0013631056056078172,1.0,1.0
IDPC_Reproduction/event_level_with_fes_phase_TRUE_RICCI.csv,observed,phi,226,3.1545089580092463e-11,0.00011678952546878563,0.00019815195768613236,0.0013631056056078172,1.0,1.0
IDPC_Reproduction/event_level_with_fes_phase_TRUE_RICCI.csv,observed,dphi,226,3.1545089580092463e-11,0.00011678952546878563,0.00019815195768613236,0.0013631056056078172,1.0,1.0
IDPC_Reproduction/event_level_with_fes_phase_TRUE_RICCI.csv,observed,distance,226,3.1545089580092463e-11,0.00011678952546878563,0.00019815195768613236,0.0013631056056078172,1.0,1.0
IDPC_Reproduction/event_level_with_fes_phase_TRUE_RICCI.csv,observed,distance_z,226,3.1545089580092463e-11,0.00011678952546878563,0.00019815195768613236,0.0013631056056078172,1.0,1.0
IDPC_Reproduction/event_level_with_fes_phase_TRUE_RICCI.csv,observed,r_local,226,3.1545089580092463e-11,0.00011678952546878563,0.00019815195768613236,0.0013631056056078172,1.0,1.0
IDPC_Reproduction/event_level_with_fes_phase_TRUE_RICCI.csv,observed,r_local_z,226,3.1545089580092463e-11,0.00011678952546878563,0.00019815195768613236,0.0013631056056078172,1.0,1.0
IDPC_Reproduction_mm_derangement/Chapter3/ricci_eps72_restoring_test.csv,control,eps72_deg,650,2.8366940315210374,1.3900102085160846,1.3774155865248359,1.481595028434747,0.000999000999000999,0.002040512678810551
IDPC_Reproduction_mm_derangement/Chapter3/ricci_eps72_restoring_test.csv,control,deps72_deg,650,1.1941368571130635,0.9886766749767171,1.075662975194966,1.1228547860753904,0.000999000999000999,0.002040512678810551
IDPC_Reproduction_mm_derangement/Chapter3/ricci_phase_sync_summary.csv,control,circ_mean_deg,26,5.872986808600011,1.3892558656610317,1.7947209737691963,2.3554823159955287,0.000999000999000999,0.002040512678810551
IDPC_Reproduction_mm_derangement/Chapter3/ricci_phase_sync_summary.csv,control,mean_abs_dpsi_deg,26,6.773143733722759,1.539237399290975,1.9953547561650715,2.205284192098463,0.000999000999000999,0.002040512678810551
IDPC_Reproduction_mm_random/Chapter3/ricci_eps72_restoring_test.csv,control,eps72_deg,650,2.8366940315210374,1.3900102085160846,1.3774155865248359,1.481595028434747,0.000999000999000999,0.002040512678810551
IDPC_Reproduction_mm_random/Chapter3/ricci_eps72_restoring_test.csv,control,deps72_deg,650,1.1941368571130635,0.9886766749767171,1.075662975194966,1.1228547860753904,0.000999000999000999,0.002040512678810551
IDPC_Reproduction_mm_random/Chapter3/ricci_phase_sync_summary.csv,control,circ_mean_deg,26,5.872986808600011,1.3892558656610317,1.7947209737691963,2.3554823159955287,0.000999000999000999,0.002040512678810551
IDPC_Reproduction_mm_random/Chapter3/ricci_phase_sync_summary.csv,control,mean_abs_dpsi_deg,26,6.773143733722759,1.539237399290975,1.9953547561650715,2.205284192098463,0.000999000999000999,0.002040512678810551
IDPC_Reproduction_mm_reverse/Chapter3/ricci_eps72_restoring_test.csv,control,eps72_deg,650,2.8366940315210374,1.3900102085160846,1.3774155865248359,1.481595028434747,0.000999000999000999,0.002040512678810551
IDPC_Reproduction_mm_reverse/Chapter3/ricci_eps72_restoring_test.csv,control,deps72_deg,650,1.1941368571130635,0.9886766749767171,1.075662975194966,1.1228547860753904,0.000999000999000999,0.002040512678810551
IDPC_Reproduction_mm_reverse/Chapter3/ricci_phase_sync_summary.csv,control,circ_mean_deg,26,5.872986808600011,1.3892558656610317,1.7947209737691963,2.3554823159955287,0.000999000999000999,0.002040512678810551
IDPC_Reproduction_mm_reverse/Chapter3/ricci_phase_sync_summary.csv,control,mean_abs_dpsi_deg,26,6.773143733722759,1.539237399290975,1.9953547561650715,2.205284192098463,0.000999000999000999,0.002040512678810551
IDPC_Reproduction_mm_shift1/Chapter3/ricci_eps72_restoring_test.csv,control,eps72_deg,650,2.8366940315210374,1.3900102085160846,1.3774155865248359,1.481595028434747,0.000999000999000999,0.002040512678810551
IDPC_Reproduction_mm_shift1/Chapter3/ricci_eps72_restoring_test.csv,control,deps72_deg,650,1.1941368571130635,0.9886766749767171,1.075662975194966,1.1228547860753904,0.000999000999000999,0.002040512678810551
IDPC_Reproduction_mm_shift1/Chapter3/ricci_phase_sync_summary.csv,control,circ_mean_deg,26,5.872986808600011,1.3892558656610317,1.7947209737691963,2.3554823159955287,0.000999000999000999,0.002040512678810551
IDPC_Reproduction_mm_shift1/Chapter3/ricci_phase_sync_summary.csv,control,mean_abs_dpsi_deg,26,6.773143733722759,1.539237399290975,1.9953547561650715,2.205284192098463,0.000999000999000999,0.002040512678810551
IDPC_Reproduction_random/Chapter3/ricci_eps72_restoring_test.csv,control,eps72_deg,623,2.696297656057791,1.3869759904650605,1.3363593317108446,1.454707374067727,0.000999000999000999,0.002040512678810551
IDPC_Reproduction_random/Chapter3/ricci_eps72_restoring_test.csv,control,deps72_deg,623,1.008916745949555,0.9433264395284775,1.0108894703394251,1.058009703009982,0.000999000999000999,0.002040512678810551
IDPC_Reproduction_random/Chapter3/ricci_phase_sync_summary.csv,control,circ_mean_deg,26,6.203067946080408,1.3892558656610317,1.7947209737691963,2.4878681543291417,0.000999000999000999,0.002040512678810551
IDPC_Reproduction_random/Chapter3/ricci_phase_sync_summary.csv,control,mean_abs_dpsi_deg,26,5.9527550241616485,1.4344083900038016,1.96907052868526,2.107579285174796,0.000999000999000999,0.002040512678810551
IDPC_Reproduction_random/event_level_with_fes_phase_TRUE_RICCI.csv,control,phase,44,1.041028312388657,0.6785171436011594,1.0004833789384255,1.533528451219108,0.000999000999000999,0.002040512678810551
IDPC_Reproduction_random/event_level_with_fes_phase_TRUE_RICCI.csv,control,phase_z,28,8.817403316325743e-06,0.0102390758594737,0.019620080790526906,0.04389137176129809,1.0,1.0
IDPC_Reproduction_random/event_level_with_fes_phase_TRUE_RICCI.csv,control,phi,44,8.492960092424727e-07,0.00413794208328655,0.008552629957325752,0.02399799693872584,1.0,1.0
IDPC_Reproduction_random/event_level_with_fes_phase_TRUE_RICCI.csv,control,dphi,44,8.492960092424727e-07,0.00413794208328655,0.008552629957325752,0.02399799693872584,1.0,1.0
IDPC_Reproduction_random/event_level_with_fes_phase_TRUE_RICCI.csv,control,distance,44,8.492960092424727e-07,0.00413794208328655,0.008552629957325752,0.02399799693872584,1.0,1.0
IDPC_Reproduction_random/event_level_with_fes_phase_TRUE_RICCI.csv,control,distance_z,28,8.817403316325743e-06,0.0102390758594737,0.019620080790526906,0.04389137176129809,1.0,1.0
IDPC_Reproduction_random/event_level_with_fes_phase_TRUE_RICCI.csv,control,r_local,44,8.492960092424727e-07,0.00413794208328655,0.008552629957325752,0.02399799693872584,1.0,1.0
IDPC_Reproduction_random/event_level_with_fes_phase_TRUE_RICCI.csv,control,r_local_z,28,8.817403316325743e-06,0.0102390758594737,0.019620080790526906,0.04389137176129809,1.0,1.0
IDPC_Reproduction_surrogate/Chapter3/ricci_eps72_restoring_test.csv,control,eps72_deg,624,3.153461385682578,1.3867104691342445,1.4478608851201833,1.5706336131153553,0.000999000999000999,0.002040512678810551
IDPC_Reproduction_surrogate/Chapter3/ricci_eps72_restoring_test.csv,control,deps72_deg,624,1.7294958138634184,1.1349149339799625,1.1995807322876937,1.2703597434118497,0.000999000999000999,0.002040512678810551
IDPC_Reproduction_surrogate/Chapter3/ricci_phase_sync_summary.csv,control,circ_mean_deg,26,5.835470195781334,1.3862943611198904,1.791759469228055,2.3493119632670787,0.000999000999000999,0.002040512678810551
IDPC_Reproduction_surrogate/Chapter3/ricci_phase_sync_summary.csv,control,mean_abs_dpsi_deg,26,7.39903253036307,1.8082521686379915,1.7947209737691963,2.279916827160078,0.000999000999000999,0.002040512678810551
IDPC_Reproduction_surrogate_btc/Chapter3/ricci_eps72_restoring_test.csv,control,eps72_deg,624,3.6441673338709726,1.386376546145865,1.528727425743973,1.7194401009175087,0.000999000999000999,0.002040512678810551
IDPC_Reproduction_surrogate_btc/Chapter3/ricci_eps72_restoring_test.csv,control,deps72_deg,624,2.18805304337174,1.1952597351683842,1.296590314156426,1.4118637360597526,0.000999000999000999,0.002040512678810551
IDPC_Reproduction_surrogate_btc/Chapter3/ricci_phase_sync_summary.csv,control,circ_mean_deg,26,6.296417979681118,1.3981758120166317,1.8036409201247963,2.496788100684742,0.000999000999000999,0.002040512678810551
IDPC_Reproduction_surrogate_btc/Chapter3/ricci_phase_sync_summary.csv,control,mean_abs_dpsi_deg,26,9.352271298366784,2.0794415416798357,1.9447025073991395,2.3126888511852455,0.000999000999000999,0.002040512678810551
IDPC_Reproduction_surrogate_spx/Chapter3/ricci_eps72_restoring_test.csv,control,eps72_deg,624,3.1015805762634803,1.3869159971731158,1.4305002281297594,1.5633095442654996,0.000999000999000999,0.002040512678810551
IDPC_Reproduction_surrogate_spx/Chapter3/ricci_eps72_restoring_test.csv,control,deps72_deg,624,1.6088438167601131,1.1073263547511814,1.1697740975734974,1.2420419054771594,0.000999000999000999,0.002040512678810551
IDPC_Reproduction_surrogate_spx/Chapter3/ricci_phase_sync_summary.csv,control,circ_mean_deg,26,5.604126844276637,1.4131630992651596,1.6747564174001186,2.3679035979600638,0.000999000999000999,0.002040512678810551
IDPC_Reproduction_surrogate_spx/Chapter3/ricci_phase_sync_summary.csv,control,mean_abs_dpsi_deg,26,6.160138702137575,1.8082521686379915,1.6747564174001184,2.0341353426792406,0.000999000999000999,0.002040512678810551
backups/mm_fullnb_derangement/event_level_with_fes_phase_TRUE_RICCI.csv,control,phase,237,1.0017643733798707,0.636679383190558,1.0132029627939572,1.5529173583886522,0.000999000999000999,0.002040512678810551
backups/mm_fullnb_derangement/event_level_with_fes_phase_TRUE_RICCI.csv,control,phase_z,237,1.8688022308266715e-11,0.0001339088069265415,0.00024242026555088003,0.000575685486348565,1.0,1.0
backups/mm_fullnb_derangement/event_level_with_fes_phase_TRUE_RICCI.csv,control,phi,237,1.8688022308266715e-11,0.0001339088069265415,0.00024242026555088003,0.000575685486348565,1.0,1.0
backups/mm_fullnb_derangement/event_level_with_fes_phase_TRUE_RICCI.csv,control,dphi,237,1.8688022308266715e-11,0.0001339088069265415,0.00024242026555088003,0.000575685486348565,1.0,1.0
backups/mm_fullnb_derangement/event_level_with_fes_phase_TRUE_RICCI.csv,control,distance,237,1.8688022308266715e-11,0.0001339088069265415,0.00024242026555088003,0.000575685486348565,1.0,1.0
backups/mm_fullnb_derangement/event_level_with_fes_phase_TRUE_RICCI.csv,control,distance_z,237,1.8688022308266715e-11,0.0001339088069265415,0.00024242026555088003,0.000575685486348565,1.0,1.0
backups/mm_fullnb_derangement/event_level_with_fes_phase_TRUE_RICCI.csv,control,r_local,237,1.8688022308266715e-11,0.0001339088069265415,0.00024242026555088003,0.000575685486348565,1.0,1.0
backups/mm_fullnb_derangement/event_level_with_fes_phase_TRUE_RICCI.csv,control,r_local_z,237,1.8688022308266715e-11,0.0001339088069265415,0.00024242026555088003,0.000575685486348565,1.0,1.0
backups/mm_fullnb_random/event_level_with_fes_phase_TRUE_RICCI.csv,control,phase,223,0.9755949416966759,0.6158769684136289,1.0151255098800003,1.560471477284584,0.000999000999000999,0.002040512678810551
backups/mm_fullnb_random/event_level_with_fes_phase_TRUE_RICCI.csv,control,phase_z,221,5.244107620022161e-11,0.00015403279049541752,0.00035727187082956746,0.000952926903476925,1.0,1.0
backups/mm_fullnb_random/event_level_with_fes_phase_TRUE_RICCI.csv,control,phi,223,2.9570479582949326e-11,7.102302894024248e-05,0.0003530058605791808,0.0011794438296424126,1.0,1.0
backups/mm_fullnb_random/event_level_with_fes_phase_TRUE_RICCI.csv,control,dphi,223,2.9570479582949326e-11,7.102302894024248e-05,0.0003530058605791808,0.0011794438296424126,1.0,1.0
backups/mm_fullnb_random/event_level_with_fes_phase_TRUE_RICCI.csv,control,distance,223,2.9570479582949326e-11,7.102302894024248e-05,0.0003530058605791808,0.0011794438296424126,1.0,1.0
backups/mm_fullnb_random/event_level_with_fes_phase_TRUE_RICCI.csv,control,distance_z,221,5.244107620022161e-11,0.00015403279049541752,0.00035727187082956746,0.000952926903476925,1.0,1.0
backups/mm_fullnb_random/event_level_with_fes_phase_TRUE_RICCI.csv,control,r_local,223,2.9570479582949326e-11,7.102302894024248e-05,0.0003530058605791808,0.0011794438296424126,1.0,1.0
backups/mm_fullnb_random/event_level_with_fes_phase_TRUE_RICCI.csv,control,r_local_z,221,5.244107620022161e-11,0.00015403279049541752,0.00035727187082956746,0.000952926903476925,1.0,1.0
backups/mm_fullnb_reverse/event_level_with_fes_phase_TRUE_RICCI.csv,control,phase,241,0.9334051182972917,0.6240667210588202,0.9735394803490891,1.536333801048044,0.000999000999000999,0.002040512678810551
backups/mm_fullnb_reverse/event_level_with_fes_phase_TRUE_RICCI.csv,control,phase_z,241,1.0733563021505366e-12,5.9767890807638224e-05,9.34149449385302e-05,0.00019224702082842882,1.0,1.0
backups/mm_fullnb_reverse/event_level_with_fes_phase_TRUE_RICCI.csv,control,phi,241,1.0733563021505366e-12,5.9767890807638224e-05,9.34149449385302e-05,0.00019224702082842882,1.0,1.0
backups/mm_fullnb_reverse/event_level_with_fes_phase_TRUE_RICCI.csv,control,dphi,241,1.0733563021505366e-12,5.9767890807638224e-05,9.34149449385302e-05,0.00019224702082842882,1.0,1.0
backups/mm_fullnb_reverse/event_level_with_fes_phase_TRUE_RICCI.csv,control,distance,241,1.0733563021505366e-12,5.9767890807638224e-05,9.34149449385302e-05,0.00019224702082842882,1.0,1.0
backups/mm_fullnb_reverse/event_level_with_fes_phase_TRUE_RICCI.csv,control,distance_z,241,1.0733563021505366e-12,5.9767890807638224e-05,9.34149449385302e-05,0.00019224702082842882,1.0,1.0
backups/mm_fullnb_reverse/event_level_with_fes_phase_TRUE_RICCI.csv,control,r_local,241,1.0733563021505366e-12,5.9767890807638224e-05,9.34149449385302e-05,0.00019224702082842882,1.0,1.0
backups/mm_fullnb_reverse/event_level_with_fes_phase_TRUE_RICCI.csv,control,r_local_z,241,1.0733563021505366e-12,5.9767890807638224e-05,9.34149449385302e-05,0.00019224702082842882,1.0,1.0
backups/mm_fullnb_shift1/event_level_with_fes_phase_TRUE_RICCI.csv,control,phase,223,0.9035318223041984,0.6367982976896944,0.962416087961619,1.4742756246291135,0.000999000999000999,0.002040512678810551
backups/mm_fullnb_shift1/event_level_with_fes_phase_TRUE_RICCI.csv,control,phase_z,223,2.9570479582949326e-11,7.102302894024248e-05,0.0003530058605791808,0.0011794438296424126,1.0,1.0
backups/mm_fullnb_shift1/event_level_with_fes_phase_TRUE_RICCI.csv,control,phi,223,2.9570479582949326e-11,7.102302894024248e-05,0.0003530058605791808,0.0011794438296424126,1.0,1.0
backups/mm_fullnb_shift1/event_level_with_fes_phase_TRUE_RICCI.csv,control,dphi,223,2.9570479582949326e-11,7.102302894024248e-05,0.0003530058605791808,0.0011794438296424126,1.0,1.0
backups/mm_fullnb_shift1/event_level_with_fes_phase_TRUE_RICCI.csv,control,distance,223,2.9570479582949326e-11,7.102302894024248e-05,0.0003530058605791808,0.0011794438296424126,1.0,1.0
backups/mm_fullnb_shift1/event_level_with_fes_phase_TRUE_RICCI.csv,control,distance_z,223,2.9570479582949326e-11,7.102302894024248e-05,0.0003530058605791808,0.0011794438296424126,1.0,1.0
backups/mm_fullnb_shift1/event_level_with_fes_phase_TRUE_RICCI.csv,control,r_local,223,2.9570479582949326e-11,7.102302894024248e-05,0.0003530058605791808,0.0011794438296424126,1.0,1.0
backups/mm_fullnb_shift1/event_level_with_fes_phase_TRUE_RICCI.csv,control,r_local_z,223,2.9570479582949326e-11,7.102302894024248e-05,0.0003530058605791808,0.0011794438296424126,1.0,1.0
backups/mm_original_state/Chapter3/ricci_eps72_restoring_test.csv,other,eps72_deg,650,2.8366940315210374,1.3900102085160846,1.3774155865248359,1.481595028434747,0.000999000999000999,0.002040512678810551
backups/mm_original_state/Chapter3/ricci_eps72_restoring_test.csv,other,deps72_deg,650,1.1941368571130635,0.9886766749767171,1.075662975194966,1.1228547860753904,0.000999000999000999,0.002040512678810551
backups/mm_original_state/Chapter3/ricci_phase_sync_summary.csv,other,circ_mean_deg,26,5.872986808600011,1.3892558656610317,1.7947209737691963,2.3554823159955287,0.000999000999000999,0.002040512678810551
backups/mm_original_state/Chapter3/ricci_phase_sync_summary.csv,other,mean_abs_dpsi_deg,26,6.773143733722759,1.539237399290975,1.9953547561650715,2.205284192098463,0.000999000999000999,0.002040512678810551
backups/mm_original_state/event_level_with_fes_phase_TRUE_RICCI.csv,other,phase,226,0.9546347156332877,0.6169119842722706,0.9863547270092006,1.568848064748607,0.000999000999000999,0.002040512678810551
backups/mm_original_state/event_level_with_fes_phase_TRUE_RICCI.csv,other,phase_z,226,3.1545089580092463e-11,0.00011678952546878563,0.00019815195768613236,0.0013631056056078172,1.0,1.0
backups/mm_original_state/event_level_with_fes_phase_TRUE_RICCI.csv,other,phi,226,3.1545089580092463e-11,0.00011678952546878563,0.00019815195768613236,0.0013631056056078172,1.0,1.0
backups/mm_original_state/event_level_with_fes_phase_TRUE_RICCI.csv,other,dphi,226,3.1545089580092463e-11,0.00011678952546878563,0.00019815195768613236,0.0013631056056078172,1.0,1.0
backups/mm_original_state/event_level_with_fes_phase_TRUE_RICCI.csv,other,distance,226,3.1545089580092463e-11,0.00011678952546878563,0.00019815195768613236,0.0013631056056078172,1.0,1.0
backups/mm_original_state/event_level_with_fes_phase_TRUE_RICCI.csv,other,distance_z,226,3.1545089580092463e-11,0.00011678952546878563,0.00019815195768613236,0.0013631056056078172,1.0,1.0
backups/mm_original_state/event_level_with_fes_phase_TRUE_RICCI.csv,other,r_local,226,3.1545089580092463e-11,0.00011678952546878563,0.00019815195768613236,0.0013631056056078172,1.0,1.0
backups/mm_original_state/event_level_with_fes_phase_TRUE_RICCI.csv,other,r_local_z,226,3.1545089580092463e-11,0.00011678952546878563,0.00019815195768613236,0.0013631056056078172,1.0,1.0
