mode,weight_endpoint,readout,control_kind,mean_relative_to_q,mean_q_to_relative,mean_readout_asymmetry,mean_abs_readout_asymmetry,p_asymmetry_two_sided,dominant_direction,n_events
combined_c_fes_gmr72,z_reward,q_residual,true_intersection,-0.6057066666243887,-0.588035911468895,0.017670755155493684,0.36928407944770303,0.5022995400919816,Qresidual_to_Relative,502
combined_c_fes_gmr72,z_reward,q_residual,random_intersection,-0.5832402788969818,-0.6228507311122405,-0.03961045221525868,0.3889666830794542,0.13877224555088982,Relative_to_Qresidual,502
combined_c_fes_gmr72,z_reward,q_residual,balanced_intersection,-0.6025528223224285,-0.6028232586569008,-0.0002704363344723494,0.34646095079881867,0.9894021195760848,Relative_to_Qresidual,502
combined_c_fes_gmr72,z_reward,q_residual,performance_matched_intersection,-0.5982211135825001,-0.600987763174912,-0.002766649592412018,0.36254047153314245,0.906618676264747,Relative_to_Qresidual,502
combined_c_fes_gmr72,z_reward,q_residual,shuffled_c_intersection,-0.599909697567105,-0.6005838006159732,-0.0006741030488682819,0.3647685667430335,0.9798040391921615,Relative_to_Qresidual,502
combined_c_fes_gmr72,z_reward,q_residual,phase_rotated_intersection,-0.5739592120930199,-0.5810693064136864,-0.007110094320666308,0.3298102330159268,0.7400519896020796,Relative_to_Qresidual,502
combined_c_fes_gmr72,rank_reward,q_residual,true_intersection,-0.606592336126333,-0.5852846254428552,0.021307710683477758,0.37020954527999655,0.41051789642071584,Qresidual_to_Relative,502
combined_c_fes_gmr72,rank_reward,q_residual,random_intersection,-0.5832402788969818,-0.6228507311122405,-0.03961045221525868,0.3889666830794542,0.14037192561487702,Relative_to_Qresidual,502
combined_c_fes_gmr72,rank_reward,q_residual,balanced_intersection,-0.6025528223224285,-0.6028232586569008,-0.0002704363344723494,0.34646095079881867,0.991001799640072,Relative_to_Qresidual,502
combined_c_fes_gmr72,rank_reward,q_residual,performance_matched_intersection,-0.5940767867339856,-0.5973586704625398,-0.0032818837285541495,0.38750277685979795,0.9030193961207759,Relative_to_Qresidual,502
combined_c_fes_gmr72,rank_reward,q_residual,shuffled_c_intersection,-0.6008636633312163,-0.6026062909808582,-0.0017426276496419417,0.3658419914051011,0.9454109178164367,Relative_to_Qresidual,502
combined_c_fes_gmr72,rank_reward,q_residual,phase_rotated_intersection,-0.5758224324576765,-0.5828705666303204,-0.007048134172644006,0.3311003759267189,0.749250149970006,Relative_to_Qresidual,502
combined_c_fes_gmr72,gmr72_bridge_composite,q_residual,true_intersection,-0.6029497336656425,-0.6043712490083883,-0.0014215153427459448,0.3660845198226487,0.9524095180963807,Relative_to_Qresidual,502
combined_c_fes_gmr72,gmr72_bridge_composite,q_residual,random_intersection,-0.5832402788969818,-0.6228507311122405,-0.03961045221525868,0.3889666830794542,0.13257348530293941,Relative_to_Qresidual,502
combined_c_fes_gmr72,gmr72_bridge_composite,q_residual,balanced_intersection,-0.6025528223224285,-0.6028232586569008,-0.0002704363344723494,0.34646095079881867,0.9892021595680864,Relative_to_Qresidual,502
combined_c_fes_gmr72,gmr72_bridge_composite,q_residual,performance_matched_intersection,-0.5997412612842729,-0.607636106960745,-0.007894845676472114,0.28352353007479547,0.6792641471705659,Relative_to_Qresidual,502
combined_c_fes_gmr72,gmr72_bridge_composite,q_residual,shuffled_c_intersection,-0.6001394362486926,-0.6035570158190479,-0.00341757957035513,0.3695433426105578,0.8952209558088382,Relative_to_Qresidual,502
combined_c_fes_gmr72,gmr72_bridge_composite,q_residual,phase_rotated_intersection,-0.5795753784130291,-0.5818695049453733,-0.0022941265323441888,0.3501521815344138,0.9260147970405919,Relative_to_Qresidual,502
gmr72_phase_conditioned,z_reward,q_residual,true_intersection,-0.6133996426644138,-0.5847807516310607,0.02861889103335308,0.40380124926252053,0.27754449110177964,Qresidual_to_Relative,502
gmr72_phase_conditioned,z_reward,q_residual,random_intersection,-0.5879778640624971,-0.6192790168350037,-0.03130115277250666,0.37907727799371904,0.20615876824635074,Relative_to_Qresidual,502
gmr72_phase_conditioned,z_reward,q_residual,balanced_intersection,-0.6025528223224285,-0.6028232586569008,-0.0002704363344723494,0.34646095079881867,0.9892021595680864,Relative_to_Qresidual,502
gmr72_phase_conditioned,z_reward,q_residual,performance_matched_intersection,-0.5982211135825001,-0.600987763174912,-0.002766649592412018,0.36254047153314245,0.9156168766246751,Relative_to_Qresidual,502
gmr72_phase_conditioned,z_reward,q_residual,shuffled_c_intersection,-0.6046155973828674,-0.6061187275294132,-0.0015031301465458823,0.38204239410145846,0.9482103579284143,Relative_to_Qresidual,502
gmr72_phase_conditioned,z_reward,q_residual,phase_rotated_intersection,-0.6087576416530618,-0.5951089524897739,0.013648689163287835,0.31048145000577226,0.5016996600679864,Qresidual_to_Relative,502
gmr72_phase_conditioned,rank_reward,q_residual,true_intersection,-0.6086809003054032,-0.579689825363106,0.028991074942297267,0.3977152771481592,0.27334533093381325,Qresidual_to_Relative,502
gmr72_phase_conditioned,rank_reward,q_residual,random_intersection,-0.5879778640624971,-0.6192790168350037,-0.03130115277250666,0.37907727799371904,0.19796040791841632,Relative_to_Qresidual,502
gmr72_phase_conditioned,rank_reward,q_residual,balanced_intersection,-0.6025528223224285,-0.6028232586569008,-0.0002704363344723494,0.34646095079881867,0.9944011197760448,Relative_to_Qresidual,502
gmr72_phase_conditioned,rank_reward,q_residual,performance_matched_intersection,-0.5940767867339856,-0.5973586704625398,-0.0032818837285541495,0.38750277685979795,0.8960207958408318,Relative_to_Qresidual,502
gmr72_phase_conditioned,rank_reward,q_residual,shuffled_c_intersection,-0.6025657505274188,-0.6018609817343537,0.0007047687930651416,0.37511475240030584,0.9782043591281744,Qresidual_to_Relative,502
gmr72_phase_conditioned,rank_reward,q_residual,phase_rotated_intersection,-0.6109358480934034,-0.6045015210598903,0.0064343270335130535,0.3072369319375489,0.737252549490102,Qresidual_to_Relative,502
gmr72_phase_conditioned,gmr72_bridge_composite,q_residual,true_intersection,-0.6077193035265527,-0.5996710771639406,0.0080482263626121,0.3640978868981687,0.7258548290341932,Qresidual_to_Relative,502
gmr72_phase_conditioned,gmr72_bridge_composite,q_residual,random_intersection,-0.5879778640624971,-0.6192790168350037,-0.03130115277250666,0.37907727799371904,0.20655868826234752,Relative_to_Qresidual,502
gmr72_phase_conditioned,gmr72_bridge_composite,q_residual,balanced_intersection,-0.6025528223224285,-0.6028232586569008,-0.0002704363344723494,0.34646095079881867,0.991001799640072,Relative_to_Qresidual,502
gmr72_phase_conditioned,gmr72_bridge_composite,q_residual,performance_matched_intersection,-0.5997412612842729,-0.607636106960745,-0.007894845676472114,0.28352353007479547,0.6616676664667066,Relative_to_Qresidual,502
gmr72_phase_conditioned,gmr72_bridge_composite,q_residual,shuffled_c_intersection,-0.6053264984790518,-0.6039122855007175,0.001414212978334292,0.3558404350894114,0.9476104779044191,Qresidual_to_Relative,502
gmr72_phase_conditioned,gmr72_bridge_composite,q_residual,phase_rotated_intersection,-0.6026735476006636,-0.5920383386378569,0.010635208962806626,0.34300903248241577,0.6150769846030794,Qresidual_to_Relative,502
fes_string_conditioned,z_reward,q_residual,true_intersection,-0.5942974217733487,-0.5962785749986084,-0.00198115322525958,0.35589462913210484,0.9338132373525295,Relative_to_Qresidual,502
fes_string_conditioned,z_reward,q_residual,random_intersection,-0.607631558621871,-0.611755677273869,-0.004124118651997885,0.42238968319536235,0.8794241151769646,Relative_to_Qresidual,502
fes_string_conditioned,z_reward,q_residual,balanced_intersection,-0.6025528223224285,-0.6028232586569008,-0.0002704363344723494,0.34646095079881867,0.9908018396320736,Relative_to_Qresidual,502
fes_string_conditioned,z_reward,q_residual,performance_matched_intersection,-0.5982211135825001,-0.600987763174912,-0.002766649592412018,0.36254047153314245,0.9060187962407519,Relative_to_Qresidual,502
fes_string_conditioned,z_reward,q_residual,shuffled_c_intersection,-0.5960205119606554,-0.6061602459285668,-0.01013973396791132,0.36002340316929177,0.6712657468506299,Relative_to_Qresidual,502
fes_string_conditioned,z_reward,q_residual,phase_rotated_intersection,-0.5870617442874819,-0.5989229129317512,-0.011861168644269322,0.33702861074006474,0.5824835032993402,Relative_to_Qresidual,502
fes_string_conditioned,rank_reward,q_residual,true_intersection,-0.592513197167114,-0.5959260779420654,-0.0034128807749511515,0.35033140015822045,0.8824235152969406,Relative_to_Qresidual,502
fes_string_conditioned,rank_reward,q_residual,random_intersection,-0.607631558621871,-0.611755677273869,-0.004124118651997885,0.42238968319536235,0.8850229954009198,Relative_to_Qresidual,502
fes_string_conditioned,rank_reward,q_residual,balanced_intersection,-0.6025528223224285,-0.6028232586569008,-0.0002704363344723494,0.34646095079881867,0.9884023195360928,Relative_to_Qresidual,502
fes_string_conditioned,rank_reward,q_residual,performance_matched_intersection,-0.5940767867339856,-0.5973586704625398,-0.0032818837285541495,0.38750277685979795,0.8968206358728255,Relative_to_Qresidual,502
fes_string_conditioned,rank_reward,q_residual,shuffled_c_intersection,-0.5943613971078318,-0.6041198700515993,-0.00975847294376738,0.3500126841500771,0.6670665866826635,Relative_to_Qresidual,502
fes_string_conditioned,rank_reward,q_residual,phase_rotated_intersection,-0.5869075702174615,-0.5993557326880008,-0.012448162470539207,0.3337440216655585,0.5492901419716056,Relative_to_Qresidual,502
fes_string_conditioned,gmr72_bridge_composite,q_residual,true_intersection,-0.6001132266634579,-0.6005649609518218,-0.0004517342883638556,0.341917831471162,0.9796040791841631,Relative_to_Qresidual,502
fes_string_conditioned,gmr72_bridge_composite,q_residual,random_intersection,-0.607631558621871,-0.611755677273869,-0.004124118651997885,0.42238968319536235,0.889622075584883,Relative_to_Qresidual,502
fes_string_conditioned,gmr72_bridge_composite,q_residual,balanced_intersection,-0.6025528223224285,-0.6028232586569008,-0.0002704363344723494,0.34646095079881867,0.9882023595280944,Relative_to_Qresidual,502
fes_string_conditioned,gmr72_bridge_composite,q_residual,performance_matched_intersection,-0.5997412612842729,-0.607636106960745,-0.007894845676472114,0.28352353007479547,0.6654669066186762,Relative_to_Qresidual,502
fes_string_conditioned,gmr72_bridge_composite,q_residual,shuffled_c_intersection,-0.6002247023101723,-0.6048606759933441,-0.004635973683171885,0.3439022265868779,0.8350329934013198,Relative_to_Qresidual,502
fes_string_conditioned,gmr72_bridge_composite,q_residual,phase_rotated_intersection,-0.5966487496452721,-0.6020326038695006,-0.00538385422422842,0.34794417294964364,0.8080383923215357,Relative_to_Qresidual,502
linear_c_state,z_reward,q_residual,true_intersection,-0.6141489646587615,-0.585618772929072,0.028530191729689316,0.3936226929751392,0.28494301139772044,Qresidual_to_Relative,502
linear_c_state,z_reward,q_residual,random_intersection,-0.5879778640624971,-0.6192790168350037,-0.03130115277250666,0.37907727799371904,0.20495900819836033,Relative_to_Qresidual,502
linear_c_state,z_reward,q_residual,balanced_intersection,-0.6025528223224285,-0.6028232586569008,-0.0002704363344723494,0.34646095079881867,0.9914017196560688,Relative_to_Qresidual,502
linear_c_state,z_reward,q_residual,performance_matched_intersection,-0.5982211135825001,-0.600987763174912,-0.002766649592412018,0.36254047153314245,0.913617276544691,Relative_to_Qresidual,502
linear_c_state,z_reward,q_residual,shuffled_c_intersection,-0.601312230530006,-0.6051567757322562,-0.003844545202250163,0.37440424444392634,0.8662267546490702,Relative_to_Qresidual,502
linear_c_state,z_reward,q_residual,phase_rotated_intersection,-0.6094942951610376,-0.6019754564669698,0.007518838694067898,0.31174833780096434,0.70625874825035,Qresidual_to_Relative,502
linear_c_state,rank_reward,q_residual,true_intersection,-0.6098216600357124,-0.5809061767758185,0.02891548325989384,0.38864204846252637,0.26754649070185965,Qresidual_to_Relative,502
linear_c_state,rank_reward,q_residual,random_intersection,-0.5879778640624971,-0.6192790168350037,-0.03130115277250666,0.37907727799371904,0.20835832833433313,Relative_to_Qresidual,502
linear_c_state,rank_reward,q_residual,balanced_intersection,-0.6025528223224285,-0.6028232586569008,-0.0002704363344723494,0.34646095079881867,0.99000199960008,Relative_to_Qresidual,502
linear_c_state,rank_reward,q_residual,performance_matched_intersection,-0.5940767867339856,-0.5973586704625398,-0.0032818837285541495,0.38750277685979795,0.8948210357928414,Relative_to_Qresidual,502
linear_c_state,rank_reward,q_residual,shuffled_c_intersection,-0.5993573508007058,-0.6009160780185065,-0.0015587272178005142,0.36840364743407206,0.9462107578484303,Relative_to_Qresidual,502
linear_c_state,rank_reward,q_residual,phase_rotated_intersection,-0.6112812790450239,-0.6108244841948106,0.0004567948502133759,0.3073799295405674,0.9832033593281344,Qresidual_to_Relative,502
linear_c_state,gmr72_bridge_composite,q_residual,true_intersection,-0.6076247390596313,-0.599443130818067,0.008181608241564255,0.3527905657983709,0.7266546690661868,Qresidual_to_Relative,502
linear_c_state,gmr72_bridge_composite,q_residual,random_intersection,-0.5879778640624971,-0.6192790168350037,-0.03130115277250666,0.37907727799371904,0.21035792841431714,Relative_to_Qresidual,502
linear_c_state,gmr72_bridge_composite,q_residual,balanced_intersection,-0.6025528223224285,-0.6028232586569008,-0.0002704363344723494,0.34646095079881867,0.9918016396720656,Relative_to_Qresidual,502
linear_c_state,gmr72_bridge_composite,q_residual,performance_matched_intersection,-0.5997412612842729,-0.607636106960745,-0.007894845676472114,0.28352353007479547,0.6826634673065387,Relative_to_Qresidual,502
linear_c_state,gmr72_bridge_composite,q_residual,shuffled_c_intersection,-0.6013086037805547,-0.602882355467115,-0.0015737516865602656,0.3445044958129518,0.9368126374725055,Relative_to_Qresidual,502
linear_c_state,gmr72_bridge_composite,q_residual,phase_rotated_intersection,-0.604609390118847,-0.6017993897882414,0.002810000330605492,0.34000613778397115,0.891621675664867,Qresidual_to_Relative,502
combined_c_fes_gmr72,z_reward,mq_decohered,true_intersection,-0.5939339651219447,-0.5759087167229404,0.018025248399004393,0.3605382511538196,0.4861027794441112,Qresidual_to_Relative,502
combined_c_fes_gmr72,z_reward,mq_decohered,random_intersection,-0.5790727368563799,-0.6132469339140787,-0.03417419705769866,0.38620290888504605,0.1977604479104179,Relative_to_Qresidual,502
combined_c_fes_gmr72,z_reward,mq_decohered,balanced_intersection,-0.5956426578138964,-0.5956582120764448,-1.5554262548458144e-05,0.33894957304766016,0.9996000799840032,Relative_to_Qresidual,502
combined_c_fes_gmr72,z_reward,mq_decohered,performance_matched_intersection,-0.5919729420274661,-0.59576695049948,-0.003794008472014085,0.35496445489890305,0.8710257948410318,Relative_to_Qresidual,502
combined_c_fes_gmr72,z_reward,mq_decohered,shuffled_c_intersection,-0.5925616446573315,-0.5933317888620674,-0.0007701442047359543,0.3570146679615961,0.9782043591281744,Relative_to_Qresidual,502
combined_c_fes_gmr72,z_reward,mq_decohered,phase_rotated_intersection,-0.5719501570365931,-0.5746899125812631,-0.002739755544670126,0.3259898188660428,0.8974205158968206,Relative_to_Qresidual,502
combined_c_fes_gmr72,rank_reward,mq_decohered,true_intersection,-0.5951652767463501,-0.5748497472326922,0.020315529513658,0.3611195143697375,0.41091781643671266,Qresidual_to_Relative,502
combined_c_fes_gmr72,rank_reward,mq_decohered,random_intersection,-0.5790727368563799,-0.6132469339140787,-0.03417419705769866,0.38620290888504605,0.19276144771045792,Relative_to_Qresidual,502
combined_c_fes_gmr72,rank_reward,mq_decohered,balanced_intersection,-0.5956426578138964,-0.5956582120764448,-1.5554262548458144e-05,0.33894957304766016,0.9998000399920016,Relative_to_Qresidual,502
combined_c_fes_gmr72,rank_reward,mq_decohered,performance_matched_intersection,-0.5885859867696014,-0.5916212609781963,-0.0030352742085950216,0.38009643530873505,0.9034193161367726,Relative_to_Qresidual,502
combined_c_fes_gmr72,rank_reward,mq_decohered,shuffled_c_intersection,-0.593544544329011,-0.5950386619394308,-0.0014941176104197654,0.35812771502135105,0.9546090781843631,Relative_to_Qresidual,502
combined_c_fes_gmr72,rank_reward,mq_decohered,phase_rotated_intersection,-0.5735817112636094,-0.5764125528775258,-0.0028308416139164647,0.3275823775525358,0.8942211557688462,Relative_to_Qresidual,502
combined_c_fes_gmr72,gmr72_bridge_composite,mq_decohered,true_intersection,-0.5903900447222262,-0.5912859170715569,-0.0008958723493306902,0.3584352923685816,0.9694061187762447,Relative_to_Qresidual,502
combined_c_fes_gmr72,gmr72_bridge_composite,mq_decohered,random_intersection,-0.5790727368563799,-0.6132469339140787,-0.03417419705769866,0.38620290888504605,0.19796040791841632,Relative_to_Qresidual,502
combined_c_fes_gmr72,gmr72_bridge_composite,mq_decohered,balanced_intersection,-0.5956426578138964,-0.5956582120764448,-1.5554262548458144e-05,0.33894957304766016,0.9996000799840032,Relative_to_Qresidual,502
combined_c_fes_gmr72,gmr72_bridge_composite,mq_decohered,performance_matched_intersection,-0.5916905778636399,-0.6009627106213158,-0.009272132757675933,0.2755971866265076,0.5996800639872025,Relative_to_Qresidual,502
combined_c_fes_gmr72,gmr72_bridge_composite,mq_decohered,shuffled_c_intersection,-0.5896887576498573,-0.5950713761476882,-0.0053826184978309636,0.36195131343266723,0.8120375924815036,Relative_to_Qresidual,502
combined_c_fes_gmr72,gmr72_bridge_composite,mq_decohered,phase_rotated_intersection,-0.5766593320252975,-0.5754981959538767,0.0011611360714208069,0.34446248834882454,0.9554089182163568,Qresidual_to_Relative,502
gmr72_phase_conditioned,z_reward,mq_decohered,true_intersection,-0.6058451299747504,-0.5752495177126619,0.030595612262088536,0.3990530178044084,0.2471505698860228,Qresidual_to_Relative,502
gmr72_phase_conditioned,z_reward,mq_decohered,random_intersection,-0.5773174042291566,-0.6124615224582979,-0.0351441182291413,0.374550994830898,0.15436912617476506,Relative_to_Qresidual,502
gmr72_phase_conditioned,z_reward,mq_decohered,balanced_intersection,-0.5956426578138964,-0.5956582120764448,-1.5554262548458144e-05,0.33894957304766016,0.9994001199760048,Relative_to_Qresidual,502
gmr72_phase_conditioned,z_reward,mq_decohered,performance_matched_intersection,-0.5919729420274661,-0.59576695049948,-0.003794008472014085,0.35496445489890305,0.8624275144971005,Relative_to_Qresidual,502
gmr72_phase_conditioned,z_reward,mq_decohered,shuffled_c_intersection,-0.5984589032774853,-0.5976509725250243,0.0008079307524610712,0.3773203258389177,0.9722055588882224,Qresidual_to_Relative,502
gmr72_phase_conditioned,z_reward,mq_decohered,phase_rotated_intersection,-0.6097851777165916,-0.5927864849973411,0.01699869271925027,0.3033222827787774,0.3905218956208758,Qresidual_to_Relative,502
gmr72_phase_conditioned,rank_reward,mq_decohered,true_intersection,-0.6027950087478886,-0.573000150227499,0.029794858520389773,0.39223943100414765,0.2595480903819236,Qresidual_to_Relative,502
gmr72_phase_conditioned,rank_reward,mq_decohered,random_intersection,-0.5773174042291566,-0.6124615224582979,-0.0351441182291413,0.374550994830898,0.14917016596680663,Relative_to_Qresidual,502
gmr72_phase_conditioned,rank_reward,mq_decohered,balanced_intersection,-0.5956426578138964,-0.5956582120764448,-1.5554262548458144e-05,0.33894957304766016,0.9996000799840032,Relative_to_Qresidual,502
gmr72_phase_conditioned,rank_reward,mq_decohered,performance_matched_intersection,-0.5885859867696014,-0.5916212609781963,-0.0030352742085950216,0.38009643530873505,0.9018196360727855,Relative_to_Qresidual,502
gmr72_phase_conditioned,rank_reward,mq_decohered,shuffled_c_intersection,-0.5965141048139374,-0.5938209013967126,0.0026932034172248076,0.3714127443076787,0.911617676464707,Qresidual_to_Relative,502
gmr72_phase_conditioned,rank_reward,mq_decohered,phase_rotated_intersection,-0.6117373729529096,-0.6022640760625918,0.009473296890317857,0.3004105394512661,0.6366726654669066,Qresidual_to_Relative,502
gmr72_phase_conditioned,gmr72_bridge_composite,mq_decohered,true_intersection,-0.5996003225682268,-0.590244964502296,0.009355358065930798,0.3574922295519516,0.6788642271545691,Qresidual_to_Relative,502
gmr72_phase_conditioned,gmr72_bridge_composite,mq_decohered,random_intersection,-0.5773174042291566,-0.6124615224582979,-0.0351441182291413,0.374550994830898,0.15056988602279545,Relative_to_Qresidual,502
gmr72_phase_conditioned,gmr72_bridge_composite,mq_decohered,balanced_intersection,-0.5956426578138964,-0.5956582120764448,-1.5554262548458144e-05,0.33894957304766016,0.9996000799840032,Relative_to_Qresidual,502
gmr72_phase_conditioned,gmr72_bridge_composite,mq_decohered,performance_matched_intersection,-0.5916905778636399,-0.6009627106213158,-0.009272132757675933,0.2755971866265076,0.6164767046590682,Relative_to_Qresidual,502
gmr72_phase_conditioned,gmr72_bridge_composite,mq_decohered,shuffled_c_intersection,-0.5984387017945322,-0.5964290880712775,0.002009613723254757,0.3494627604231343,0.9200159968006398,Qresidual_to_Relative,502
gmr72_phase_conditioned,gmr72_bridge_composite,mq_decohered,phase_rotated_intersection,-0.599674495390458,-0.5875930088289285,0.012081486561529589,0.3355457985846793,0.5864827034593081,Qresidual_to_Relative,502
fes_string_conditioned,z_reward,mq_decohered,true_intersection,-0.5864183692185706,-0.5886526910846693,-0.0022343218660987496,0.34911465105149786,0.9168166366726654,Relative_to_Qresidual,502
fes_string_conditioned,z_reward,mq_decohered,random_intersection,-0.5999217890874755,-0.6053864253063311,-0.005464636218855649,0.4120764908696966,0.857628474305139,Relative_to_Qresidual,502
fes_string_conditioned,z_reward,mq_decohered,balanced_intersection,-0.5956426578138964,-0.5956582120764448,-1.5554262548458144e-05,0.33894957304766016,0.9996000799840032,Relative_to_Qresidual,502
fes_string_conditioned,z_reward,mq_decohered,performance_matched_intersection,-0.5919729420274661,-0.59576695049948,-0.003794008472014085,0.35496445489890305,0.8724255148970206,Relative_to_Qresidual,502
fes_string_conditioned,z_reward,mq_decohered,shuffled_c_intersection,-0.5884579495523978,-0.598153862692986,-0.009695913140588078,0.3517316949935629,0.673865226954609,Relative_to_Qresidual,502
fes_string_conditioned,z_reward,mq_decohered,phase_rotated_intersection,-0.581959287740946,-0.5921795913963163,-0.010220303655370275,0.32864065269652826,0.6352729454109178,Relative_to_Qresidual,502
fes_string_conditioned,rank_reward,mq_decohered,true_intersection,-0.5844273623379598,-0.5882624491874053,-0.003835086849445543,0.34342813452103865,0.8598280343931214,Relative_to_Qresidual,502
fes_string_conditioned,rank_reward,mq_decohered,random_intersection,-0.5999217890874755,-0.6053864253063311,-0.005464636218855649,0.4120764908696966,0.8468306338732253,Relative_to_Qresidual,502
fes_string_conditioned,rank_reward,mq_decohered,balanced_intersection,-0.5956426578138964,-0.5956582120764448,-1.5554262548458144e-05,0.33894957304766016,0.9986002799440112,Relative_to_Qresidual,502
fes_string_conditioned,rank_reward,mq_decohered,performance_matched_intersection,-0.5885859867696014,-0.5916212609781963,-0.0030352742085950216,0.38009643530873505,0.905618876224755,Relative_to_Qresidual,502
fes_string_conditioned,rank_reward,mq_decohered,shuffled_c_intersection,-0.5865981864060839,-0.5960717628888594,-0.009473576482775659,0.34213475010476574,0.6674665066986603,Relative_to_Qresidual,502
fes_string_conditioned,rank_reward,mq_decohered,phase_rotated_intersection,-0.5817172377326738,-0.5925889032376176,-0.010871665504943825,0.3254244329036089,0.5942811437712457,Relative_to_Qresidual,502
fes_string_conditioned,gmr72_bridge_composite,mq_decohered,true_intersection,-0.5924110144552454,-0.5929028727979113,-0.0004918583426658633,0.33437708918801234,0.977004599080184,Relative_to_Qresidual,502
fes_string_conditioned,gmr72_bridge_composite,mq_decohered,random_intersection,-0.5999217890874755,-0.6053864253063311,-0.005464636218855649,0.4120764908696966,0.8428314337132573,Relative_to_Qresidual,502
fes_string_conditioned,gmr72_bridge_composite,mq_decohered,balanced_intersection,-0.5956426578138964,-0.5956582120764448,-1.5554262548458144e-05,0.33894957304766016,0.999000199960008,Relative_to_Qresidual,502
fes_string_conditioned,gmr72_bridge_composite,mq_decohered,performance_matched_intersection,-0.5916905778636399,-0.6009627106213158,-0.009272132757675933,0.2755971866265076,0.6086782643471306,Relative_to_Qresidual,502
fes_string_conditioned,gmr72_bridge_composite,mq_decohered,shuffled_c_intersection,-0.5926396668166193,-0.5970641685322101,-0.004424501715590869,0.33615082290717996,0.8330333933213357,Relative_to_Qresidual,502
fes_string_conditioned,gmr72_bridge_composite,mq_decohered,phase_rotated_intersection,-0.5903864198266852,-0.5951391829784062,-0.004752763151721093,0.3395532504773782,0.825634873025395,Relative_to_Qresidual,502
linear_c_state,z_reward,mq_decohered,true_intersection,-0.6062998456539066,-0.5761662036405798,0.030133642013326845,0.3888905751154742,0.2443511297740452,Qresidual_to_Relative,502
linear_c_state,z_reward,mq_decohered,random_intersection,-0.5773174042291566,-0.6124615224582979,-0.0351441182291413,0.374550994830898,0.15636872625474904,Relative_to_Qresidual,502
linear_c_state,z_reward,mq_decohered,balanced_intersection,-0.5956426578138964,-0.5956582120764448,-1.5554262548458144e-05,0.33894957304766016,0.9996000799840032,Relative_to_Qresidual,502
linear_c_state,z_reward,mq_decohered,performance_matched_intersection,-0.5919729420274661,-0.59576695049948,-0.003794008472014085,0.35496445489890305,0.8722255548890222,Relative_to_Qresidual,502
linear_c_state,z_reward,mq_decohered,shuffled_c_intersection,-0.5953960437122232,-0.5967372167055411,-0.0013411729933179295,0.3701922078894529,0.9532093581283744,Relative_to_Qresidual,502
linear_c_state,z_reward,mq_decohered,phase_rotated_intersection,-0.6103978793080335,-0.5995702259256179,0.010827653382415552,0.30410726595561294,0.5874825034993001,Qresidual_to_Relative,502
linear_c_state,rank_reward,mq_decohered,true_intersection,-0.6036696574873684,-0.5742924196458453,0.02937723784152296,0.3833187505768939,0.2453509298140372,Qresidual_to_Relative,502
linear_c_state,rank_reward,mq_decohered,random_intersection,-0.5773174042291566,-0.6124615224582979,-0.0351441182291413,0.374550994830898,0.15856828634273146,Relative_to_Qresidual,502
linear_c_state,rank_reward,mq_decohered,balanced_intersection,-0.5956426578138964,-0.5956582120764448,-1.5554262548458144e-05,0.33894957304766016,0.9996000799840032,Relative_to_Qresidual,502
linear_c_state,rank_reward,mq_decohered,performance_matched_intersection,-0.5885859867696014,-0.5916212609781963,-0.0030352742085950216,0.38009643530873505,0.8972205558888222,Relative_to_Qresidual,502
linear_c_state,rank_reward,mq_decohered,shuffled_c_intersection,-0.5935026490970194,-0.5929966205138132,0.0005060285832063612,0.36516538220360073,0.9834033193361328,Qresidual_to_Relative,502
linear_c_state,rank_reward,mq_decohered,phase_rotated_intersection,-0.6118832852421133,-0.6084284290702775,0.0034548561718359483,0.29950791211709016,0.8608278344331134,Qresidual_to_Relative,502
linear_c_state,gmr72_bridge_composite,mq_decohered,true_intersection,-0.5991293847937188,-0.5901243158591186,0.009005068934600123,0.3469468036901403,0.6806638672265547,Qresidual_to_Relative,502
linear_c_state,gmr72_bridge_composite,mq_decohered,random_intersection,-0.5773174042291566,-0.6124615224582979,-0.0351441182291413,0.374550994830898,0.14857028594281144,Relative_to_Qresidual,502
linear_c_state,gmr72_bridge_composite,mq_decohered,balanced_intersection,-0.5956426578138964,-0.5956582120764448,-1.5554262548458144e-05,0.33894957304766016,0.9998000399920016,Relative_to_Qresidual,502
linear_c_state,gmr72_bridge_composite,mq_decohered,performance_matched_intersection,-0.5916905778636399,-0.6009627106213158,-0.009272132757675933,0.2755971866265076,0.6190761847630474,Relative_to_Qresidual,502
linear_c_state,gmr72_bridge_composite,mq_decohered,shuffled_c_intersection,-0.5945333999442787,-0.5952768669031239,-0.0007434669588450538,0.33850736613978594,0.9756048790241951,Relative_to_Qresidual,502
linear_c_state,gmr72_bridge_composite,mq_decohered,phase_rotated_intersection,-0.6013482748926681,-0.5973116011847043,0.004036673707963706,0.33204672074357455,0.8436312737452509,Qresidual_to_Relative,502
