mode,endpoint,direction,metric,comparison,mean_true,mean_control,effect,p_greater,n_pairs
combined_c_fes_gmr72,z_reward,A_to_C_to_B,access_readout,true_vs_random_intersection,0.04463092297942368,0.020147606768946606,0.024483316210477054,0.11437712457508498,502
combined_c_fes_gmr72,z_reward,A_to_C_to_B,access_readout,true_vs_balanced_intersection,0.04463092297942368,0.015844062761906433,0.028786860217517227,0.015996800639872025,502
combined_c_fes_gmr72,z_reward,A_to_C_to_B,access_readout,true_vs_performance_matched_intersection,0.04463092297942368,-0.005435959008716862,0.050066881988140535,0.0005998800239952009,502
combined_c_fes_gmr72,z_reward,A_to_C_to_B,access_readout,true_vs_shuffled_c_intersection,0.04463092297942368,0.006664878782604646,0.037966044196819024,0.01979604079184163,502
combined_c_fes_gmr72,z_reward,A_to_C_to_B,access_readout,true_vs_phase_rotated_intersection,0.04463092297942368,0.023691675014063458,0.02093924796536021,0.07558488302339532,502
combined_c_fes_gmr72,z_reward,A_to_C_to_B,intersection_access_effect,true_vs_random_intersection,-0.6852935527097759,-0.709776868920253,0.024483316210477057,0.11457708458308338,502
combined_c_fes_gmr72,z_reward,A_to_C_to_B,intersection_access_effect,true_vs_balanced_intersection,-0.6852935527097759,-0.7140804129272932,0.028786860217517227,0.013397320535892822,502
combined_c_fes_gmr72,z_reward,A_to_C_to_B,intersection_access_effect,true_vs_performance_matched_intersection,-0.6852935527097759,-0.7353604346979166,0.05006688198814054,0.0011997600479904018,502
combined_c_fes_gmr72,z_reward,A_to_C_to_B,intersection_access_effect,true_vs_shuffled_c_intersection,-0.6852935527097759,-0.723259596906595,0.037966044196819024,0.01839632073585283,502
combined_c_fes_gmr72,z_reward,A_to_C_to_B,intersection_access_effect,true_vs_phase_rotated_intersection,-0.6852935527097759,-0.7062328006751362,0.020939247965360206,0.07638472305538892,502
combined_c_fes_gmr72,z_reward,A_to_C_to_B,opposite_access_effect,true_vs_random_intersection,-0.007390088953718582,-0.02859452291005593,0.021204433956337334,0.1739652069586083,406
combined_c_fes_gmr72,z_reward,A_to_C_to_B,opposite_access_effect,true_vs_balanced_intersection,-0.007390088953718582,-0.03194428701435756,0.024554198060638965,0.04439112177564487,406
combined_c_fes_gmr72,z_reward,A_to_C_to_B,opposite_access_effect,true_vs_performance_matched_intersection,-0.007390088953718582,-0.05399532040733161,0.046605231453613026,0.0027994401119776045,406
combined_c_fes_gmr72,z_reward,A_to_C_to_B,opposite_access_effect,true_vs_shuffled_c_intersection,-0.007390088953718582,-0.05016373536814532,0.04277364641442674,0.016396720655868825,406
combined_c_fes_gmr72,z_reward,A_to_C_to_B,opposite_access_effect,true_vs_phase_rotated_intersection,-0.007390088953718582,-0.024978979488576386,0.017588890534857796,0.15876824635072986,406
combined_c_fes_gmr72,z_reward,A_to_C_to_B,own_access_effect,true_vs_random_intersection,4.038550725335446e-05,-0.019128025486576918,0.019168410993830286,0.1939612077584483,410
combined_c_fes_gmr72,z_reward,A_to_C_to_B,own_access_effect,true_vs_balanced_intersection,4.038550725335446e-05,-0.022946183465167146,0.022986568972420504,0.0647870425914817,410
combined_c_fes_gmr72,z_reward,A_to_C_to_B,own_access_effect,true_vs_performance_matched_intersection,4.038550725335446e-05,-0.04270752756151505,0.04274791306876841,0.0057988402319536095,410
combined_c_fes_gmr72,z_reward,A_to_C_to_B,own_access_effect,true_vs_shuffled_c_intersection,4.038550725335446e-05,-0.04250578706300675,0.04254617257026009,0.01839632073585283,410
combined_c_fes_gmr72,z_reward,A_to_C_to_B,own_access_effect,true_vs_phase_rotated_intersection,4.038550725335446e-05,-0.017557770192721048,0.017598155699974406,0.14977004599080185,410
combined_c_fes_gmr72,z_reward,B_to_C_to_A,access_readout,true_vs_random_intersection,0.042897345345306696,0.031807332756653706,0.011090012588652994,0.2933413317336533,502
combined_c_fes_gmr72,z_reward,B_to_C_to_A,access_readout,true_vs_balanced_intersection,0.042897345345306696,0.012007102858149172,0.030890242487157524,0.00599880023995201,502
combined_c_fes_gmr72,z_reward,B_to_C_to_A,access_readout,true_vs_performance_matched_intersection,0.042897345345306696,-0.015572473602471977,0.05846981894777868,0.0003999200159968006,502
combined_c_fes_gmr72,z_reward,B_to_C_to_A,access_readout,true_vs_shuffled_c_intersection,0.042897345345306696,0.008031923058306212,0.03486542228700048,0.03079384123175365,502
combined_c_fes_gmr72,z_reward,B_to_C_to_A,access_readout,true_vs_phase_rotated_intersection,0.042897345345306696,0.006417382400406513,0.03647996294490018,0.003799240151969606,502
combined_c_fes_gmr72,z_reward,B_to_C_to_A,intersection_access_effect,true_vs_random_intersection,-0.6870271303438928,-0.6981171429325459,0.011090012588653,0.28574285142971406,502
combined_c_fes_gmr72,z_reward,B_to_C_to_A,intersection_access_effect,true_vs_balanced_intersection,-0.6870271303438928,-0.7179173728310505,0.030890242487157528,0.005398920215956809,502
combined_c_fes_gmr72,z_reward,B_to_C_to_A,intersection_access_effect,true_vs_performance_matched_intersection,-0.6870271303438928,-0.7454969492916715,0.05846981894777868,0.0003999200159968006,502
combined_c_fes_gmr72,z_reward,B_to_C_to_A,intersection_access_effect,true_vs_shuffled_c_intersection,-0.6870271303438928,-0.7218925526308934,0.03486542228700048,0.02519496100779844,502
combined_c_fes_gmr72,z_reward,B_to_C_to_A,intersection_access_effect,true_vs_phase_rotated_intersection,-0.6870271303438928,-0.7235070932887931,0.03647996294490019,0.007198560287942412,502
combined_c_fes_gmr72,z_reward,B_to_C_to_A,opposite_access_effect,true_vs_random_intersection,0.002453677189889248,0.00026121404107174964,0.0021924631488175004,0.45550889822035595,410
combined_c_fes_gmr72,z_reward,B_to_C_to_A,opposite_access_effect,true_vs_balanced_intersection,0.002453677189889248,-0.026632515482380263,0.029086192672269497,0.01279744051189762,410
combined_c_fes_gmr72,z_reward,B_to_C_to_A,opposite_access_effect,true_vs_performance_matched_intersection,0.002453677189889248,-0.05833507796201698,0.06078875515190624,0.0001999600079984003,410
combined_c_fes_gmr72,z_reward,B_to_C_to_A,opposite_access_effect,true_vs_shuffled_c_intersection,0.002453677189889248,-0.03871511800550118,0.04116879519539043,0.014397120575884824,410
combined_c_fes_gmr72,z_reward,B_to_C_to_A,opposite_access_effect,true_vs_phase_rotated_intersection,0.002453677189889248,-0.03406275700675454,0.03651643419664378,0.014397120575884824,410
combined_c_fes_gmr72,z_reward,B_to_C_to_A,own_access_effect,true_vs_random_intersection,-0.004180862751867825,-0.00903996413011543,0.0048591013782475975,0.41551689662067587,406
combined_c_fes_gmr72,z_reward,B_to_C_to_A,own_access_effect,true_vs_balanced_intersection,-0.004180862751867825,-0.03442772869523292,0.03024686594336509,0.012997400519896021,406
combined_c_fes_gmr72,z_reward,B_to_C_to_A,own_access_effect,true_vs_performance_matched_intersection,-0.004180862751867825,-0.06765531209016985,0.063474449338302,0.0003999200159968006,406
combined_c_fes_gmr72,z_reward,B_to_C_to_A,own_access_effect,true_vs_shuffled_c_intersection,-0.004180862751867825,-0.04627929666588713,0.04209843391401929,0.013597280543891222,406
combined_c_fes_gmr72,z_reward,B_to_C_to_A,own_access_effect,true_vs_phase_rotated_intersection,-0.004180862751867825,-0.04172261390575921,0.03754175115389138,0.010397920415916816,406
combined_c_fes_gmr72,rank_reward,A_to_C_to_B,access_readout,true_vs_random_intersection,0.052481810205853484,0.013426636201510973,0.039055174004342504,0.026194761047790442,502
combined_c_fes_gmr72,rank_reward,A_to_C_to_B,access_readout,true_vs_balanced_intersection,0.052481810205853484,0.012123179360172353,0.04035863084568115,0.0015996800639872025,502
combined_c_fes_gmr72,rank_reward,A_to_C_to_B,access_readout,true_vs_performance_matched_intersection,0.052481810205853484,-0.0096362768186582,0.062118087024511694,0.0001999600079984003,502
combined_c_fes_gmr72,rank_reward,A_to_C_to_B,access_readout,true_vs_shuffled_c_intersection,0.052481810205853484,0.0062244759142805976,0.046257334291572895,0.0057988402319536095,502
combined_c_fes_gmr72,rank_reward,A_to_C_to_B,access_readout,true_vs_phase_rotated_intersection,0.052481810205853484,0.01333917619618429,0.039142634009669205,0.008198360327934412,502
combined_c_fes_gmr72,rank_reward,A_to_C_to_B,intersection_access_effect,true_vs_random_intersection,-0.6739738832107982,-0.7130290572151406,0.03905517400434251,0.02399520095980804,502
combined_c_fes_gmr72,rank_reward,A_to_C_to_B,intersection_access_effect,true_vs_balanced_intersection,-0.6739738832107982,-0.7143325140564794,0.040358630845681136,0.0011997600479904018,502
combined_c_fes_gmr72,rank_reward,A_to_C_to_B,intersection_access_effect,true_vs_performance_matched_intersection,-0.6739738832107982,-0.7360919702353098,0.062118087024511694,0.0003999200159968006,502
combined_c_fes_gmr72,rank_reward,A_to_C_to_B,intersection_access_effect,true_vs_shuffled_c_intersection,-0.6739738832107982,-0.7202312175023712,0.04625733429157289,0.00599880023995201,502
combined_c_fes_gmr72,rank_reward,A_to_C_to_B,intersection_access_effect,true_vs_phase_rotated_intersection,-0.6739738832107982,-0.7131165172204673,0.039142634009669205,0.008798240351929614,502
combined_c_fes_gmr72,rank_reward,A_to_C_to_B,opposite_access_effect,true_vs_random_intersection,0.0218182067116129,-0.023316648663724834,0.04513485537533772,0.02399520095980804,406
combined_c_fes_gmr72,rank_reward,A_to_C_to_B,opposite_access_effect,true_vs_balanced_intersection,0.0218182067116129,-0.021378774760198064,0.04319698147181095,0.004199160167966407,406
combined_c_fes_gmr72,rank_reward,A_to_C_to_B,opposite_access_effect,true_vs_performance_matched_intersection,0.0218182067116129,-0.04235064603364209,0.06416885274525497,0.0003999200159968006,406
combined_c_fes_gmr72,rank_reward,A_to_C_to_B,opposite_access_effect,true_vs_shuffled_c_intersection,0.0218182067116129,-0.036928391081279585,0.05874659779289248,0.003199360127974405,406
combined_c_fes_gmr72,rank_reward,A_to_C_to_B,opposite_access_effect,true_vs_phase_rotated_intersection,0.0218182067116129,-0.026474898693210566,0.04829310540482345,0.0065986802639472104,406
combined_c_fes_gmr72,rank_reward,A_to_C_to_B,own_access_effect,true_vs_random_intersection,0.026681393170944784,-0.014954899049217344,0.041636292220162144,0.03439312137572485,410
combined_c_fes_gmr72,rank_reward,A_to_C_to_B,own_access_effect,true_vs_balanced_intersection,0.026681393170944784,-0.015211339611712525,0.04189273278265732,0.0057988402319536095,410
combined_c_fes_gmr72,rank_reward,A_to_C_to_B,own_access_effect,true_vs_performance_matched_intersection,0.026681393170944784,-0.0350268350102151,0.0617082281811599,0.0003999200159968006,410
combined_c_fes_gmr72,rank_reward,A_to_C_to_B,own_access_effect,true_vs_shuffled_c_intersection,0.026681393170944784,-0.031516931393746825,0.058198324564691616,0.0027994401119776045,410
combined_c_fes_gmr72,rank_reward,A_to_C_to_B,own_access_effect,true_vs_phase_rotated_intersection,0.026681393170944784,-0.020938498134343193,0.04761989130528798,0.005198960207958408,410
combined_c_fes_gmr72,rank_reward,B_to_C_to_A,access_readout,true_vs_random_intersection,0.04911219082730332,0.028173985115638733,0.020938205711664586,0.14357128574285144,502
combined_c_fes_gmr72,rank_reward,B_to_C_to_A,access_readout,true_vs_balanced_intersection,0.04911219082730332,0.009107774549330688,0.04000441627797263,0.0013997200559888023,502
combined_c_fes_gmr72,rank_reward,B_to_C_to_A,access_readout,true_vs_performance_matched_intersection,0.04911219082730332,-0.021386494432923203,0.07049868526022653,0.0001999600079984003,502
combined_c_fes_gmr72,rank_reward,B_to_C_to_A,access_readout,true_vs_shuffled_c_intersection,0.04911219082730332,0.005141550837557872,0.04397063998974546,0.010997800439912017,502
combined_c_fes_gmr72,rank_reward,B_to_C_to_A,access_readout,true_vs_phase_rotated_intersection,0.04911219082730332,0.00012936337522485348,0.04898282745207847,0.0003999200159968006,502
combined_c_fes_gmr72,rank_reward,B_to_C_to_A,intersection_access_effect,true_vs_random_intersection,-0.6773435025893484,-0.6982817083010129,0.020938205711664597,0.1375724855028994,502
combined_c_fes_gmr72,rank_reward,B_to_C_to_A,intersection_access_effect,true_vs_balanced_intersection,-0.6773435025893484,-0.7173479188673209,0.040004416277972625,0.0005998800239952009,502
combined_c_fes_gmr72,rank_reward,B_to_C_to_A,intersection_access_effect,true_vs_performance_matched_intersection,-0.6773435025893484,-0.7478421878495748,0.07049868526022654,0.0001999600079984003,502
combined_c_fes_gmr72,rank_reward,B_to_C_to_A,intersection_access_effect,true_vs_shuffled_c_intersection,-0.6773435025893484,-0.7213141425790937,0.04397063998974546,0.008998200359928014,502
combined_c_fes_gmr72,rank_reward,B_to_C_to_A,intersection_access_effect,true_vs_phase_rotated_intersection,-0.6773435025893484,-0.7263263300414269,0.04898282745207848,0.0005998800239952009,502
combined_c_fes_gmr72,rank_reward,B_to_C_to_A,opposite_access_effect,true_vs_random_intersection,0.026188650315935157,0.009909024819734873,0.016279625496200278,0.23375324935012998,410
combined_c_fes_gmr72,rank_reward,B_to_C_to_A,opposite_access_effect,true_vs_balanced_intersection,0.026188650315935157,-0.016700397668500174,0.042889047984435325,0.0015996800639872025,410
combined_c_fes_gmr72,rank_reward,B_to_C_to_A,opposite_access_effect,true_vs_performance_matched_intersection,0.026188650315935157,-0.052548900737574185,0.07873755105350934,0.0001999600079984003,410
combined_c_fes_gmr72,rank_reward,B_to_C_to_A,opposite_access_effect,true_vs_shuffled_c_intersection,0.026188650315935157,-0.029910876785746134,0.05609952710168129,0.001999600079984003,410
combined_c_fes_gmr72,rank_reward,B_to_C_to_A,opposite_access_effect,true_vs_phase_rotated_intersection,0.026188650315935157,-0.031193591189318613,0.05738224150525376,0.0007998400319936012,410
combined_c_fes_gmr72,rank_reward,B_to_C_to_A,own_access_effect,true_vs_random_intersection,0.021187133057910073,0.002882082917727599,0.018305050140182477,0.20495900819836033,406
combined_c_fes_gmr72,rank_reward,B_to_C_to_A,own_access_effect,true_vs_balanced_intersection,0.021187133057910073,-0.02284473651692128,0.044031869574831344,0.0011997600479904018,406
combined_c_fes_gmr72,rank_reward,B_to_C_to_A,own_access_effect,true_vs_performance_matched_intersection,0.021187133057910073,-0.05912876061284807,0.08031589367075814,0.0001999600079984003,406
combined_c_fes_gmr72,rank_reward,B_to_C_to_A,own_access_effect,true_vs_shuffled_c_intersection,0.021187133057910073,-0.036252328014136914,0.05743946107204699,0.002999400119976005,406
combined_c_fes_gmr72,rank_reward,B_to_C_to_A,own_access_effect,true_vs_phase_rotated_intersection,0.021187133057910073,-0.038143968371290665,0.059331101429200755,0.0009998000399920016,406
combined_c_fes_gmr72,gmr72_bridge_composite,A_to_C_to_B,access_readout,true_vs_random_intersection,0.01268904633320681,0.0067168709617735555,0.005972175371433255,0.20975804839032194,502
combined_c_fes_gmr72,gmr72_bridge_composite,A_to_C_to_B,access_readout,true_vs_balanced_intersection,0.01268904633320681,0.00771518848756674,0.004973857845640071,0.1187762447510498,502
combined_c_fes_gmr72,gmr72_bridge_composite,A_to_C_to_B,access_readout,true_vs_performance_matched_intersection,0.01268904633320681,0.008303956583511185,0.004385089749695645,0.22195560887822435,502
combined_c_fes_gmr72,gmr72_bridge_composite,A_to_C_to_B,access_readout,true_vs_shuffled_c_intersection,0.01268904633320681,0.007710546867387923,0.004978499465818894,0.23655268946210758,502
combined_c_fes_gmr72,gmr72_bridge_composite,A_to_C_to_B,access_readout,true_vs_phase_rotated_intersection,0.01268904633320681,0.0031356831700610614,0.00955336316314575,0.03179364127174565,502
combined_c_fes_gmr72,gmr72_bridge_composite,A_to_C_to_B,intersection_access_effect,true_vs_random_intersection,-0.27189947106028256,-0.27787164643171575,0.005972175371433256,0.20475904819036192,502
combined_c_fes_gmr72,gmr72_bridge_composite,A_to_C_to_B,intersection_access_effect,true_vs_balanced_intersection,-0.27189947106028256,-0.2768733289059226,0.004973857845640072,0.1209758048390322,502
combined_c_fes_gmr72,gmr72_bridge_composite,A_to_C_to_B,intersection_access_effect,true_vs_performance_matched_intersection,-0.27189947106028256,-0.27628456080997815,0.004385089749695645,0.22115576884623075,502
combined_c_fes_gmr72,gmr72_bridge_composite,A_to_C_to_B,intersection_access_effect,true_vs_shuffled_c_intersection,-0.27189947106028256,-0.2768779705261014,0.0049784994658188956,0.2385522895420916,502
combined_c_fes_gmr72,gmr72_bridge_composite,A_to_C_to_B,intersection_access_effect,true_vs_phase_rotated_intersection,-0.27189947106028256,-0.2814528342234282,0.009553363163145753,0.028594281143771244,502
combined_c_fes_gmr72,gmr72_bridge_composite,A_to_C_to_B,opposite_access_effect,true_vs_random_intersection,0.002669465494112088,-0.00254547581508446,0.0052149413091965476,0.19956008798240352,475
combined_c_fes_gmr72,gmr72_bridge_composite,A_to_C_to_B,opposite_access_effect,true_vs_balanced_intersection,0.002669465494112088,-0.0008835249377421086,0.003552990431854195,0.17796440711857628,475
combined_c_fes_gmr72,gmr72_bridge_composite,A_to_C_to_B,opposite_access_effect,true_vs_performance_matched_intersection,0.002669465494112088,-0.008275416878724207,0.010944882372836298,0.014397120575884824,475
combined_c_fes_gmr72,gmr72_bridge_composite,A_to_C_to_B,opposite_access_effect,true_vs_shuffled_c_intersection,0.002669465494112088,-0.0015283843333602977,0.004197849827472385,0.2531493701259748,475
combined_c_fes_gmr72,gmr72_bridge_composite,A_to_C_to_B,opposite_access_effect,true_vs_phase_rotated_intersection,0.002669465494112088,-0.0013505345252018072,0.004020000019313898,0.16516696660667868,475
combined_c_fes_gmr72,gmr72_bridge_composite,A_to_C_to_B,own_access_effect,true_vs_random_intersection,0.0009435696974856519,-0.0042713716117108915,0.0052149413091965476,0.21615676864627076,475
combined_c_fes_gmr72,gmr72_bridge_composite,A_to_C_to_B,own_access_effect,true_vs_balanced_intersection,0.0009435696974856519,-0.00260942073436854,0.003552990431854196,0.19536092781443712,475
combined_c_fes_gmr72,gmr72_bridge_composite,A_to_C_to_B,own_access_effect,true_vs_performance_matched_intersection,0.0009435696974856519,-0.010001312675350642,0.010944882372836298,0.01219756048790242,475
combined_c_fes_gmr72,gmr72_bridge_composite,A_to_C_to_B,own_access_effect,true_vs_shuffled_c_intersection,0.0009435696974856519,-0.0032542801299867306,0.004197849827472387,0.2471505698860228,475
combined_c_fes_gmr72,gmr72_bridge_composite,A_to_C_to_B,own_access_effect,true_vs_phase_rotated_intersection,0.0009435696974856519,-0.003076430321828237,0.004020000019313896,0.16356728654269145,475
combined_c_fes_gmr72,gmr72_bridge_composite,B_to_C_to_A,access_readout,true_vs_random_intersection,0.008928680066057001,0.010302558277861433,-0.0013738782118044306,0.5804839032193562,502
combined_c_fes_gmr72,gmr72_bridge_composite,B_to_C_to_A,access_readout,true_vs_balanced_intersection,0.008928680066057001,0.007239201906811151,0.0016894781592458486,0.3137372525494901,502
combined_c_fes_gmr72,gmr72_bridge_composite,B_to_C_to_A,access_readout,true_vs_performance_matched_intersection,0.008928680066057001,0.0044520360552566226,0.004476644010800381,0.17976404719056188,502
combined_c_fes_gmr72,gmr72_bridge_composite,B_to_C_to_A,access_readout,true_vs_shuffled_c_intersection,0.008928680066057001,0.005555594238257511,0.003373085827799497,0.3129374125174965,502
combined_c_fes_gmr72,gmr72_bridge_composite,B_to_C_to_A,access_readout,true_vs_phase_rotated_intersection,0.008928680066057001,-0.0012273971083854318,0.010156077174442427,0.01919616076784643,502
combined_c_fes_gmr72,gmr72_bridge_composite,B_to_C_to_A,intersection_access_effect,true_vs_random_intersection,-0.2756598373274323,-0.2742859591156279,-0.0013738782118044295,0.5752849430113978,502
combined_c_fes_gmr72,gmr72_bridge_composite,B_to_C_to_A,intersection_access_effect,true_vs_balanced_intersection,-0.2756598373274323,-0.2773493154866781,0.0016894781592458482,0.3197360527894421,502
combined_c_fes_gmr72,gmr72_bridge_composite,B_to_C_to_A,intersection_access_effect,true_vs_performance_matched_intersection,-0.2756598373274323,-0.2801364813382327,0.00447664401080038,0.17776444711057787,502
combined_c_fes_gmr72,gmr72_bridge_composite,B_to_C_to_A,intersection_access_effect,true_vs_shuffled_c_intersection,-0.2756598373274323,-0.2790329231552318,0.0033730858277994957,0.29474105178964205,502
combined_c_fes_gmr72,gmr72_bridge_composite,B_to_C_to_A,intersection_access_effect,true_vs_phase_rotated_intersection,-0.2756598373274323,-0.28581591450187477,0.010156077174442427,0.02299540091981604,502
combined_c_fes_gmr72,gmr72_bridge_composite,B_to_C_to_A,opposite_access_effect,true_vs_random_intersection,-0.0009555861233429444,0.001827728876116597,-0.002783314999459542,0.6828634273145371,475
combined_c_fes_gmr72,gmr72_bridge_composite,B_to_C_to_A,opposite_access_effect,true_vs_balanced_intersection,-0.0009555861233429444,-0.0013226676528911088,0.00036708152954816785,0.45550889822035595,475
combined_c_fes_gmr72,gmr72_bridge_composite,B_to_C_to_A,opposite_access_effect,true_vs_performance_matched_intersection,-0.0009555861233429444,-0.010599310249895315,0.009643724126552372,0.014197160567886422,475
combined_c_fes_gmr72,gmr72_bridge_composite,B_to_C_to_A,opposite_access_effect,true_vs_shuffled_c_intersection,-0.0009555861233429444,-0.00220156390314497,0.0012459777798020264,0.39472105578884226,475
combined_c_fes_gmr72,gmr72_bridge_composite,B_to_C_to_A,opposite_access_effect,true_vs_phase_rotated_intersection,-0.0009555861233429444,-0.004955342634915494,0.003999756511572551,0.1957608478304339,475
combined_c_fes_gmr72,gmr72_bridge_composite,B_to_C_to_A,own_access_effect,true_vs_random_intersection,0.0007703096732834864,0.003553624672743028,-0.002783314999459541,0.6770645870825834,475
combined_c_fes_gmr72,gmr72_bridge_composite,B_to_C_to_A,own_access_effect,true_vs_balanced_intersection,0.0007703096732834864,0.0004032281437353201,0.0003670815295481674,0.46270745850829836,475
combined_c_fes_gmr72,gmr72_bridge_composite,B_to_C_to_A,own_access_effect,true_vs_performance_matched_intersection,0.0007703096732834864,-0.008873414453268882,0.009643724126552369,0.013797240551889621,475
combined_c_fes_gmr72,gmr72_bridge_composite,B_to_C_to_A,own_access_effect,true_vs_shuffled_c_intersection,0.0007703096732834864,-0.0004756681065185382,0.0012459777798020256,0.40191961607678467,475
combined_c_fes_gmr72,gmr72_bridge_composite,B_to_C_to_A,own_access_effect,true_vs_phase_rotated_intersection,0.0007703096732834864,-0.003229446838289063,0.003999756511572551,0.1875624875024995,475
gmr72_phase_conditioned,z_reward,A_to_C_to_B,access_readout,true_vs_random_intersection,0.05587104120400684,-0.002894442370807413,0.058765483574814266,0.0007998400319936012,502
gmr72_phase_conditioned,z_reward,A_to_C_to_B,access_readout,true_vs_balanced_intersection,0.05587104120400684,0.015844062761906433,0.04002697844210041,0.0001999600079984003,502
gmr72_phase_conditioned,z_reward,A_to_C_to_B,access_readout,true_vs_performance_matched_intersection,0.05587104120400684,-0.005435959008716862,0.06130700021272373,0.0001999600079984003,502
gmr72_phase_conditioned,z_reward,A_to_C_to_B,access_readout,true_vs_shuffled_c_intersection,0.05587104120400684,0.00020929752049573288,0.05566174368351113,0.0003999200159968006,502
gmr72_phase_conditioned,z_reward,A_to_C_to_B,access_readout,true_vs_phase_rotated_intersection,0.05587104120400684,0.014455800657554618,0.04141524054645224,0.0021995600879824036,502
gmr72_phase_conditioned,z_reward,A_to_C_to_B,intersection_access_effect,true_vs_random_intersection,-0.6740534344851927,-0.732818918060007,0.058765483574814266,0.0009998000399920016,502
gmr72_phase_conditioned,z_reward,A_to_C_to_B,intersection_access_effect,true_vs_balanced_intersection,-0.6740534344851927,-0.7140804129272932,0.04002697844210041,0.0001999600079984003,502
gmr72_phase_conditioned,z_reward,A_to_C_to_B,intersection_access_effect,true_vs_performance_matched_intersection,-0.6740534344851927,-0.7353604346979166,0.06130700021272372,0.0001999600079984003,502
gmr72_phase_conditioned,z_reward,A_to_C_to_B,intersection_access_effect,true_vs_shuffled_c_intersection,-0.6740534344851927,-0.7297151781687039,0.05566174368351113,0.0001999600079984003,502
gmr72_phase_conditioned,z_reward,A_to_C_to_B,intersection_access_effect,true_vs_phase_rotated_intersection,-0.6740534344851927,-0.7154686750316449,0.041415240546452244,0.003599280143971206,502
gmr72_phase_conditioned,z_reward,A_to_C_to_B,opposite_access_effect,true_vs_random_intersection,-0.0048968567148829625,-0.027703408176404258,0.0228065514615213,0.1187762447510498,406
gmr72_phase_conditioned,z_reward,A_to_C_to_B,opposite_access_effect,true_vs_balanced_intersection,-0.0048968567148829625,-0.03194428701435756,0.027047430299474595,0.003599280143971206,406
gmr72_phase_conditioned,z_reward,A_to_C_to_B,opposite_access_effect,true_vs_performance_matched_intersection,-0.0048968567148829625,-0.05399532040733161,0.049098463692448656,0.0001999600079984003,406
gmr72_phase_conditioned,z_reward,A_to_C_to_B,opposite_access_effect,true_vs_shuffled_c_intersection,-0.0048968567148829625,-0.05279237714589921,0.04789552043101624,0.0005998800239952009,406
gmr72_phase_conditioned,z_reward,A_to_C_to_B,opposite_access_effect,true_vs_phase_rotated_intersection,-0.0048968567148829625,-0.04441459695844205,0.03951774024355908,0.006998600279944011,406
gmr72_phase_conditioned,z_reward,A_to_C_to_B,own_access_effect,true_vs_random_intersection,0.007099732106235614,-0.02277239213816617,0.02987212424440181,0.055188962207558485,410
gmr72_phase_conditioned,z_reward,A_to_C_to_B,own_access_effect,true_vs_balanced_intersection,0.007099732106235614,-0.022946183465167146,0.030045915571402782,0.001999600079984003,410
gmr72_phase_conditioned,z_reward,A_to_C_to_B,own_access_effect,true_vs_performance_matched_intersection,0.007099732106235614,-0.04270752756151505,0.049807259667750674,0.0001999600079984003,410
gmr72_phase_conditioned,z_reward,A_to_C_to_B,own_access_effect,true_vs_shuffled_c_intersection,0.007099732106235614,-0.044776661485872324,0.051876393592107946,0.0001999600079984003,410
gmr72_phase_conditioned,z_reward,A_to_C_to_B,own_access_effect,true_vs_phase_rotated_intersection,0.007099732106235614,-0.03385169441419115,0.04095142652042678,0.00599880023995201,410
gmr72_phase_conditioned,z_reward,B_to_C_to_A,access_readout,true_vs_random_intersection,0.0696451046897932,-0.00479697366683559,0.07444207835662879,0.0001999600079984003,502
gmr72_phase_conditioned,z_reward,B_to_C_to_A,access_readout,true_vs_balanced_intersection,0.0696451046897932,0.012007102858149172,0.05763800183164404,0.0001999600079984003,502
gmr72_phase_conditioned,z_reward,B_to_C_to_A,access_readout,true_vs_performance_matched_intersection,0.0696451046897932,-0.015572473602471977,0.08521757829226517,0.0001999600079984003,502
gmr72_phase_conditioned,z_reward,B_to_C_to_A,access_readout,true_vs_shuffled_c_intersection,0.0696451046897932,0.005592850794813153,0.06405225389498004,0.0001999600079984003,502
gmr72_phase_conditioned,z_reward,B_to_C_to_A,access_readout,true_vs_phase_rotated_intersection,0.0696451046897932,0.015049145207782475,0.054595959482010716,0.0001999600079984003,502
gmr72_phase_conditioned,z_reward,B_to_C_to_A,intersection_access_effect,true_vs_random_intersection,-0.6602793709994064,-0.7347214493560351,0.07444207835662879,0.0001999600079984003,502
gmr72_phase_conditioned,z_reward,B_to_C_to_A,intersection_access_effect,true_vs_balanced_intersection,-0.6602793709994064,-0.7179173728310505,0.05763800183164404,0.0001999600079984003,502
gmr72_phase_conditioned,z_reward,B_to_C_to_A,intersection_access_effect,true_vs_performance_matched_intersection,-0.6602793709994064,-0.7454969492916715,0.08521757829226517,0.0001999600079984003,502
gmr72_phase_conditioned,z_reward,B_to_C_to_A,intersection_access_effect,true_vs_shuffled_c_intersection,-0.6602793709994064,-0.7243316248943864,0.06405225389498005,0.0001999600079984003,502
gmr72_phase_conditioned,z_reward,B_to_C_to_A,intersection_access_effect,true_vs_phase_rotated_intersection,-0.6602793709994064,-0.7148753304814172,0.054595959482010716,0.0001999600079984003,502
gmr72_phase_conditioned,z_reward,B_to_C_to_A,opposite_access_effect,true_vs_random_intersection,0.025820412696435337,-0.038420852649490564,0.06424126534592589,0.0003999200159968006,410
gmr72_phase_conditioned,z_reward,B_to_C_to_A,opposite_access_effect,true_vs_balanced_intersection,0.025820412696435337,-0.026632515482380263,0.05245292817881559,0.0001999600079984003,410
gmr72_phase_conditioned,z_reward,B_to_C_to_A,opposite_access_effect,true_vs_performance_matched_intersection,0.025820412696435337,-0.05833507796201698,0.08415549065845233,0.0001999600079984003,410
gmr72_phase_conditioned,z_reward,B_to_C_to_A,opposite_access_effect,true_vs_shuffled_c_intersection,0.025820412696435337,-0.032344982576179626,0.05816539527261497,0.0003999200159968006,410
gmr72_phase_conditioned,z_reward,B_to_C_to_A,opposite_access_effect,true_vs_phase_rotated_intersection,0.025820412696435337,-0.03351295641333611,0.059333369109771446,0.0001999600079984003,410
gmr72_phase_conditioned,z_reward,B_to_C_to_A,own_access_effect,true_vs_random_intersection,0.016741051049320232,-0.047207239898954416,0.06394829094827463,0.0001999600079984003,406
gmr72_phase_conditioned,z_reward,B_to_C_to_A,own_access_effect,true_vs_balanced_intersection,0.016741051049320232,-0.03442772869523292,0.05116877974455317,0.0001999600079984003,406
gmr72_phase_conditioned,z_reward,B_to_C_to_A,own_access_effect,true_vs_performance_matched_intersection,0.016741051049320232,-0.06765531209016985,0.08439636313949007,0.0001999600079984003,406
gmr72_phase_conditioned,z_reward,B_to_C_to_A,own_access_effect,true_vs_shuffled_c_intersection,0.016741051049320232,-0.039867593726362685,0.05660864477568292,0.0013997200559888023,406
gmr72_phase_conditioned,z_reward,B_to_C_to_A,own_access_effect,true_vs_phase_rotated_intersection,0.016741051049320232,-0.041943647752255536,0.058684698801575785,0.0001999600079984003,406
gmr72_phase_conditioned,rank_reward,A_to_C_to_B,access_readout,true_vs_random_intersection,0.06187058606176389,0.00895588768462811,0.0529146983771358,0.0007998400319936012,502
gmr72_phase_conditioned,rank_reward,A_to_C_to_B,access_readout,true_vs_balanced_intersection,0.06187058606176389,0.012123179360172353,0.04974740670159154,0.0001999600079984003,502
gmr72_phase_conditioned,rank_reward,A_to_C_to_B,access_readout,true_vs_performance_matched_intersection,0.06187058606176389,-0.0096362768186582,0.0715068628804221,0.0001999600079984003,502
gmr72_phase_conditioned,rank_reward,A_to_C_to_B,access_readout,true_vs_shuffled_c_intersection,0.06187058606176389,-0.00801401481147186,0.06988460087323575,0.0001999600079984003,502
gmr72_phase_conditioned,rank_reward,A_to_C_to_B,access_readout,true_vs_phase_rotated_intersection,0.06187058606176389,0.004322346628402464,0.05754823943336144,0.0001999600079984003,502
gmr72_phase_conditioned,rank_reward,A_to_C_to_B,intersection_access_effect,true_vs_random_intersection,-0.6645851073548878,-0.7174998057320235,0.05291469837713579,0.0009998000399920016,502
gmr72_phase_conditioned,rank_reward,A_to_C_to_B,intersection_access_effect,true_vs_balanced_intersection,-0.6645851073548878,-0.7143325140564794,0.04974740670159154,0.0001999600079984003,502
gmr72_phase_conditioned,rank_reward,A_to_C_to_B,intersection_access_effect,true_vs_performance_matched_intersection,-0.6645851073548878,-0.7360919702353098,0.0715068628804221,0.0001999600079984003,502
gmr72_phase_conditioned,rank_reward,A_to_C_to_B,intersection_access_effect,true_vs_shuffled_c_intersection,-0.6645851073548878,-0.7344697082281235,0.06988460087323575,0.0001999600079984003,502
gmr72_phase_conditioned,rank_reward,A_to_C_to_B,intersection_access_effect,true_vs_phase_rotated_intersection,-0.6645851073548878,-0.7221333467882493,0.057548239433361445,0.0001999600079984003,502
gmr72_phase_conditioned,rank_reward,A_to_C_to_B,opposite_access_effect,true_vs_random_intersection,0.026291597132833695,-0.0065135395502294545,0.03280513668306314,0.041591681663667265,406
gmr72_phase_conditioned,rank_reward,A_to_C_to_B,opposite_access_effect,true_vs_balanced_intersection,0.026291597132833695,-0.021378774760198064,0.047670371893031756,0.0001999600079984003,406
gmr72_phase_conditioned,rank_reward,A_to_C_to_B,opposite_access_effect,true_vs_performance_matched_intersection,0.026291597132833695,-0.04235064603364209,0.06864224316647578,0.0001999600079984003,406
gmr72_phase_conditioned,rank_reward,A_to_C_to_B,opposite_access_effect,true_vs_shuffled_c_intersection,0.026291597132833695,-0.042958319162627795,0.06924991629546148,0.0001999600079984003,406
gmr72_phase_conditioned,rank_reward,A_to_C_to_B,opposite_access_effect,true_vs_phase_rotated_intersection,0.026291597132833695,-0.0404826626892477,0.06677425982208142,0.0003999200159968006,406
gmr72_phase_conditioned,rank_reward,A_to_C_to_B,own_access_effect,true_vs_random_intersection,0.03503454358122187,-0.004259611880055779,0.03929415546127765,0.021795640871825634,410
gmr72_phase_conditioned,rank_reward,A_to_C_to_B,own_access_effect,true_vs_balanced_intersection,0.03503454358122187,-0.015211339611712525,0.050245883192934396,0.0001999600079984003,410
gmr72_phase_conditioned,rank_reward,A_to_C_to_B,own_access_effect,true_vs_performance_matched_intersection,0.03503454358122187,-0.0350268350102151,0.07006137859143698,0.0001999600079984003,410
gmr72_phase_conditioned,rank_reward,A_to_C_to_B,own_access_effect,true_vs_shuffled_c_intersection,0.03503454358122187,-0.03702065450073585,0.07205519808195773,0.0001999600079984003,410
gmr72_phase_conditioned,rank_reward,A_to_C_to_B,own_access_effect,true_vs_phase_rotated_intersection,0.03503454358122187,-0.03277714973726519,0.06781169331848706,0.0001999600079984003,410
gmr72_phase_conditioned,rank_reward,B_to_C_to_A,access_readout,true_vs_random_intersection,0.07398489923597949,-0.014146803344091585,0.08813170258007108,0.0001999600079984003,502
gmr72_phase_conditioned,rank_reward,B_to_C_to_A,access_readout,true_vs_balanced_intersection,0.07398489923597949,0.009107774549330688,0.0648771246866488,0.0001999600079984003,502
gmr72_phase_conditioned,rank_reward,B_to_C_to_A,access_readout,true_vs_performance_matched_intersection,0.07398489923597949,-0.021386494432923203,0.0953713936689027,0.0001999600079984003,502
gmr72_phase_conditioned,rank_reward,B_to_C_to_A,access_readout,true_vs_shuffled_c_intersection,0.07398489923597949,-0.004457514532102176,0.07844241376808167,0.0001999600079984003,502
gmr72_phase_conditioned,rank_reward,B_to_C_to_A,access_readout,true_vs_phase_rotated_intersection,0.07398489923597949,0.008711827201368384,0.06527307203461112,0.0001999600079984003,502
gmr72_phase_conditioned,rank_reward,B_to_C_to_A,intersection_access_effect,true_vs_random_intersection,-0.6524707941806721,-0.7406024967607433,0.08813170258007108,0.0001999600079984003,502
gmr72_phase_conditioned,rank_reward,B_to_C_to_A,intersection_access_effect,true_vs_balanced_intersection,-0.6524707941806721,-0.7173479188673209,0.0648771246866488,0.0001999600079984003,502
gmr72_phase_conditioned,rank_reward,B_to_C_to_A,intersection_access_effect,true_vs_performance_matched_intersection,-0.6524707941806721,-0.7478421878495748,0.0953713936689027,0.0001999600079984003,502
gmr72_phase_conditioned,rank_reward,B_to_C_to_A,intersection_access_effect,true_vs_shuffled_c_intersection,-0.6524707941806721,-0.7309132079487538,0.07844241376808167,0.0001999600079984003,502
gmr72_phase_conditioned,rank_reward,B_to_C_to_A,intersection_access_effect,true_vs_phase_rotated_intersection,-0.6524707941806721,-0.7177438662152833,0.06527307203461112,0.0001999600079984003,502
gmr72_phase_conditioned,rank_reward,B_to_C_to_A,opposite_access_effect,true_vs_random_intersection,0.049528774023858343,-0.03835247111490834,0.08788124513876668,0.0001999600079984003,410
gmr72_phase_conditioned,rank_reward,B_to_C_to_A,opposite_access_effect,true_vs_balanced_intersection,0.049528774023858343,-0.016700397668500174,0.06622917169235852,0.0001999600079984003,410
gmr72_phase_conditioned,rank_reward,B_to_C_to_A,opposite_access_effect,true_vs_performance_matched_intersection,0.049528774023858343,-0.052548900737574185,0.10207767476143255,0.0001999600079984003,410
gmr72_phase_conditioned,rank_reward,B_to_C_to_A,opposite_access_effect,true_vs_shuffled_c_intersection,0.049528774023858343,-0.02715079320561522,0.07667956722947358,0.0001999600079984003,410
gmr72_phase_conditioned,rank_reward,B_to_C_to_A,opposite_access_effect,true_vs_phase_rotated_intersection,0.049528774023858343,-0.028591767454725657,0.07812054147858401,0.0001999600079984003,410
gmr72_phase_conditioned,rank_reward,B_to_C_to_A,own_access_effect,true_vs_random_intersection,0.04229830127162177,-0.04532436083428374,0.0876226621059055,0.0001999600079984003,406
gmr72_phase_conditioned,rank_reward,B_to_C_to_A,own_access_effect,true_vs_balanced_intersection,0.04229830127162177,-0.02284473651692128,0.06514303778854304,0.0001999600079984003,406
gmr72_phase_conditioned,rank_reward,B_to_C_to_A,own_access_effect,true_vs_performance_matched_intersection,0.04229830127162177,-0.05912876061284807,0.10142706188446983,0.0001999600079984003,406
gmr72_phase_conditioned,rank_reward,B_to_C_to_A,own_access_effect,true_vs_shuffled_c_intersection,0.04229830127162177,-0.033428359083666974,0.07572666035528874,0.0001999600079984003,406
gmr72_phase_conditioned,rank_reward,B_to_C_to_A,own_access_effect,true_vs_phase_rotated_intersection,0.04229830127162177,-0.03570460846381364,0.07800290973543539,0.0001999600079984003,406
gmr72_phase_conditioned,gmr72_bridge_composite,A_to_C_to_B,access_readout,true_vs_random_intersection,0.013822946820651827,-0.00039757870545943636,0.014220525526111267,0.015796840631873626,502
gmr72_phase_conditioned,gmr72_bridge_composite,A_to_C_to_B,access_readout,true_vs_balanced_intersection,0.013822946820651827,0.00771518848756674,0.006107758333085084,0.004199160167966407,502
gmr72_phase_conditioned,gmr72_bridge_composite,A_to_C_to_B,access_readout,true_vs_performance_matched_intersection,0.013822946820651827,0.008303956583511185,0.005518990237140657,0.0661867626474705,502
gmr72_phase_conditioned,gmr72_bridge_composite,A_to_C_to_B,access_readout,true_vs_shuffled_c_intersection,0.013822946820651827,0.00728536619075407,0.006537580629897759,0.005198960207958408,502
gmr72_phase_conditioned,gmr72_bridge_composite,A_to_C_to_B,access_readout,true_vs_phase_rotated_intersection,0.013822946820651827,0.005870504664193966,0.00795244215645786,0.003599280143971206,502
gmr72_phase_conditioned,gmr72_bridge_composite,A_to_C_to_B,intersection_access_effect,true_vs_random_intersection,-0.27076557057283746,-0.2849860960989487,0.014220525526111265,0.01839632073585283,502
gmr72_phase_conditioned,gmr72_bridge_composite,A_to_C_to_B,intersection_access_effect,true_vs_balanced_intersection,-0.27076557057283746,-0.2768733289059226,0.006107758333085084,0.0027994401119776045,502
gmr72_phase_conditioned,gmr72_bridge_composite,A_to_C_to_B,intersection_access_effect,true_vs_performance_matched_intersection,-0.27076557057283746,-0.27628456080997815,0.005518990237140656,0.05898820235952809,502
gmr72_phase_conditioned,gmr72_bridge_composite,A_to_C_to_B,intersection_access_effect,true_vs_shuffled_c_intersection,-0.27076557057283746,-0.27730315120273524,0.006537580629897759,0.003799240151969606,502
gmr72_phase_conditioned,gmr72_bridge_composite,A_to_C_to_B,intersection_access_effect,true_vs_phase_rotated_intersection,-0.27076557057283746,-0.27871801272929536,0.007952442156457861,0.002599480103979204,502
gmr72_phase_conditioned,gmr72_bridge_composite,A_to_C_to_B,opposite_access_effect,true_vs_random_intersection,0.002402624608168625,-0.003894835747778513,0.006297460355947138,0.1187762447510498,475
gmr72_phase_conditioned,gmr72_bridge_composite,A_to_C_to_B,opposite_access_effect,true_vs_balanced_intersection,0.002402624608168625,-0.0008835249377421086,0.0032861495459107362,0.03799240151969606,475
gmr72_phase_conditioned,gmr72_bridge_composite,A_to_C_to_B,opposite_access_effect,true_vs_performance_matched_intersection,0.002402624608168625,-0.008275416878724207,0.01067804148689284,0.0007998400319936012,475
gmr72_phase_conditioned,gmr72_bridge_composite,A_to_C_to_B,opposite_access_effect,true_vs_shuffled_c_intersection,0.002402624608168625,-0.002694448281947977,0.005097072890116608,0.008598280343931213,475
gmr72_phase_conditioned,gmr72_bridge_composite,A_to_C_to_B,opposite_access_effect,true_vs_phase_rotated_intersection,0.002402624608168625,-0.002042615404383673,0.004445240012552309,0.01999600079984003,475
gmr72_phase_conditioned,gmr72_bridge_composite,A_to_C_to_B,own_access_effect,true_vs_random_intersection,0.0006767288115421996,-0.005620731544404937,0.006297460355947136,0.1287742451509698,475
gmr72_phase_conditioned,gmr72_bridge_composite,A_to_C_to_B,own_access_effect,true_vs_balanced_intersection,0.0006767288115421996,-0.00260942073436854,0.003286149545910736,0.03579284143171366,475
gmr72_phase_conditioned,gmr72_bridge_composite,A_to_C_to_B,own_access_effect,true_vs_performance_matched_intersection,0.0006767288115421996,-0.010001312675350642,0.010678041486892838,0.0001999600079984003,475
gmr72_phase_conditioned,gmr72_bridge_composite,A_to_C_to_B,own_access_effect,true_vs_shuffled_c_intersection,0.0006767288115421996,-0.0044203440785744105,0.005097072890116607,0.008198360327934412,475
gmr72_phase_conditioned,gmr72_bridge_composite,A_to_C_to_B,own_access_effect,true_vs_phase_rotated_intersection,0.0006767288115421996,-0.0037685112010101113,0.004445240012552309,0.014597080583883223,475
gmr72_phase_conditioned,gmr72_bridge_composite,B_to_C_to_A,access_readout,true_vs_random_intersection,0.013854175776232883,0.002480722022698785,0.011373453753534102,0.03179364127174565,502
gmr72_phase_conditioned,gmr72_bridge_composite,B_to_C_to_A,access_readout,true_vs_balanced_intersection,0.013854175776232883,0.007239201906811151,0.006614973869421733,0.0009998000399920016,502
gmr72_phase_conditioned,gmr72_bridge_composite,B_to_C_to_A,access_readout,true_vs_performance_matched_intersection,0.013854175776232883,0.0044520360552566226,0.009402139720976265,0.002599480103979204,502
gmr72_phase_conditioned,gmr72_bridge_composite,B_to_C_to_A,access_readout,true_vs_shuffled_c_intersection,0.013854175776232883,0.008723908200275476,0.0051302675759574146,0.016596680663867228,502
gmr72_phase_conditioned,gmr72_bridge_composite,B_to_C_to_A,access_readout,true_vs_phase_rotated_intersection,0.013854175776232883,0.007102966607728788,0.006751209168504103,0.01199760047990402,502
gmr72_phase_conditioned,gmr72_bridge_composite,B_to_C_to_A,intersection_access_effect,true_vs_random_intersection,-0.2707343416172564,-0.28210779537079056,0.011373453753534104,0.030393921215756847,502
gmr72_phase_conditioned,gmr72_bridge_composite,B_to_C_to_A,intersection_access_effect,true_vs_balanced_intersection,-0.2707343416172564,-0.2773493154866781,0.006614973869421734,0.0007998400319936012,502
gmr72_phase_conditioned,gmr72_bridge_composite,B_to_C_to_A,intersection_access_effect,true_vs_performance_matched_intersection,-0.2707343416172564,-0.2801364813382327,0.009402139720976265,0.0023995200959808036,502
gmr72_phase_conditioned,gmr72_bridge_composite,B_to_C_to_A,intersection_access_effect,true_vs_shuffled_c_intersection,-0.2707343416172564,-0.27586460919321387,0.005130267575957413,0.015396920615876825,502
gmr72_phase_conditioned,gmr72_bridge_composite,B_to_C_to_A,intersection_access_effect,true_vs_phase_rotated_intersection,-0.2707343416172564,-0.27748555078576054,0.006751209168504102,0.011397720455908818,502
gmr72_phase_conditioned,gmr72_bridge_composite,B_to_C_to_A,opposite_access_effect,true_vs_random_intersection,0.0032429555771991215,-0.0063654021787679345,0.009608357755967049,0.035992801439712056,475
gmr72_phase_conditioned,gmr72_bridge_composite,B_to_C_to_A,opposite_access_effect,true_vs_balanced_intersection,0.0032429555771991215,-0.0013226676528911088,0.004565623230090231,0.005598880223955209,475
gmr72_phase_conditioned,gmr72_bridge_composite,B_to_C_to_A,opposite_access_effect,true_vs_performance_matched_intersection,0.0032429555771991215,-0.010599310249895315,0.013842265827094436,0.0001999600079984003,475
gmr72_phase_conditioned,gmr72_bridge_composite,B_to_C_to_A,opposite_access_effect,true_vs_shuffled_c_intersection,0.0032429555771991215,-0.0008729848270672435,0.004115940404266365,0.03179364127174565,475
gmr72_phase_conditioned,gmr72_bridge_composite,B_to_C_to_A,opposite_access_effect,true_vs_phase_rotated_intersection,0.0032429555771991215,-0.0011108178353166711,0.0043537734125157915,0.03459308138372325,475
gmr72_phase_conditioned,gmr72_bridge_composite,B_to_C_to_A,own_access_effect,true_vs_random_intersection,0.004968851373825552,-0.004639506382141499,0.009608357755967054,0.039192161567686463,475
gmr72_phase_conditioned,gmr72_bridge_composite,B_to_C_to_A,own_access_effect,true_vs_balanced_intersection,0.004968851373825552,0.0004032281437353201,0.004565623230090231,0.004199160167966407,475
gmr72_phase_conditioned,gmr72_bridge_composite,B_to_C_to_A,own_access_effect,true_vs_performance_matched_intersection,0.004968851373825552,-0.008873414453268882,0.013842265827094436,0.0001999600079984003,475
gmr72_phase_conditioned,gmr72_bridge_composite,B_to_C_to_A,own_access_effect,true_vs_shuffled_c_intersection,0.004968851373825552,0.0008529109695591873,0.0041159404042663645,0.021595680863827234,475
gmr72_phase_conditioned,gmr72_bridge_composite,B_to_C_to_A,own_access_effect,true_vs_phase_rotated_intersection,0.004968851373825552,0.0006150779613097568,0.004353773412515793,0.030393921215756847,475
fes_string_conditioned,z_reward,A_to_C_to_B,access_readout,true_vs_random_intersection,0.018658138981301576,0.0066268363050462934,0.012031302676255282,0.22395520895820836,502
fes_string_conditioned,z_reward,A_to_C_to_B,access_readout,true_vs_balanced_intersection,0.018658138981301576,0.015844062761906433,0.002814076219395133,0.2975404919016197,502
fes_string_conditioned,z_reward,A_to_C_to_B,access_readout,true_vs_performance_matched_intersection,0.018658138981301576,-0.005435959008716862,0.024094097990018444,0.002999400119976005,502
fes_string_conditioned,z_reward,A_to_C_to_B,access_readout,true_vs_shuffled_c_intersection,0.018658138981301576,0.016235621536269527,0.002422517445032044,0.3709258148370326,502
fes_string_conditioned,z_reward,A_to_C_to_B,access_readout,true_vs_phase_rotated_intersection,0.018658138981301576,0.014451627881780206,0.004206511099521369,0.24315136972605478,502
fes_string_conditioned,z_reward,A_to_C_to_B,intersection_access_effect,true_vs_random_intersection,-0.711266336707898,-0.7232976393841534,0.012031302676255285,0.22975404919016196,502
fes_string_conditioned,z_reward,A_to_C_to_B,intersection_access_effect,true_vs_balanced_intersection,-0.711266336707898,-0.7140804129272932,0.002814076219395136,0.29874025194961007,502
fes_string_conditioned,z_reward,A_to_C_to_B,intersection_access_effect,true_vs_performance_matched_intersection,-0.711266336707898,-0.7353604346979166,0.02409409799001844,0.004199160167966407,502
fes_string_conditioned,z_reward,A_to_C_to_B,intersection_access_effect,true_vs_shuffled_c_intersection,-0.711266336707898,-0.71368885415293,0.002422517445032047,0.3727254549090182,502
fes_string_conditioned,z_reward,A_to_C_to_B,intersection_access_effect,true_vs_phase_rotated_intersection,-0.711266336707898,-0.7154728478074194,0.004206511099521369,0.251749650069986,502
fes_string_conditioned,z_reward,A_to_C_to_B,opposite_access_effect,true_vs_random_intersection,-0.032270417248479615,-0.05217671599806664,0.01990629874958704,0.14177164567086584,406
fes_string_conditioned,z_reward,A_to_C_to_B,opposite_access_effect,true_vs_balanced_intersection,-0.032270417248479615,-0.03194428701435756,-0.00032613023412205757,0.5292941411717657,406
fes_string_conditioned,z_reward,A_to_C_to_B,opposite_access_effect,true_vs_performance_matched_intersection,-0.032270417248479615,-0.05399532040733161,0.021724903158852,0.0065986802639472104,406
fes_string_conditioned,z_reward,A_to_C_to_B,opposite_access_effect,true_vs_shuffled_c_intersection,-0.032270417248479615,-0.03539139072377258,0.003120973475292964,0.34153169366126773,406
fes_string_conditioned,z_reward,A_to_C_to_B,opposite_access_effect,true_vs_phase_rotated_intersection,-0.032270417248479615,-0.03350806451927806,0.0012376472707984422,0.4201159768046391,406
fes_string_conditioned,z_reward,A_to_C_to_B,own_access_effect,true_vs_random_intersection,-0.02175469387079361,-0.04177305916569904,0.020018365294905447,0.1341731653669266,410
fes_string_conditioned,z_reward,A_to_C_to_B,own_access_effect,true_vs_balanced_intersection,-0.02175469387079361,-0.022946183465167146,0.0011914895943735393,0.4159168166366727,410
fes_string_conditioned,z_reward,A_to_C_to_B,own_access_effect,true_vs_performance_matched_intersection,-0.02175469387079361,-0.04270752756151505,0.020952833690721435,0.006798640271945611,410
fes_string_conditioned,z_reward,A_to_C_to_B,own_access_effect,true_vs_shuffled_c_intersection,-0.02175469387079361,-0.027741528618601623,0.005986834747808019,0.21935612877424515,410
fes_string_conditioned,z_reward,A_to_C_to_B,own_access_effect,true_vs_phase_rotated_intersection,-0.02175469387079361,-0.025315571953341193,0.003560878082547582,0.2761447710457908,410
fes_string_conditioned,z_reward,B_to_C_to_A,access_readout,true_vs_random_intersection,0.01745633281101758,0.018921599065429597,-0.0014652662544120116,0.5472905418916216,502
fes_string_conditioned,z_reward,B_to_C_to_A,access_readout,true_vs_balanced_intersection,0.01745633281101758,0.012007102858149172,0.005449229952868407,0.21215756848630274,502
fes_string_conditioned,z_reward,B_to_C_to_A,access_readout,true_vs_performance_matched_intersection,0.01745633281101758,-0.015572473602471977,0.033028806413489556,0.001999600079984003,502
fes_string_conditioned,z_reward,B_to_C_to_A,access_readout,true_vs_shuffled_c_intersection,0.01745633281101758,0.024229335651360706,-0.006773002840343121,0.7530493901219756,502
fes_string_conditioned,z_reward,B_to_C_to_A,access_readout,true_vs_phase_rotated_intersection,0.01745633281101758,0.008623570037968372,0.00883276277304921,0.1951609678064387,502
fes_string_conditioned,z_reward,B_to_C_to_A,intersection_access_effect,true_vs_random_intersection,-0.7124681428781819,-0.71100287662377,-0.001465266254412018,0.5416916616676665,502
fes_string_conditioned,z_reward,B_to_C_to_A,intersection_access_effect,true_vs_balanced_intersection,-0.7124681428781819,-0.7179173728310505,0.005449229952868406,0.20375924815036991,502
fes_string_conditioned,z_reward,B_to_C_to_A,intersection_access_effect,true_vs_performance_matched_intersection,-0.7124681428781819,-0.7454969492916715,0.033028806413489556,0.0005998800239952009,502
fes_string_conditioned,z_reward,B_to_C_to_A,intersection_access_effect,true_vs_shuffled_c_intersection,-0.7124681428781819,-0.705695140037839,-0.006773002840343124,0.7690461907618477,502
fes_string_conditioned,z_reward,B_to_C_to_A,intersection_access_effect,true_vs_phase_rotated_intersection,-0.7124681428781819,-0.7213009056512312,0.008832762773049207,0.19896020795840832,502
fes_string_conditioned,z_reward,B_to_C_to_A,opposite_access_effect,true_vs_random_intersection,-0.021671678240057828,-0.017423082819383567,-0.00424859542067426,0.6008798240351929,410
fes_string_conditioned,z_reward,B_to_C_to_A,opposite_access_effect,true_vs_balanced_intersection,-0.021671678240057828,-0.026632515482380263,0.004960837242322426,0.22455508898220355,410
fes_string_conditioned,z_reward,B_to_C_to_A,opposite_access_effect,true_vs_performance_matched_intersection,-0.021671678240057828,-0.05833507796201698,0.03666339972195916,0.0003999200159968006,410
fes_string_conditioned,z_reward,B_to_C_to_A,opposite_access_effect,true_vs_shuffled_c_intersection,-0.021671678240057828,-0.016062371141914,-0.00560930709814383,0.7090581883623275,410
fes_string_conditioned,z_reward,B_to_C_to_A,opposite_access_effect,true_vs_phase_rotated_intersection,-0.021671678240057828,-0.030692998672095087,0.00902132043203726,0.1871625674865027,410
fes_string_conditioned,z_reward,B_to_C_to_A,own_access_effect,true_vs_random_intersection,-0.03044214069855939,-0.0228523038227124,-0.007589836875846991,0.6722655468906219,406
fes_string_conditioned,z_reward,B_to_C_to_A,own_access_effect,true_vs_balanced_intersection,-0.03044214069855939,-0.03442772869523292,0.003985587996673534,0.26494701059788045,406
fes_string_conditioned,z_reward,B_to_C_to_A,own_access_effect,true_vs_performance_matched_intersection,-0.03044214069855939,-0.06765531209016985,0.03721317139161046,0.0001999600079984003,406
fes_string_conditioned,z_reward,B_to_C_to_A,own_access_effect,true_vs_shuffled_c_intersection,-0.03044214069855939,-0.0224034882667977,-0.008038652431761694,0.7974405118976204,406
fes_string_conditioned,z_reward,B_to_C_to_A,own_access_effect,true_vs_phase_rotated_intersection,-0.03044214069855939,-0.037761629359142714,0.007319488660583328,0.24135172965406917,406
fes_string_conditioned,rank_reward,A_to_C_to_B,access_readout,true_vs_random_intersection,0.02494861566792868,-0.011746606742883156,0.03669522241081184,0.009198160367926415,502
fes_string_conditioned,rank_reward,A_to_C_to_B,access_readout,true_vs_balanced_intersection,0.02494861566792868,0.012123179360172353,0.012825436307756335,0.014997000599880024,502
fes_string_conditioned,rank_reward,A_to_C_to_B,access_readout,true_vs_performance_matched_intersection,0.02494861566792868,-0.0096362768186582,0.034584892486586895,0.0001999600079984003,502
fes_string_conditioned,rank_reward,A_to_C_to_B,access_readout,true_vs_shuffled_c_intersection,0.02494861566792868,0.013937031927402026,0.011011583740526657,0.10117976404719056,502
fes_string_conditioned,rank_reward,A_to_C_to_B,access_readout,true_vs_phase_rotated_intersection,0.02494861566792868,0.017044430799851715,0.007904184868076975,0.11497700459908018,502
fes_string_conditioned,rank_reward,A_to_C_to_B,intersection_access_effect,true_vs_random_intersection,-0.701507077748723,-0.7382023001595348,0.036695222410811836,0.008998200359928014,502
fes_string_conditioned,rank_reward,A_to_C_to_B,intersection_access_effect,true_vs_balanced_intersection,-0.701507077748723,-0.7143325140564794,0.01282543630775633,0.013597280543891222,502
fes_string_conditioned,rank_reward,A_to_C_to_B,intersection_access_effect,true_vs_performance_matched_intersection,-0.701507077748723,-0.7360919702353098,0.03458489248658689,0.0007998400319936012,502
fes_string_conditioned,rank_reward,A_to_C_to_B,intersection_access_effect,true_vs_shuffled_c_intersection,-0.701507077748723,-0.7125186614892495,0.011011583740526654,0.10297940411917617,502
fes_string_conditioned,rank_reward,A_to_C_to_B,intersection_access_effect,true_vs_phase_rotated_intersection,-0.701507077748723,-0.7094112626167999,0.007904184868076971,0.11377724455108978,502
fes_string_conditioned,rank_reward,A_to_C_to_B,opposite_access_effect,true_vs_random_intersection,-0.011132573216385215,-0.05135752478603554,0.04022495156965033,0.013197360527894421,406
fes_string_conditioned,rank_reward,A_to_C_to_B,opposite_access_effect,true_vs_balanced_intersection,-0.011132573216385215,-0.021378774760198064,0.010246201543812847,0.05018996200759848,406
fes_string_conditioned,rank_reward,A_to_C_to_B,opposite_access_effect,true_vs_performance_matched_intersection,-0.011132573216385215,-0.04235064603364209,0.03121807281725687,0.0009998000399920016,406
fes_string_conditioned,rank_reward,A_to_C_to_B,opposite_access_effect,true_vs_shuffled_c_intersection,-0.011132573216385215,-0.023371434135145426,0.012238860918760227,0.08418316336732654,406
fes_string_conditioned,rank_reward,A_to_C_to_B,opposite_access_effect,true_vs_phase_rotated_intersection,-0.011132573216385215,-0.019941301588942913,0.008808728372557693,0.10477904419116177,406
fes_string_conditioned,rank_reward,A_to_C_to_B,own_access_effect,true_vs_random_intersection,-0.004137608106630773,-0.04335876846545192,0.03922116035882116,0.015396920615876825,410
fes_string_conditioned,rank_reward,A_to_C_to_B,own_access_effect,true_vs_balanced_intersection,-0.004137608106630773,-0.015211339611712525,0.01107373150508176,0.039192161567686463,410
fes_string_conditioned,rank_reward,A_to_C_to_B,own_access_effect,true_vs_performance_matched_intersection,-0.004137608106630773,-0.0350268350102151,0.03088922690358433,0.0013997200559888023,410
fes_string_conditioned,rank_reward,A_to_C_to_B,own_access_effect,true_vs_shuffled_c_intersection,-0.004137608106630773,-0.01862132076195232,0.014483712655321536,0.0623875224955009,410
fes_string_conditioned,rank_reward,A_to_C_to_B,own_access_effect,true_vs_phase_rotated_intersection,-0.004137608106630773,-0.014151164381217128,0.010013556274586347,0.08678264347130574,410
fes_string_conditioned,rank_reward,B_to_C_to_A,access_readout,true_vs_random_intersection,0.020898407577332148,0.02473090265766455,-0.003832495080332412,0.596880623875225,502
fes_string_conditioned,rank_reward,B_to_C_to_A,access_readout,true_vs_balanced_intersection,0.020898407577332148,0.009107774549330688,0.011790633028001443,0.03519296140771846,502
fes_string_conditioned,rank_reward,B_to_C_to_A,access_readout,true_vs_performance_matched_intersection,0.020898407577332148,-0.021386494432923203,0.042284902010255344,0.0001999600079984003,502
fes_string_conditioned,rank_reward,B_to_C_to_A,access_readout,true_vs_shuffled_c_intersection,0.020898407577332148,0.019835003675874274,0.0010634039014578614,0.46070785842831435,502
fes_string_conditioned,rank_reward,B_to_C_to_A,access_readout,true_vs_phase_rotated_intersection,0.020898407577332148,0.006962863753243034,0.013935543824089108,0.08898220355928814,502
fes_string_conditioned,rank_reward,B_to_C_to_A,intersection_access_effect,true_vs_random_intersection,-0.7055572858393194,-0.7017247907589872,-0.003832495080332412,0.5884823035392921,502
fes_string_conditioned,rank_reward,B_to_C_to_A,intersection_access_effect,true_vs_balanced_intersection,-0.7055572858393194,-0.7173479188673209,0.011790633028001443,0.03719256148770246,502
fes_string_conditioned,rank_reward,B_to_C_to_A,intersection_access_effect,true_vs_performance_matched_intersection,-0.7055572858393194,-0.7478421878495748,0.042284902010255344,0.0001999600079984003,502
fes_string_conditioned,rank_reward,B_to_C_to_A,intersection_access_effect,true_vs_shuffled_c_intersection,-0.7055572858393194,-0.7066206897407773,0.0010634039014578694,0.4469106178764247,502
fes_string_conditioned,rank_reward,B_to_C_to_A,intersection_access_effect,true_vs_phase_rotated_intersection,-0.7055572858393194,-0.7194928296634087,0.013935543824089113,0.08958208358328335,502
fes_string_conditioned,rank_reward,B_to_C_to_A,opposite_access_effect,true_vs_random_intersection,-0.006764073793723963,0.001089701323762435,-0.007853775117486392,0.6836632673465307,410
fes_string_conditioned,rank_reward,B_to_C_to_A,opposite_access_effect,true_vs_balanced_intersection,-0.006764073793723963,-0.016700397668500174,0.009936323874776222,0.07438512297540492,410
fes_string_conditioned,rank_reward,B_to_C_to_A,opposite_access_effect,true_vs_performance_matched_intersection,-0.006764073793723963,-0.052548900737574185,0.04578482694385023,0.0003999200159968006,410
fes_string_conditioned,rank_reward,B_to_C_to_A,opposite_access_effect,true_vs_shuffled_c_intersection,-0.006764073793723963,-0.008624178503389146,0.001860104709665185,0.4283143371325735,410
fes_string_conditioned,rank_reward,B_to_C_to_A,opposite_access_effect,true_vs_phase_rotated_intersection,-0.006764073793723963,-0.022090229007433314,0.015326155213709357,0.07678464307138572,410
fes_string_conditioned,rank_reward,B_to_C_to_A,own_access_effect,true_vs_random_intersection,-0.013317519713048521,-0.0023833164394788785,-0.010934203273569637,0.7290541891621676,406
fes_string_conditioned,rank_reward,B_to_C_to_A,own_access_effect,true_vs_balanced_intersection,-0.013317519713048521,-0.02284473651692128,0.009527216803872756,0.08398320335932813,406
fes_string_conditioned,rank_reward,B_to_C_to_A,own_access_effect,true_vs_performance_matched_intersection,-0.013317519713048521,-0.05912876061284807,0.04581124089979955,0.0003999200159968006,406
fes_string_conditioned,rank_reward,B_to_C_to_A,own_access_effect,true_vs_shuffled_c_intersection,-0.013317519713048521,-0.013564261326764998,0.0002467416137164815,0.4933013397320536,406
fes_string_conditioned,rank_reward,B_to_C_to_A,own_access_effect,true_vs_phase_rotated_intersection,-0.013317519713048521,-0.028181115542304108,0.014863595829255583,0.08958208358328335,406
fes_string_conditioned,gmr72_bridge_composite,A_to_C_to_B,access_readout,true_vs_random_intersection,0.010627883977362742,0.00834026341633942,0.0022876205610233335,0.3623275344931014,502
fes_string_conditioned,gmr72_bridge_composite,A_to_C_to_B,access_readout,true_vs_balanced_intersection,0.010627883977362742,0.00771518848756674,0.0029126954897960066,0.013197360527894421,502
fes_string_conditioned,gmr72_bridge_composite,A_to_C_to_B,access_readout,true_vs_performance_matched_intersection,0.010627883977362742,0.008303956583511185,0.002323927393851579,0.2519496100779844,502
fes_string_conditioned,gmr72_bridge_composite,A_to_C_to_B,access_readout,true_vs_shuffled_c_intersection,0.010627883977362742,0.00908214123823394,0.0015457427391288062,0.15436912617476506,502
fes_string_conditioned,gmr72_bridge_composite,A_to_C_to_B,access_readout,true_vs_phase_rotated_intersection,0.010627883977362742,0.00721152137443567,0.003416362602927083,0.011597680463907219,502
fes_string_conditioned,gmr72_bridge_composite,A_to_C_to_B,intersection_access_effect,true_vs_random_intersection,-0.27396063341612653,-0.2762482539771499,0.0022876205610233317,0.3655268946210758,502
fes_string_conditioned,gmr72_bridge_composite,A_to_C_to_B,intersection_access_effect,true_vs_balanced_intersection,-0.27396063341612653,-0.2768733289059226,0.0029126954897960057,0.009998000399920015,502
fes_string_conditioned,gmr72_bridge_composite,A_to_C_to_B,intersection_access_effect,true_vs_performance_matched_intersection,-0.27396063341612653,-0.27628456080997815,0.002323927393851578,0.25874825034993,502
fes_string_conditioned,gmr72_bridge_composite,A_to_C_to_B,intersection_access_effect,true_vs_shuffled_c_intersection,-0.27396063341612653,-0.2755063761552553,0.0015457427391288047,0.14597080583883223,502
fes_string_conditioned,gmr72_bridge_composite,A_to_C_to_B,intersection_access_effect,true_vs_phase_rotated_intersection,-0.27396063341612653,-0.2773769960190537,0.0034163626029270816,0.010997800439912017,502
fes_string_conditioned,gmr72_bridge_composite,A_to_C_to_B,opposite_access_effect,true_vs_random_intersection,-0.0005737979699227234,-0.005910265937204902,0.005336467967282179,0.15916816636672665,475
fes_string_conditioned,gmr72_bridge_composite,A_to_C_to_B,opposite_access_effect,true_vs_balanced_intersection,-0.0005737979699227234,-0.0008835249377421086,0.0003097269678193815,0.36472705458908217,475
fes_string_conditioned,gmr72_bridge_composite,A_to_C_to_B,opposite_access_effect,true_vs_performance_matched_intersection,-0.0005737979699227234,-0.008275416878724207,0.007701618908801486,0.003799240151969606,475
fes_string_conditioned,gmr72_bridge_composite,A_to_C_to_B,opposite_access_effect,true_vs_shuffled_c_intersection,-0.0005737979699227234,-0.001029352786892225,0.0004555548169695008,0.3197360527894421,475
fes_string_conditioned,gmr72_bridge_composite,A_to_C_to_B,opposite_access_effect,true_vs_phase_rotated_intersection,-0.0005737979699227234,-0.0010903285413777896,0.0005165305714550649,0.3031393721255749,475
fes_string_conditioned,gmr72_bridge_composite,A_to_C_to_B,own_access_effect,true_vs_random_intersection,-0.0022996937665491555,-0.007636161733831338,0.005336467967282182,0.15956808638272346,475
fes_string_conditioned,gmr72_bridge_composite,A_to_C_to_B,own_access_effect,true_vs_balanced_intersection,-0.0022996937665491555,-0.00260942073436854,0.00030972696781938276,0.35912817436512695,475
fes_string_conditioned,gmr72_bridge_composite,A_to_C_to_B,own_access_effect,true_vs_performance_matched_intersection,-0.0022996937665491555,-0.010001312675350642,0.007701618908801485,0.003799240151969606,475
fes_string_conditioned,gmr72_bridge_composite,A_to_C_to_B,own_access_effect,true_vs_shuffled_c_intersection,-0.0022996937665491555,-0.0027552485835186575,0.00045555481696950024,0.3187362527494501,475
fes_string_conditioned,gmr72_bridge_composite,A_to_C_to_B,own_access_effect,true_vs_phase_rotated_intersection,-0.0022996937665491555,-0.002816224338004223,0.0005165305714550654,0.28274345130973805,475
fes_string_conditioned,gmr72_bridge_composite,B_to_C_to_A,access_readout,true_vs_random_intersection,0.010195952489870064,0.007364492276732881,0.0028314602131371833,0.34433113377324537,502
fes_string_conditioned,gmr72_bridge_composite,B_to_C_to_A,access_readout,true_vs_balanced_intersection,0.010195952489870064,0.007239201906811151,0.00295675058305891,0.01919616076784643,502
fes_string_conditioned,gmr72_bridge_composite,B_to_C_to_A,access_readout,true_vs_performance_matched_intersection,0.010195952489870064,0.0044520360552566226,0.005743916434613442,0.04399120175964807,502
fes_string_conditioned,gmr72_bridge_composite,B_to_C_to_A,access_readout,true_vs_shuffled_c_intersection,0.010195952489870064,0.009267676624901213,0.0009282758649688484,0.2927414517096581,502
fes_string_conditioned,gmr72_bridge_composite,B_to_C_to_A,access_readout,true_vs_phase_rotated_intersection,0.010195952489870064,0.0059694566963491465,0.004226495793520923,0.03259348130373925,502
fes_string_conditioned,gmr72_bridge_composite,B_to_C_to_A,intersection_access_effect,true_vs_random_intersection,-0.27439256490361924,-0.2772240251167564,0.0028314602131371833,0.32373525294941013,502
fes_string_conditioned,gmr72_bridge_composite,B_to_C_to_A,intersection_access_effect,true_vs_balanced_intersection,-0.27439256490361924,-0.2773493154866781,0.0029567505830589095,0.016196760647870425,502
fes_string_conditioned,gmr72_bridge_composite,B_to_C_to_A,intersection_access_effect,true_vs_performance_matched_intersection,-0.27439256490361924,-0.2801364813382327,0.005743916434613441,0.041391721655668866,502
fes_string_conditioned,gmr72_bridge_composite,B_to_C_to_A,intersection_access_effect,true_vs_shuffled_c_intersection,-0.27439256490361924,-0.2753208407685881,0.0009282758649688482,0.28854229154169164,502
fes_string_conditioned,gmr72_bridge_composite,B_to_C_to_A,intersection_access_effect,true_vs_phase_rotated_intersection,-0.27439256490361924,-0.27861906069714015,0.004226495793520921,0.041591681663667265,502
fes_string_conditioned,gmr72_bridge_composite,B_to_C_to_A,opposite_access_effect,true_vs_random_intersection,-0.0010818546091058239,-0.0011743725622608721,9.251795315504486e-05,0.5018996200759848,475
fes_string_conditioned,gmr72_bridge_composite,B_to_C_to_A,opposite_access_effect,true_vs_balanced_intersection,-0.0010818546091058239,-0.0013226676528911088,0.00024081304378528674,0.38392321535692864,475
fes_string_conditioned,gmr72_bridge_composite,B_to_C_to_A,opposite_access_effect,true_vs_performance_matched_intersection,-0.0010818546091058239,-0.010599310249895315,0.009517455640789492,0.0009998000399920016,475
fes_string_conditioned,gmr72_bridge_composite,B_to_C_to_A,opposite_access_effect,true_vs_shuffled_c_intersection,-0.0010818546091058239,-0.0005172015040539281,-0.0005646531050518943,0.7080583883223356,475
fes_string_conditioned,gmr72_bridge_composite,B_to_C_to_A,opposite_access_effect,true_vs_phase_rotated_intersection,-0.0010818546091058239,-0.001503977368876827,0.0004221227597710018,0.38912217556488704,475
fes_string_conditioned,gmr72_bridge_composite,B_to_C_to_A,own_access_effect,true_vs_random_intersection,0.0006440411875206068,0.0005515232343655615,9.25179531550465e-05,0.49250149970005996,475
fes_string_conditioned,gmr72_bridge_composite,B_to_C_to_A,own_access_effect,true_vs_balanced_intersection,0.0006440411875206068,0.0004032281437353201,0.00024081304378528693,0.39652069586082783,475
fes_string_conditioned,gmr72_bridge_composite,B_to_C_to_A,own_access_effect,true_vs_performance_matched_intersection,0.0006440411875206068,-0.008873414453268882,0.00951745564078949,0.0005998800239952009,475
fes_string_conditioned,gmr72_bridge_composite,B_to_C_to_A,own_access_effect,true_vs_shuffled_c_intersection,0.0006440411875206068,0.0012086942925724985,-0.0005646531050518952,0.6940611877624475,475
fes_string_conditioned,gmr72_bridge_composite,B_to_C_to_A,own_access_effect,true_vs_phase_rotated_intersection,0.0006440411875206068,0.00022191842774960802,0.00042212275977100293,0.3869226154769046,475
linear_c_state,z_reward,A_to_C_to_B,access_readout,true_vs_random_intersection,0.05564974190538355,-0.002894442370807413,0.05854418427619096,0.0005998800239952009,502
linear_c_state,z_reward,A_to_C_to_B,access_readout,true_vs_balanced_intersection,0.05564974190538355,0.015844062761906433,0.0398056791434771,0.0001999600079984003,502
linear_c_state,z_reward,A_to_C_to_B,access_readout,true_vs_performance_matched_intersection,0.05564974190538355,-0.005435959008716862,0.061085700914100406,0.0001999600079984003,502
linear_c_state,z_reward,A_to_C_to_B,access_readout,true_vs_shuffled_c_intersection,0.05564974190538355,-0.003820671518807902,0.059470413424191446,0.0001999600079984003,502
linear_c_state,z_reward,A_to_C_to_B,access_readout,true_vs_phase_rotated_intersection,0.05564974190538355,0.015107110945242256,0.04054263096014129,0.001999600079984003,502
linear_c_state,z_reward,A_to_C_to_B,intersection_access_effect,true_vs_random_intersection,-0.6742747337838161,-0.732818918060007,0.05854418427619096,0.0009998000399920016,502
linear_c_state,z_reward,A_to_C_to_B,intersection_access_effect,true_vs_balanced_intersection,-0.6742747337838161,-0.7140804129272932,0.0398056791434771,0.0001999600079984003,502
linear_c_state,z_reward,A_to_C_to_B,intersection_access_effect,true_vs_performance_matched_intersection,-0.6742747337838161,-0.7353604346979166,0.061085700914100406,0.0001999600079984003,502
linear_c_state,z_reward,A_to_C_to_B,intersection_access_effect,true_vs_shuffled_c_intersection,-0.6742747337838161,-0.7337451472080075,0.059470413424191446,0.0001999600079984003,502
linear_c_state,z_reward,A_to_C_to_B,intersection_access_effect,true_vs_phase_rotated_intersection,-0.6742747337838161,-0.7148173647439574,0.04054263096014129,0.001999600079984003,502
linear_c_state,z_reward,A_to_C_to_B,opposite_access_effect,true_vs_random_intersection,-0.002350580126828983,-0.027703408176404258,0.02535282804957528,0.08858228354329134,406
linear_c_state,z_reward,A_to_C_to_B,opposite_access_effect,true_vs_balanced_intersection,-0.002350580126828983,-0.03194428701435756,0.029593706887528576,0.0007998400319936012,406
linear_c_state,z_reward,A_to_C_to_B,opposite_access_effect,true_vs_performance_matched_intersection,-0.002350580126828983,-0.05399532040733161,0.05164474028050263,0.0001999600079984003,406
linear_c_state,z_reward,A_to_C_to_B,opposite_access_effect,true_vs_shuffled_c_intersection,-0.002350580126828983,-0.05155310012389833,0.049202519997069365,0.0001999600079984003,406
linear_c_state,z_reward,A_to_C_to_B,opposite_access_effect,true_vs_phase_rotated_intersection,-0.002350580126828983,-0.03935038199146246,0.03699980186463347,0.009998000399920015,406
linear_c_state,z_reward,A_to_C_to_B,own_access_effect,true_vs_random_intersection,0.010252586938480412,-0.02277239213816617,0.03302497907664658,0.04379124175164967,410
linear_c_state,z_reward,A_to_C_to_B,own_access_effect,true_vs_balanced_intersection,0.010252586938480412,-0.022946183465167146,0.03319877040364754,0.0003999200159968006,410
linear_c_state,z_reward,A_to_C_to_B,own_access_effect,true_vs_performance_matched_intersection,0.010252586938480412,-0.04270752756151505,0.05296011449999544,0.0001999600079984003,410
linear_c_state,z_reward,A_to_C_to_B,own_access_effect,true_vs_shuffled_c_intersection,0.010252586938480412,-0.04443265695618724,0.05468524389466764,0.0001999600079984003,410
linear_c_state,z_reward,A_to_C_to_B,own_access_effect,true_vs_phase_rotated_intersection,0.010252586938480412,-0.02838253450240246,0.03863512144088285,0.005198960207958408,410
linear_c_state,z_reward,B_to_C_to_A,access_readout,true_vs_random_intersection,0.0734377764157419,-0.00479697366683559,0.07823475008257745,0.0001999600079984003,502
linear_c_state,z_reward,B_to_C_to_A,access_readout,true_vs_balanced_intersection,0.0734377764157419,0.012007102858149172,0.0614306735575927,0.0001999600079984003,502
linear_c_state,z_reward,B_to_C_to_A,access_readout,true_vs_performance_matched_intersection,0.0734377764157419,-0.015572473602471977,0.08901025001821383,0.0001999600079984003,502
linear_c_state,z_reward,B_to_C_to_A,access_readout,true_vs_shuffled_c_intersection,0.0734377764157419,0.0030796777288210394,0.07035809868692083,0.0001999600079984003,502
linear_c_state,z_reward,B_to_C_to_A,access_readout,true_vs_phase_rotated_intersection,0.0734377764157419,0.019169467898717363,0.05426830851702451,0.0001999600079984003,502
linear_c_state,z_reward,B_to_C_to_A,intersection_access_effect,true_vs_random_intersection,-0.6564866992734577,-0.7347214493560351,0.07823475008257746,0.0001999600079984003,502
linear_c_state,z_reward,B_to_C_to_A,intersection_access_effect,true_vs_balanced_intersection,-0.6564866992734577,-0.7179173728310505,0.061430673557592706,0.0001999600079984003,502
linear_c_state,z_reward,B_to_C_to_A,intersection_access_effect,true_vs_performance_matched_intersection,-0.6564866992734577,-0.7454969492916715,0.08901025001821386,0.0001999600079984003,502
linear_c_state,z_reward,B_to_C_to_A,intersection_access_effect,true_vs_shuffled_c_intersection,-0.6564866992734577,-0.7268447979603785,0.07035809868692083,0.0001999600079984003,502
linear_c_state,z_reward,B_to_C_to_A,intersection_access_effect,true_vs_phase_rotated_intersection,-0.6564866992734577,-0.7107550077904823,0.054268308517024515,0.0001999600079984003,502
linear_c_state,z_reward,B_to_C_to_A,opposite_access_effect,true_vs_random_intersection,0.033488665032672234,-0.038420852649490564,0.07190951768216278,0.0005998800239952009,410
linear_c_state,z_reward,B_to_C_to_A,opposite_access_effect,true_vs_balanced_intersection,0.033488665032672234,-0.026632515482380263,0.06012118051505248,0.0001999600079984003,410
linear_c_state,z_reward,B_to_C_to_A,opposite_access_effect,true_vs_performance_matched_intersection,0.033488665032672234,-0.05833507796201698,0.09182374299468922,0.0001999600079984003,410
linear_c_state,z_reward,B_to_C_to_A,opposite_access_effect,true_vs_shuffled_c_intersection,0.033488665032672234,-0.030216046570702516,0.06370471160337475,0.0001999600079984003,410
linear_c_state,z_reward,B_to_C_to_A,opposite_access_effect,true_vs_phase_rotated_intersection,0.033488665032672234,-0.024945416959009738,0.058434081991681965,0.0001999600079984003,410
linear_c_state,z_reward,B_to_C_to_A,own_access_effect,true_vs_random_intersection,0.023984755433839287,-0.047207239898954416,0.0711919953327937,0.0001999600079984003,406
linear_c_state,z_reward,B_to_C_to_A,own_access_effect,true_vs_balanced_intersection,0.023984755433839287,-0.03442772869523292,0.05841248412907224,0.0001999600079984003,406
linear_c_state,z_reward,B_to_C_to_A,own_access_effect,true_vs_performance_matched_intersection,0.023984755433839287,-0.06765531209016985,0.09164006752400915,0.0001999600079984003,406
linear_c_state,z_reward,B_to_C_to_A,own_access_effect,true_vs_shuffled_c_intersection,0.023984755433839287,-0.03748170169670558,0.061466457130544876,0.0003999200159968006,406
linear_c_state,z_reward,B_to_C_to_A,own_access_effect,true_vs_phase_rotated_intersection,0.023984755433839287,-0.03311744515704332,0.057102200590882626,0.0001999600079984003,406
linear_c_state,rank_reward,A_to_C_to_B,access_readout,true_vs_random_intersection,0.06188802855648592,0.00895588768462811,0.05293214087185779,0.001799640071985603,502
linear_c_state,rank_reward,A_to_C_to_B,access_readout,true_vs_balanced_intersection,0.06188802855648592,0.012123179360172353,0.049764849196313556,0.0001999600079984003,502
linear_c_state,rank_reward,A_to_C_to_B,access_readout,true_vs_performance_matched_intersection,0.06188802855648592,-0.0096362768186582,0.0715243053751441,0.0001999600079984003,502
linear_c_state,rank_reward,A_to_C_to_B,access_readout,true_vs_shuffled_c_intersection,0.06188802855648592,-0.013610381928553246,0.07549841048503916,0.0001999600079984003,502
linear_c_state,rank_reward,A_to_C_to_B,access_readout,true_vs_phase_rotated_intersection,0.06188802855648592,0.004871510948836237,0.05701651760764967,0.0001999600079984003,502
linear_c_state,rank_reward,A_to_C_to_B,intersection_access_effect,true_vs_random_intersection,-0.6645676648601656,-0.7174998057320235,0.052932140871857804,0.0011997600479904018,502
linear_c_state,rank_reward,A_to_C_to_B,intersection_access_effect,true_vs_balanced_intersection,-0.6645676648601656,-0.7143325140564794,0.049764849196313556,0.0001999600079984003,502
linear_c_state,rank_reward,A_to_C_to_B,intersection_access_effect,true_vs_performance_matched_intersection,-0.6645676648601656,-0.7360919702353098,0.0715243053751441,0.0001999600079984003,502
linear_c_state,rank_reward,A_to_C_to_B,intersection_access_effect,true_vs_shuffled_c_intersection,-0.6645676648601656,-0.7400660753452049,0.07549841048503916,0.0001999600079984003,502
linear_c_state,rank_reward,A_to_C_to_B,intersection_access_effect,true_vs_phase_rotated_intersection,-0.6645676648601656,-0.7215841824678154,0.05701651760764967,0.0001999600079984003,502
linear_c_state,rank_reward,A_to_C_to_B,opposite_access_effect,true_vs_random_intersection,0.029017167680498366,-0.0065135395502294545,0.03553070723072781,0.032993401319736056,406
linear_c_state,rank_reward,A_to_C_to_B,opposite_access_effect,true_vs_balanced_intersection,0.029017167680498366,-0.021378774760198064,0.05039594244069642,0.0001999600079984003,406
linear_c_state,rank_reward,A_to_C_to_B,opposite_access_effect,true_vs_performance_matched_intersection,0.029017167680498366,-0.04235064603364209,0.07136781371414044,0.0001999600079984003,406
linear_c_state,rank_reward,A_to_C_to_B,opposite_access_effect,true_vs_shuffled_c_intersection,0.029017167680498366,-0.04387968991091502,0.07289685759141337,0.0001999600079984003,406
linear_c_state,rank_reward,A_to_C_to_B,opposite_access_effect,true_vs_phase_rotated_intersection,0.029017167680498366,-0.03689687744878827,0.06591404512928663,0.0001999600079984003,406
linear_c_state,rank_reward,A_to_C_to_B,own_access_effect,true_vs_random_intersection,0.0381081850433702,-0.004259611880055779,0.04236779692342598,0.010197960407918417,410
linear_c_state,rank_reward,A_to_C_to_B,own_access_effect,true_vs_balanced_intersection,0.0381081850433702,-0.015211339611712525,0.053319524655082724,0.0001999600079984003,410
linear_c_state,rank_reward,A_to_C_to_B,own_access_effect,true_vs_performance_matched_intersection,0.0381081850433702,-0.0350268350102151,0.0731350200535853,0.0001999600079984003,410
linear_c_state,rank_reward,A_to_C_to_B,own_access_effect,true_vs_shuffled_c_intersection,0.0381081850433702,-0.0384975428519154,0.07660572789528561,0.0001999600079984003,410
linear_c_state,rank_reward,A_to_C_to_B,own_access_effect,true_vs_phase_rotated_intersection,0.0381081850433702,-0.02886505920489463,0.06697324424826483,0.0001999600079984003,410
linear_c_state,rank_reward,B_to_C_to_A,access_readout,true_vs_random_intersection,0.07697327124553013,-0.014146803344091585,0.09112007458962172,0.0001999600079984003,502
linear_c_state,rank_reward,B_to_C_to_A,access_readout,true_vs_balanced_intersection,0.07697327124553013,0.009107774549330688,0.06786549669619944,0.0001999600079984003,502
linear_c_state,rank_reward,B_to_C_to_A,access_readout,true_vs_performance_matched_intersection,0.07697327124553013,-0.021386494432923203,0.09835976567845335,0.0001999600079984003,502
linear_c_state,rank_reward,B_to_C_to_A,access_readout,true_vs_shuffled_c_intersection,0.07697327124553013,-0.007841642042923253,0.08481491328845339,0.0001999600079984003,502
linear_c_state,rank_reward,B_to_C_to_A,access_readout,true_vs_phase_rotated_intersection,0.07697327124553013,0.011356722359438694,0.06561654888609145,0.0001999600079984003,502
linear_c_state,rank_reward,B_to_C_to_A,intersection_access_effect,true_vs_random_intersection,-0.6494824221711216,-0.7406024967607433,0.09112007458962172,0.0001999600079984003,502
linear_c_state,rank_reward,B_to_C_to_A,intersection_access_effect,true_vs_balanced_intersection,-0.6494824221711216,-0.7173479188673209,0.06786549669619944,0.0001999600079984003,502
linear_c_state,rank_reward,B_to_C_to_A,intersection_access_effect,true_vs_performance_matched_intersection,-0.6494824221711216,-0.7478421878495748,0.09835976567845334,0.0001999600079984003,502
linear_c_state,rank_reward,B_to_C_to_A,intersection_access_effect,true_vs_shuffled_c_intersection,-0.6494824221711216,-0.7342973354595748,0.0848149132884534,0.0001999600079984003,502
linear_c_state,rank_reward,B_to_C_to_A,intersection_access_effect,true_vs_phase_rotated_intersection,-0.6494824221711216,-0.7150989710572129,0.06561654888609145,0.0001999600079984003,502
linear_c_state,rank_reward,B_to_C_to_A,opposite_access_effect,true_vs_random_intersection,0.05609202125250261,-0.03835247111490834,0.09444449236741094,0.0001999600079984003,410
linear_c_state,rank_reward,B_to_C_to_A,opposite_access_effect,true_vs_balanced_intersection,0.05609202125250261,-0.016700397668500174,0.0727924189210028,0.0001999600079984003,410
linear_c_state,rank_reward,B_to_C_to_A,opposite_access_effect,true_vs_performance_matched_intersection,0.05609202125250261,-0.052548900737574185,0.1086409219900768,0.0001999600079984003,410
linear_c_state,rank_reward,B_to_C_to_A,opposite_access_effect,true_vs_shuffled_c_intersection,0.05609202125250261,-0.025730935102435768,0.0818229563549384,0.0001999600079984003,410
linear_c_state,rank_reward,B_to_C_to_A,opposite_access_effect,true_vs_phase_rotated_intersection,0.05609202125250261,-0.023156484160224,0.07924850541272663,0.0001999600079984003,410
linear_c_state,rank_reward,B_to_C_to_A,own_access_effect,true_vs_random_intersection,0.048569898924943906,-0.04532436083428374,0.09389425975922766,0.0001999600079984003,406
linear_c_state,rank_reward,B_to_C_to_A,own_access_effect,true_vs_balanced_intersection,0.048569898924943906,-0.02284473651692128,0.0714146354418652,0.0001999600079984003,406
linear_c_state,rank_reward,B_to_C_to_A,own_access_effect,true_vs_performance_matched_intersection,0.048569898924943906,-0.05912876061284807,0.107698659537792,0.0001999600079984003,406
linear_c_state,rank_reward,B_to_C_to_A,own_access_effect,true_vs_shuffled_c_intersection,0.048569898924943906,-0.03194489518020717,0.08051479410515108,0.0001999600079984003,406
linear_c_state,rank_reward,B_to_C_to_A,own_access_effect,true_vs_phase_rotated_intersection,0.048569898924943906,-0.030047289971024637,0.07861718889596857,0.0001999600079984003,406
linear_c_state,gmr72_bridge_composite,A_to_C_to_B,access_readout,true_vs_random_intersection,0.014387962923567777,-0.00039757870545943636,0.014785541629027217,0.01259748050389922,502
linear_c_state,gmr72_bridge_composite,A_to_C_to_B,access_readout,true_vs_balanced_intersection,0.014387962923567777,0.00771518848756674,0.0066727744360010315,0.0009998000399920016,502
linear_c_state,gmr72_bridge_composite,A_to_C_to_B,access_readout,true_vs_performance_matched_intersection,0.014387962923567777,0.008303956583511185,0.006084006340056605,0.038992201559688064,502
linear_c_state,gmr72_bridge_composite,A_to_C_to_B,access_readout,true_vs_shuffled_c_intersection,0.014387962923567777,0.006435583096019994,0.00795237982754778,0.0001999600079984003,502
linear_c_state,gmr72_bridge_composite,A_to_C_to_B,access_readout,true_vs_phase_rotated_intersection,0.014387962923567777,0.006459389373802564,0.007928573549765209,0.0003999200159968006,502
linear_c_state,gmr72_bridge_composite,A_to_C_to_B,intersection_access_effect,true_vs_random_intersection,-0.27020055446992153,-0.2849860960989487,0.014785541629027217,0.01199760047990402,502
linear_c_state,gmr72_bridge_composite,A_to_C_to_B,intersection_access_effect,true_vs_balanced_intersection,-0.27020055446992153,-0.2768733289059226,0.0066727744360010315,0.0001999600079984003,502
linear_c_state,gmr72_bridge_composite,A_to_C_to_B,intersection_access_effect,true_vs_performance_matched_intersection,-0.27020055446992153,-0.27628456080997815,0.006084006340056603,0.03939212157568486,502
linear_c_state,gmr72_bridge_composite,A_to_C_to_B,intersection_access_effect,true_vs_shuffled_c_intersection,-0.27020055446992153,-0.27815293429746935,0.00795237982754778,0.0001999600079984003,502
linear_c_state,gmr72_bridge_composite,A_to_C_to_B,intersection_access_effect,true_vs_phase_rotated_intersection,-0.27020055446992153,-0.2781291280196867,0.007928573549765209,0.001799640071985603,502
linear_c_state,gmr72_bridge_composite,A_to_C_to_B,opposite_access_effect,true_vs_random_intersection,0.0026277797155189065,-0.003894835747778513,0.006522615463297417,0.11317736452709458,475
linear_c_state,gmr72_bridge_composite,A_to_C_to_B,opposite_access_effect,true_vs_balanced_intersection,0.0026277797155189065,-0.0008835249377421086,0.0035113046532610154,0.004399120175964807,475
linear_c_state,gmr72_bridge_composite,A_to_C_to_B,opposite_access_effect,true_vs_performance_matched_intersection,0.0026277797155189065,-0.008275416878724207,0.01090319659424312,0.0001999600079984003,475
linear_c_state,gmr72_bridge_composite,A_to_C_to_B,opposite_access_effect,true_vs_shuffled_c_intersection,0.0026277797155189065,-0.002471996596397071,0.00509977631191598,0.0021995600879824036,475
linear_c_state,gmr72_bridge_composite,A_to_C_to_B,opposite_access_effect,true_vs_phase_rotated_intersection,0.0026277797155189065,-0.001725461044563008,0.0043532407600819145,0.01199760047990402,475
linear_c_state,gmr72_bridge_composite,A_to_C_to_B,own_access_effect,true_vs_random_intersection,0.0009018839188924788,-0.005620731544404937,0.0065226154632974185,0.11377724455108978,475
linear_c_state,gmr72_bridge_composite,A_to_C_to_B,own_access_effect,true_vs_balanced_intersection,0.0009018839188924788,-0.00260942073436854,0.0035113046532610163,0.0061987602479504095,475
linear_c_state,gmr72_bridge_composite,A_to_C_to_B,own_access_effect,true_vs_performance_matched_intersection,0.0009018839188924788,-0.010001312675350642,0.010903196594243119,0.0005998800239952009,475
linear_c_state,gmr72_bridge_composite,A_to_C_to_B,own_access_effect,true_vs_shuffled_c_intersection,0.0009018839188924788,-0.004197892393023508,0.005099776311915982,0.0011997600479904018,475
linear_c_state,gmr72_bridge_composite,A_to_C_to_B,own_access_effect,true_vs_phase_rotated_intersection,0.0009018839188924788,-0.003451356841189439,0.004353240760081914,0.01259748050389922,475
linear_c_state,gmr72_bridge_composite,B_to_C_to_A,access_readout,true_vs_random_intersection,0.015412429637521236,0.002480722022698785,0.012931707614822454,0.015996800639872025,502
linear_c_state,gmr72_bridge_composite,B_to_C_to_A,access_readout,true_vs_balanced_intersection,0.015412429637521236,0.007239201906811151,0.008173227730710086,0.0001999600079984003,502
linear_c_state,gmr72_bridge_composite,B_to_C_to_A,access_readout,true_vs_performance_matched_intersection,0.015412429637521236,0.0044520360552566226,0.010960393582264619,0.0009998000399920016,502
linear_c_state,gmr72_bridge_composite,B_to_C_to_A,access_readout,true_vs_shuffled_c_intersection,0.015412429637521236,0.007553700152255139,0.007858729485266102,0.0005998800239952009,502
linear_c_state,gmr72_bridge_composite,B_to_C_to_A,access_readout,true_vs_phase_rotated_intersection,0.015412429637521236,0.008717900950618886,0.006694528686902364,0.002599480103979204,502
linear_c_state,gmr72_bridge_composite,B_to_C_to_A,intersection_access_effect,true_vs_random_intersection,-0.2691760877559681,-0.28210779537079056,0.012931707614822457,0.014597080583883223,502
linear_c_state,gmr72_bridge_composite,B_to_C_to_A,intersection_access_effect,true_vs_balanced_intersection,-0.2691760877559681,-0.2773493154866781,0.008173227730710086,0.0001999600079984003,502
linear_c_state,gmr72_bridge_composite,B_to_C_to_A,intersection_access_effect,true_vs_performance_matched_intersection,-0.2691760877559681,-0.2801364813382327,0.010960393582264619,0.0005998800239952009,502
linear_c_state,gmr72_bridge_composite,B_to_C_to_A,intersection_access_effect,true_vs_shuffled_c_intersection,-0.2691760877559681,-0.2770348172412342,0.0078587294852661,0.0005998800239952009,502
linear_c_state,gmr72_bridge_composite,B_to_C_to_A,intersection_access_effect,true_vs_phase_rotated_intersection,-0.2691760877559681,-0.2758706164428705,0.006694528686902364,0.005398920215956809,502
linear_c_state,gmr72_bridge_composite,B_to_C_to_A,opposite_access_effect,true_vs_random_intersection,0.004570101661336446,-0.0063654021787679345,0.010935503840104383,0.01899620075984803,475
linear_c_state,gmr72_bridge_composite,B_to_C_to_A,opposite_access_effect,true_vs_balanced_intersection,0.004570101661336446,-0.0013226676528911088,0.005892769314227559,0.0001999600079984003,475
linear_c_state,gmr72_bridge_composite,B_to_C_to_A,opposite_access_effect,true_vs_performance_matched_intersection,0.004570101661336446,-0.010599310249895315,0.015169411911231764,0.0001999600079984003,475
linear_c_state,gmr72_bridge_composite,B_to_C_to_A,opposite_access_effect,true_vs_shuffled_c_intersection,0.004570101661336446,-0.0010612385888181457,0.005631340250154592,0.005398920215956809,475
linear_c_state,gmr72_bridge_composite,B_to_C_to_A,opposite_access_effect,true_vs_phase_rotated_intersection,0.004570101661336446,0.0003751383781528804,0.004194963283183566,0.013197360527894421,475
linear_c_state,gmr72_bridge_composite,B_to_C_to_A,own_access_effect,true_vs_random_intersection,0.006295997457962884,-0.004639506382141499,0.01093550384010438,0.01779644071185763,475
linear_c_state,gmr72_bridge_composite,B_to_C_to_A,own_access_effect,true_vs_balanced_intersection,0.006295997457962884,0.0004032281437353201,0.005892769314227559,0.0001999600079984003,475
linear_c_state,gmr72_bridge_composite,B_to_C_to_A,own_access_effect,true_vs_performance_matched_intersection,0.006295997457962884,-0.008873414453268882,0.015169411911231763,0.0001999600079984003,475
linear_c_state,gmr72_bridge_composite,B_to_C_to_A,own_access_effect,true_vs_shuffled_c_intersection,0.006295997457962884,0.0006646572078082884,0.005631340250154592,0.003999200159968006,475
linear_c_state,gmr72_bridge_composite,B_to_C_to_A,own_access_effect,true_vs_phase_rotated_intersection,0.006295997457962884,0.002101034174779316,0.004194963283183567,0.015396920615876825,475
