state_label,n_train_events,selected_operator,selected_train_reward,global_best_operator,global_best_train_reward,train_mean_O1_lag0_AB,train_mean_O2_lag5_AB,train_mean_O3_A_C_boundary,train_mean_O4_B_C_boundary,train_mean_O5_full_TFC,train_mean_O6_phase_only,train_mean_O7_suppress_event,fold,condition_id
side=A_side|tfc=high|dphi=mid|str=mid,11,O3_A_C_boundary,0.4752914909754223,O3_A_C_boundary,0.4752914909754223,0.2664270869052022,0.13248961824081998,0.4752914909754223,0.10892417890349465,0.3182664452683283,-0.04107103109518348,0.0,0,b6e_robust_001
side=B_side|tfc=high|dphi=high|str=low,12,O1_lag0_AB,0.6871931668316397,O3_A_C_boundary,-0.2847346672739197,0.6871931668316397,0.31554176491411473,-0.2847346672739197,-0.057514334047706055,0.5766091678607662,-0.49858987016930506,0.0,0,b6e_robust_001
side=B_side|tfc=low|dphi=low|str=mid,9,O6_phase_only,0.590689132155403,O3_A_C_boundary,-0.5244135996089332,-0.40534215508230864,-0.14927765137013616,-0.5244135996089332,0.5647615254070024,-0.1362503849296155,0.590689132155403,0.0,0,b6e_robust_001
side=B_side|tfc=mid|dphi=low|str=mid,12,O4_B_C_boundary,0.16924555430837365,O3_A_C_boundary,-0.1900560008825415,-0.4399048006264327,-0.41965050055019115,-0.1900560008825415,0.16924555430837365,-0.07405765374005406,0.1361144860058682,0.0,0,b6e_robust_001
side=B_side|tfc=mid|dphi=mid|str=mid,12,O6_phase_only,0.349254125031865,O3_A_C_boundary,0.0725039249036282,0.18822602918366557,-0.07928395725813618,0.0725039249036282,0.029092347115706452,0.1806087118216684,0.349254125031865,0.0,0,b6e_robust_001
side=B_side|tfc=low|dphi=mid|str=high,12,O7_suppress_event,0.0,O3_A_C_boundary,-0.5273584151339661,-0.38647340698361626,-0.5350893382180545,-0.5273584151339661,-0.08791722059967892,-0.40799311431742763,-0.28666688336824847,0.0,0,b6e_robust_001
side=B_side|tfc=high|dphi=mid|str=mid,9,O4_B_C_boundary,0.6133042365514461,O3_A_C_boundary,0.2793508299515393,0.17711387910150533,-0.4599113667188818,0.2793508299515393,0.6133042365514461,-0.15553640176237862,-0.18338867343749415,0.0,0,b6e_robust_001
side=B_side|tfc=mid|dphi=high|str=high,8,O6_phase_only,0.5120617615562013,O3_A_C_boundary,-0.5092366060982781,-0.17445757988184873,0.28489035283005837,-0.5092366060982781,-0.3199707851534566,-0.19871810606769233,0.5120617615562013,0.0,0,b6e_robust_001
side=B_side|tfc=high|dphi=low|str=high,9,O3_A_C_boundary,0.8767402767276323,O3_A_C_boundary,0.8767402767276323,0.5134091511322472,0.05854297105969361,0.8767402767276323,0.29397964094759493,0.3512255960186033,0.71739990688377,0.0,0,b6e_robust_001
side=A_side|tfc=low|dphi=mid|str=low,9,O3_A_C_boundary,0.4845710373424368,O3_A_C_boundary,0.4845710373424368,-0.7659791984928295,-0.07286438519567659,0.4845710373424368,-0.5882744586757521,-0.4469684250289539,-0.4695270652361103,0.0,0,b6e_robust_001
side=B_side|tfc=low|dphi=high|str=high,9,O3_A_C_boundary,0.45297767063049527,O3_A_C_boundary,0.45297767063049527,-0.22578481352402513,-0.4439973297714715,0.45297767063049527,0.02942072287408254,-0.04279933868500582,0.16431009754724954,0.0,0,b6e_robust_001
side=A_side|tfc=high|dphi=high|str=low,9,O4_B_C_boundary,0.7974376750593559,O3_A_C_boundary,-0.0013015583446205718,0.2503503425687385,0.5062109656432081,-0.0013015583446205718,0.7974376750593559,0.6602938316904988,-0.004731120138071236,0.0,0,b6e_robust_001
side=B_side|tfc=low|dphi=low|str=low,9,O4_B_C_boundary,0.40528263504259143,O3_A_C_boundary,-1.2073006282053327,-0.04888322060334401,0.39491593573519723,-1.2073006282053327,0.40528263504259143,-0.454652352898555,0.3179551495633103,0.0,0,b6e_robust_001
side=B_side|tfc=low|dphi=high|str=low,11,O4_B_C_boundary,0.3623076708021741,O3_A_C_boundary,-0.2668678212768631,0.27147037259596835,0.32455777373885764,-0.2668678212768631,0.3623076708021741,-0.19428863394514817,-0.4381007605541832,0.0,0,b6e_robust_001
side=B_side|tfc=mid|dphi=mid|str=low,8,O2_lag5_AB,0.7292242877242399,O3_A_C_boundary,-0.3909281488505437,0.04147072134460292,0.7292242877242399,-0.3909281488505437,-0.11724917707958896,0.3144302645948438,-0.24076793760375415,0.0,0,b6e_robust_001
side=B_side|tfc=high|dphi=high|str=high,11,O1_lag0_AB,0.6839282604963404,O3_A_C_boundary,-0.3908026440064625,0.6839282604963404,-0.11357126085193019,-0.3908026440064625,0.14732833842972695,0.17566732254035983,0.674460881169169,0.0,0,b6e_robust_001
side=A_side|tfc=low|dphi=high|str=high,10,O3_A_C_boundary,1.253277335334233,O3_A_C_boundary,1.253277335334233,-0.7946431986655664,0.4303278078163769,1.253277335334233,0.07800520975972626,0.45195692336715954,-0.0021576190314221977,0.0,0,b6e_robust_001
side=A_side|tfc=mid|dphi=mid|str=mid,9,O7_suppress_event,0.0,O3_A_C_boundary,-0.2846261756395995,-0.15945488232335442,-0.14072747578737857,-0.2846261756395995,-0.41248457771596003,-0.4359890358485639,-0.105629145001788,0.0,0,b6e_robust_001
side=A_side|tfc=high|dphi=low|str=low,11,O3_A_C_boundary,1.0744694213596258,O3_A_C_boundary,1.0744694213596258,0.20188157243253183,-0.05871675805703212,1.0744694213596258,-0.5773733923233259,0.24948166165574354,-0.2980087203282954,0.0,0,b6e_robust_001
side=B_side|tfc=high|dphi=high|str=mid,9,O1_lag0_AB,0.9528379278548792,O3_A_C_boundary,0.19225593250264864,0.9528379278548792,0.3433539362144651,0.19225593250264864,-0.6869095316780248,0.08568352019340322,-0.18695825779187164,0.0,0,b6e_robust_001
side=B_side|tfc=mid|dphi=high|str=mid,16,O4_B_C_boundary,0.3073376861729055,O3_A_C_boundary,-0.13015694660889804,-0.013317620296555074,0.1062939390410989,-0.13015694660889804,0.3073376861729055,0.09060004977767601,-0.21648481105565218,0.0,0,b6e_robust_001
side=B_side|tfc=mid|dphi=mid|str=high,8,O3_A_C_boundary,0.34077646490039326,O3_A_C_boundary,0.34077646490039326,-0.10157311701373871,-0.23365530649617608,0.34077646490039326,0.013102643549319745,0.032906008566200504,0.08355004938048391,0.0,0,b6e_robust_001
side=B_side|tfc=high|dphi=mid|str=high,11,O5_full_TFC,0.7029149938803788,O3_A_C_boundary,-0.17490905699684026,0.6975041193394039,0.34198551821751877,-0.17490905699684026,-0.23029162514106405,0.7029149938803788,0.408445486581108,0.0,0,b6e_robust_001
side=B_side|tfc=low|dphi=mid|str=low,8,O2_lag5_AB,0.34003356222924147,O3_A_C_boundary,-0.4749981251239734,-0.46135443383977004,0.34003356222924147,-0.4749981251239734,-0.016656637478181007,-0.27767944577316966,-0.31364425530780327,0.0,0,b6e_robust_001
side=A_side|tfc=high|dphi=mid|str=low,8,O3_A_C_boundary,1.8309195002342278,O3_A_C_boundary,1.8309195002342278,1.1153907213150407,0.2518900703229424,1.8309195002342278,0.5778604151764493,0.6106411533624259,-0.27294230669206043,0.0,0,b6e_robust_001
side=B_side|tfc=high|dphi=low|str=high,12,O6_phase_only,0.5823313723117379,O4_B_C_boundary,0.19457138126761145,0.5094671288416438,0.21990980620338418,0.553132563736095,0.19457138126761145,0.24148325976918428,0.5823313723117379,0.0,1,b6e_robust_001
side=A_side|tfc=low|dphi=mid|str=low,8,O3_A_C_boundary,0.8970192107412273,O4_B_C_boundary,-0.7295044165721526,-0.7048203334392233,-0.4867931805403961,0.8970192107412273,-0.7295044165721526,-0.31978386277743615,-0.5049497160754679,0.0,1,b6e_robust_001
side=B_side|tfc=high|dphi=mid|str=mid,10,O4_B_C_boundary,0.4798876583977319,O4_B_C_boundary,0.4798876583977319,0.19384536243563957,-0.2428022340275072,0.10244360361544738,0.4798876583977319,0.11741165274888152,-0.10683458055056883,0.0,1,b6e_robust_001
side=B_side|tfc=low|dphi=low|str=mid,14,O6_phase_only,0.538520515096074,O4_B_C_boundary,0.30519777160565176,-0.7099182348340262,-0.21845367753591166,-0.4267776760455687,0.30519777160565176,-0.3541063256381663,0.538520515096074,0.0,1,b6e_robust_001
side=A_side|tfc=mid|dphi=low|str=high,8,O6_phase_only,0.5862255058742961,O4_B_C_boundary,0.5856338576338534,0.26836222744450877,-0.15005687152861685,-0.07289689610761474,0.5856338576338534,-0.005925510866057054,0.5862255058742961,0.0,1,b6e_robust_001
side=B_side|tfc=mid|dphi=low|str=low,10,O1_lag0_AB,0.13380532200834452,O4_B_C_boundary,-0.39840547753402433,0.13380532200834452,-0.27417897159592935,-0.44771836663262393,-0.39840547753402433,-0.4104405552768691,0.10401926590367498,0.0,1,b6e_robust_001
side=B_side|tfc=low|dphi=mid|str=high,9,O4_B_C_boundary,0.3766341178025817,O4_B_C_boundary,0.3766341178025817,-0.08924809878661084,-0.24095551187555037,-0.22779204854082144,0.3766341178025817,-0.28259866007704376,-0.14881333822104514,0.0,1,b6e_robust_001
side=B_side|tfc=low|dphi=high|str=high,10,O6_phase_only,0.3821015656457238,O4_B_C_boundary,0.27818989478158174,-0.4032195477143826,-0.5207288978130917,0.10283154936920078,0.27818989478158174,-0.17449289744084465,0.3821015656457238,0.0,1,b6e_robust_001
side=A_side|tfc=high|dphi=high|str=low,13,O4_B_C_boundary,0.34416699425003777,O4_B_C_boundary,0.34416699425003777,0.2796663931322127,0.28936381383443455,-0.027720522013635375,0.34416699425003777,0.23677903917804066,-0.17549551747654876,0.0,1,b6e_robust_001
side=B_side|tfc=mid|dphi=high|str=low,8,O1_lag0_AB,1.0691624819815715,O4_B_C_boundary,-0.2680311467198156,1.0691624819815715,0.6320444708104639,-0.3205455385597533,-0.2680311467198156,-0.5185320773811144,-0.056876483272800316,0.0,1,b6e_robust_001
side=B_side|tfc=high|dphi=high|str=low,10,O5_full_TFC,1.0128221392698213,O4_B_C_boundary,0.050730578718283646,0.776072305237854,0.45385308026717147,0.06566429679635374,0.050730578718283646,1.0128221392698213,-0.47209833690017133,0.0,1,b6e_robust_001
side=B_side|tfc=mid|dphi=mid|str=high,9,O3_A_C_boundary,0.358859420587561,O4_B_C_boundary,0.11904925318073126,0.0701997234613277,-0.1038714736624477,0.358859420587561,0.11904925318073126,0.15518309337023128,-0.03256957207712555,0.0,1,b6e_robust_001
side=A_side|tfc=low|dphi=high|str=high,12,O3_A_C_boundary,1.12473671583815,O4_B_C_boundary,0.37753073328760195,-0.43360669104374394,0.22116303651325686,1.12473671583815,0.37753073328760195,0.4191188422950483,-0.15656137759821528,0.0,1,b6e_robust_001
side=B_side|tfc=low|dphi=mid|str=low,9,O2_lag5_AB,0.5254490138156693,O4_B_C_boundary,0.33910874437857896,-0.5533441156949525,0.5254490138156693,-0.3790512969827946,0.33910874437857896,-0.033247526583816134,-0.33643516708241017,0.0,1,b6e_robust_001
side=B_side|tfc=mid|dphi=low|str=mid,14,O6_phase_only,0.20817340944642732,O4_B_C_boundary,0.14864355530014106,-0.6352396415714239,-0.6671093504724334,-0.14157928456921628,0.14864355530014106,-0.13340747141876047,0.20817340944642732,0.0,1,b6e_robust_001
side=B_side|tfc=low|dphi=high|str=low,9,O4_B_C_boundary,0.18635147121107457,O4_B_C_boundary,0.18635147121107457,0.07748651619565311,-0.054689776942283976,-0.3093173893358202,0.18635147121107457,-0.3751885974890429,-0.5112767554860203,0.0,1,b6e_robust_001
side=B_side|tfc=mid|dphi=low|str=high,8,O6_phase_only,0.5656042564614461,O4_B_C_boundary,-0.4984914938473982,-0.494668175426337,-0.5357416075047378,-0.4050796684491824,-0.4984914938473982,-0.3525057667452488,0.5656042564614461,0.0,1,b6e_robust_001
side=B_side|tfc=high|dphi=mid|str=high,14,O1_lag0_AB,0.5484761169127573,O4_B_C_boundary,-0.2974911738411936,0.5484761169127573,0.5222333365044545,-0.1771121762258202,-0.2974911738411936,0.48159319713013865,0.2117283837775497,0.0,1,b6e_robust_001
side=B_side|tfc=mid|dphi=mid|str=mid,9,O1_lag0_AB,0.441976668851911,O4_B_C_boundary,0.04540016471059957,0.441976668851911,0.020114304214022837,0.10905648511211014,0.04540016471059957,0.0821059154794666,0.13664291779078164,0.0,1,b6e_robust_001
side=B_side|tfc=high|dphi=high|str=mid,11,O1_lag0_AB,0.9175293548526534,O4_B_C_boundary,-0.6869095316780248,0.9175293548526534,0.3433539362144651,0.13392717086849382,-0.6869095316780248,0.09895041865998702,-0.13171487286887865,0.0,1,b6e_robust_001
side=B_side|tfc=mid|dphi=high|str=mid,14,O4_B_C_boundary,0.10374523568653617,O4_B_C_boundary,0.10374523568653617,-0.2202341119522766,0.055486212862400554,-0.1925984043448756,0.10374523568653617,-0.018946568831291533,-0.26750872731690484,0.0,1,b6e_robust_001
side=A_side|tfc=high|dphi=mid|str=mid,9,O3_A_C_boundary,0.6610054439889187,O4_B_C_boundary,-0.038469882602173974,0.4135543475298384,0.1254022010488552,0.6610054439889187,-0.038469882602173974,0.3673493724662397,0.16582015255288685,0.0,1,b6e_robust_001
side=A_side|tfc=mid|dphi=low|str=mid,9,O2_lag5_AB,0.3487930029265803,O4_B_C_boundary,0.2708830030139308,0.11031815547471285,0.3487930029265803,0.035221634437172356,0.2708830030139308,-0.06701376039842992,0.014847279438166636,0.0,1,b6e_robust_001
side=A_side|tfc=mid|dphi=mid|str=mid,8,O3_A_C_boundary,0.24221835600837874,O4_B_C_boundary,-0.08475046312056482,-0.009203471021768023,-0.061747538028262286,0.24221835600837874,-0.08475046312056482,-0.21298993942463995,-0.04610285157121276,0.0,1,b6e_robust_001
side=B_side|tfc=high|dphi=high|str=high,12,O6_phase_only,0.7237987563865659,O4_B_C_boundary,0.5263573540667569,0.5985442735098623,0.235923019893439,-0.31295428851038937,0.5263573540667569,0.6037171350434657,0.7237987563865659,0.0,1,b6e_robust_001
side=B_side|tfc=low|dphi=low|str=high,8,O6_phase_only,0.4436299392275912,O1_lag0_AB,0.23793387747381772,0.23793387747381772,-0.03234533952661872,-0.4872187505983774,-0.2579167655097247,-0.6708453321384169,0.4436299392275912,0.0,2,b6e_robust_001
side=A_side|tfc=high|dphi=mid|str=mid,10,O1_lag0_AB,0.3405698024819105,O1_lag0_AB,0.3405698024819105,0.3405698024819105,0.13090416972563879,0.2969388922448472,0.09159714712772747,0.2451779352720998,-0.11482972124744797,0.0,2,b6e_robust_001
side=B_side|tfc=high|dphi=high|str=low,11,O5_full_TFC,0.8231126975463364,O1_lag0_AB,0.6664602387324315,0.6664602387324315,0.5936878984584881,-0.021973720279246624,-0.03982463828792272,0.8231126975463364,-0.4939071152263063,0.0,2,b6e_robust_001
side=B_side|tfc=low|dphi=low|str=mid,18,O6_phase_only,0.6918789846002634,O1_lag0_AB,-0.6682003783034764,-0.6682003783034764,-0.33403273034848174,-0.5088058667239996,0.32166689593188647,-0.4687170434776754,0.6918789846002634,0.0,2,b6e_robust_001
side=B_side|tfc=mid|dphi=low|str=high,9,O6_phase_only,0.834826017947403,O1_lag0_AB,-0.5661687200943842,-0.5661687200943842,-0.6185359354859372,-0.07624630082543936,-0.3314832384780007,-0.45801481665629773,0.834826017947403,0.0,2,b6e_robust_001
side=B_side|tfc=mid|dphi=low|str=mid,13,O4_B_C_boundary,0.20466407215855786,O1_lag0_AB,-0.5489967955871783,-0.5489967955871783,-0.6313707072779923,-0.3835946084815239,0.20466407215855786,-0.3631439693497213,0.1459003561954862,0.0,2,b6e_robust_001
side=B_side|tfc=mid|dphi=mid|str=mid,10,O6_phase_only,0.2907955275940838,O1_lag0_AB,0.24697468360583538,0.24697468360583538,-0.08167539682789038,-0.2878122623534113,0.08572767047938039,0.12458022756079642,0.2907955275940838,0.0,2,b6e_robust_001
side=B_side|tfc=mid|dphi=high|str=low,11,O1_lag0_AB,0.9234323371379302,O1_lag0_AB,0.9234323371379302,0.9234323371379302,0.4043106972286569,-0.35867502812414026,-0.43601899234967995,-0.5106199665834246,0.1045943934030165,0.0,2,b6e_robust_001
side=B_side|tfc=low|dphi=mid|str=high,12,O4_B_C_boundary,0.02019987229674124,O1_lag0_AB,-0.1468853090436891,-0.1468853090436891,-0.17718633674482265,-0.5197986597856129,0.02019987229674124,-0.23462684120190394,-0.508493803354138,0.0,2,b6e_robust_001
side=B_side|tfc=high|dphi=mid|str=mid,11,O4_B_C_boundary,0.46219117654363145,O1_lag0_AB,0.37817240882354575,0.37817240882354575,-0.2545226059140177,-0.2641104573107497,0.46219117654363145,0.1654829540321709,-0.28464084146795937,0.0,2,b6e_robust_001
side=B_side|tfc=high|dphi=low|str=high,10,O2_lag5_AB,0.5230428118753665,O1_lag0_AB,0.5038532863688523,0.5038532863688523,0.5230428118753665,0.3234567915993729,0.15517924400990254,0.3236081753145922,0.3152255576391903,0.0,2,b6e_robust_001
side=A_side|tfc=low|dphi=mid|str=low,9,O3_A_C_boundary,0.5750214869607791,O1_lag0_AB,-0.7373285890545284,-0.7373285890545284,0.032582480538903474,0.5750214869607791,-0.5221251686031477,-0.2960563441072446,-0.42448064633822974,0.0,2,b6e_robust_001
side=B_side|tfc=mid|dphi=low|str=low,10,O1_lag0_AB,0.1794684640542185,O1_lag0_AB,0.1794684640542185,0.1794684640542185,-0.14072566354229138,-0.23902500760468728,-0.4491837915482135,-0.5269288031246421,0.05364409225226792,0.0,2,b6e_robust_001
side=B_side|tfc=low|dphi=high|str=high,12,O6_phase_only,0.34306647258087414,O1_lag0_AB,-0.31056678501653895,-0.31056678501653895,-0.49627966347550206,0.2756655707153159,0.1061102394294881,-0.12232624142775538,0.34306647258087414,0.0,2,b6e_robust_001
side=A_side|tfc=high|dphi=high|str=low,9,O4_B_C_boundary,0.3781610492288948,O1_lag0_AB,0.3379302077665338,0.3379302077665338,-0.06306356491652937,-0.22701151937056396,0.3781610492288948,-0.1893638940140349,-0.12804081792969768,0.0,2,b6e_robust_001
side=B_side|tfc=mid|dphi=mid|str=high,9,O4_B_C_boundary,0.44521093575307563,O1_lag0_AB,-0.08435748328604414,-0.08435748328604414,-0.10360171827779636,-0.09879748619861681,0.44521093575307563,0.15963967090102324,0.15738723956859588,0.0,2,b6e_robust_001
side=B_side|tfc=high|dphi=low|str=low,8,O3_A_C_boundary,0.24714029655677938,O1_lag0_AB,0.1754691374816077,0.1754691374816077,0.11066835675157048,0.24714029655677938,-0.5291409036414755,0.17359302189554715,-0.23615705992150315,0.0,2,b6e_robust_001
side=A_side|tfc=low|dphi=high|str=high,13,O3_A_C_boundary,0.4364051546721663,O1_lag0_AB,-0.21340593147447828,-0.21340593147447828,0.3841060115232432,0.4364051546721663,0.1418111224291762,0.2483082339360497,-0.137428549780849,0.0,2,b6e_robust_001
side=B_side|tfc=low|dphi=high|str=low,13,O4_B_C_boundary,0.3623076708021741,O1_lag0_AB,0.012849030085228282,0.012849030085228282,0.15730334270225715,-0.2668678212768631,0.3623076708021741,-0.17531092776253604,-0.5176136448809452,0.0,2,b6e_robust_001
side=B_side|tfc=low|dphi=low|str=low,10,O4_B_C_boundary,0.14722539754254832,O1_lag0_AB,0.04390987203123627,0.04390987203123627,-0.0021593374318323866,-0.8780303484270726,0.14722539754254832,-0.9121438384182478,0.06590421989308418,0.0,2,b6e_robust_001
side=B_side|tfc=mid|dphi=mid|str=low,10,O2_lag5_AB,0.4310900063523316,O1_lag0_AB,0.07124704946362696,0.07124704946362696,0.4310900063523316,-0.4422844200793408,-0.09546972693535945,0.19834512166080048,-0.2838865591377512,0.0,2,b6e_robust_001
side=B_side|tfc=high|dphi=high|str=high,11,O1_lag0_AB,0.6384515332704921,O1_lag0_AB,0.6384515332704921,0.6384515332704921,0.1417641836886408,-0.3276363388982116,-0.1674518294803859,0.21542407383896708,0.5791221504057918,0.0,2,b6e_robust_001
side=B_side|tfc=high|dphi=mid|str=high,12,O1_lag0_AB,0.5592486665707678,O1_lag0_AB,0.5592486665707678,0.5592486665707678,0.4803993374952766,-0.20645003577724497,-0.31102848293001695,0.15407831566054567,0.23026763398721561,0.0,2,b6e_robust_001
side=A_side|tfc=high|dphi=low|str=low,8,O3_A_C_boundary,1.3357428286220379,O1_lag0_AB,0.21853946570752797,0.21853946570752797,0.12384084457565782,1.3357428286220379,-0.735789304729134,0.29968822857201927,-0.4207983734202656,0.0,2,b6e_robust_001
side=B_side|tfc=mid|dphi=high|str=mid,14,O2_lag5_AB,0.08153577110810852,O1_lag0_AB,-0.06515383015681966,-0.06515383015681966,0.08153577110810852,-0.11078314511853592,-0.084337351526277,0.061494298832552884,-0.30087511858149735,0.0,2,b6e_robust_001
side=B_side|tfc=low|dphi=low|str=high,9,O6_phase_only,0.3678357463977499,O2_lag5_AB,-0.06454468051731763,0.1831965963432463,-0.06454468051731763,-0.4658756220216154,-0.20932559655795963,-0.5764060859648672,0.3678357463977499,0.0,3,b6e_robust_001
side=B_side|tfc=high|dphi=high|str=low,13,O5_full_TFC,0.641969698487292,O2_lag5_AB,0.3165704352417399,0.5452652290103628,0.3165704352417399,-0.33074597941305695,0.0802221407637091,0.641969698487292,-0.5133495190339882,0.0,3,b6e_robust_001
side=B_side|tfc=low|dphi=low|str=mid,18,O6_phase_only,0.7182423538465491,O2_lag5_AB,-0.28737614747071544,-0.5946743980577154,-0.28737614747071544,-0.5010802968791742,0.2289856426765649,-0.36474274157051517,0.7182423538465491,0.0,3,b6e_robust_001
side=B_side|tfc=mid|dphi=low|str=high,8,O6_phase_only,0.7846774807437602,O2_lag5_AB,-0.6201643653311719,-0.48787906835750905,-0.6201643653311719,0.18322237172001346,-0.7063892908567508,-0.4563911834234665,0.7846774807437602,0.0,3,b6e_robust_001
side=B_side|tfc=mid|dphi=low|str=mid,12,O6_phase_only,0.4048990890965112,O2_lag5_AB,-0.495689082325605,-0.556011583457423,-0.495689082325605,-0.5170852389572455,0.16437649386922074,-0.31931406858962313,0.4048990890965112,0.0,3,b6e_robust_001
side=B_side|tfc=mid|dphi=mid|str=mid,12,O1_lag0_AB,0.4349934793520782,O2_lag5_AB,0.12747829339907543,0.4349934793520782,0.12747829339907543,-0.0634607845253743,-0.13616048613244466,0.14580422024108702,0.26133799307879285,0.0,3,b6e_robust_001
side=B_side|tfc=mid|dphi=high|str=low,11,O1_lag0_AB,0.9234323371379302,O2_lag5_AB,0.4043106972286569,0.9234323371379302,0.4043106972286569,-0.35867502812414026,-0.43601899234967995,-0.5106199665834246,0.1045943934030165,0.0,3,b6e_robust_001
side=B_side|tfc=low|dphi=mid|str=high,11,O1_lag0_AB,0.051135902107109,O2_lag5_AB,-0.012394838762029636,0.051135902107109,-0.012394838762029636,-0.5369781018879496,-0.0027090075708494504,-0.18807772243577042,-0.3414283731140841,0.0,3,b6e_robust_001
side=B_side|tfc=high|dphi=low|str=high,13,O3_A_C_boundary,0.5014757424651966,O2_lag5_AB,0.23907675266411788,0.46417492756970385,0.23907675266411788,0.5014757424651966,0.2006345090612468,0.2536989696040722,0.5006019891575101,0.0,3,b6e_robust_001
side=A_side|tfc=low|dphi=mid|str=low,9,O3_A_C_boundary,0.676962133656373,O2_lag5_AB,-0.06169965221430725,-0.8380718758249542,-0.06169965221430725,0.676962133656373,-0.5612952978613054,-0.30561777676261886,-0.4383203487734671,0.0,3,b6e_robust_001
side=A_side|tfc=mid|dphi=low|str=high,8,O6_phase_only,0.5862255058742961,O2_lag5_AB,-0.15005687152861685,0.26836222744450877,-0.15005687152861685,-0.07289689610761474,0.5856338576338534,-0.005925510866057054,0.5862255058742961,0.0,3,b6e_robust_001
side=B_side|tfc=mid|dphi=low|str=low,11,O7_suppress_event,0.0,O2_lag5_AB,-0.280409895159192,-0.08722906707449286,-0.280409895159192,-0.21918500617007308,-0.33590098592458006,-0.4189829482415135,-0.22030757166385317,0.0,3,b6e_robust_001
side=A_side|tfc=high|dphi=high|str=low,11,O1_lag0_AB,0.2799950165188115,O2_lag5_AB,0.26712341498405157,0.2799950165188115,0.26712341498405157,0.04971935030902746,0.09777982894834647,0.0691821840720137,-0.1587997571141566,0.0,3,b6e_robust_001
side=A_side|tfc=low|dphi=high|str=high,15,O3_A_C_boundary,0.9514708432278117,O2_lag5_AB,0.2755979357574507,-0.34264799481633795,0.2755979357574507,0.9514708432278117,0.2944379460490344,0.37912237506282975,-0.36077818106996973,0.0,3,b6e_robust_001
side=B_side|tfc=low|dphi=mid|str=low,9,O4_B_C_boundary,0.33910874437857896,O2_lag5_AB,0.3329782979759624,-0.5951292841612404,0.3329782979759624,-0.3790512969827946,0.33910874437857896,-0.1194565071557575,-0.3918044132931328,0.0,3,b6e_robust_001
side=B_side|tfc=low|dphi=high|str=low,8,O4_B_C_boundary,0.3025236474507274,O2_lag5_AB,0.022801707725936683,-0.7553525104081715,0.022801707725936683,0.0609520634473677,0.3025236474507274,0.015915338370151244,-0.6773554254065411,0.0,3,b6e_robust_001
side=B_side|tfc=low|dphi=low|str=low,8,O4_B_C_boundary,0.09248094903386912,O2_lag5_AB,-0.04538983237499483,-0.14855903810002424,-0.04538983237499483,-0.6951378078083947,0.09248094903386912,-0.3859678848578023,0.07416781287835283,0.0,3,b6e_robust_001
side=B_side|tfc=mid|dphi=mid|str=low,8,O5_full_TFC,0.33892029621427455,O2_lag5_AB,0.3289316250352686,0.0427166201601866,0.3289316250352686,-0.4070448551798001,0.23758516160153928,0.33892029621427455,-0.44075116058667707,0.0,3,b6e_robust_001
side=B_side|tfc=high|dphi=high|str=high,13,O1_lag0_AB,0.7715690845113302,O2_lag5_AB,0.12679060188917426,0.7715690845113302,0.12679060188917426,-0.45071403684074396,-0.1753153774593917,0.3694896112078298,0.5351627315156341,0.0,3,b6e_robust_001
side=A_side|tfc=mid|dphi=mid|str=mid,9,O3_A_C_boundary,0.35958832627879933,O2_lag5_AB,-0.0749236178875064,-0.3323036388744814,-0.0749236178875064,0.35958832627879933,-0.5828992898927822,-0.2663275344778099,-0.19459998770169082,0.0,3,b6e_robust_001
side=A_side|tfc=low|dphi=low|str=low,9,O3_A_C_boundary,0.6108590648174266,O2_lag5_AB,-0.2094882858906998,-0.7688819230384807,-0.2094882858906998,0.6108590648174266,0.0026602193741901516,-0.13689693073088544,0.004585391168122597,0.0,3,b6e_robust_001
side=B_side|tfc=high|dphi=mid|str=high,10,O5_full_TFC,0.6929623874305221,O2_lag5_AB,0.6824864447645138,0.36167077316740504,0.6824864447645138,0.042933218079118374,-0.20008883051687848,0.6929623874305221,0.021232154014798936,0.0,3,b6e_robust_001
side=B_side|tfc=mid|dphi=high|str=mid,11,O2_lag5_AB,0.2612108053111852,O2_lag5_AB,0.2612108053111852,0.12608161807202997,0.2612108053111852,-0.4217869033180203,-0.03209137696813,-0.19637032901114243,-0.1758667480609533,0.0,3,b6e_robust_001
side=B_side|tfc=high|dphi=high|str=mid,9,O1_lag0_AB,1.0702871776698575,O2_lag5_AB,0.4941424677322586,1.0702871776698575,0.4941424677322586,-0.1759853432390286,-0.5798302316319053,0.1660395968625541,-0.2741489513825381,0.0,3,b6e_robust_001
side=A_side|tfc=high|dphi=low|str=low,9,O3_A_C_boundary,0.8849530462210697,O2_lag5_AB,0.05682839927672671,0.3116521680137116,0.05682839927672671,0.8849530462210697,-0.6738047433430793,0.2771771061614765,-0.2513521504276459,0.0,3,b6e_robust_001
side=B_side|tfc=low|dphi=low|str=high,8,O6_phase_only,0.1919880703080012,O4_B_C_boundary,-0.4346286648357297,0.060100834953611765,0.06293956698436814,-0.40338628591377235,-0.4346286648357297,-0.5659247727867625,0.1919880703080012,0.0,4,b6e_robust_001
side=A_side|tfc=high|dphi=mid|str=mid,8,O3_A_C_boundary,0.3093461706657086,O4_B_C_boundary,0.09886207575281936,-0.07517993200406115,-0.15386228287376533,0.3093461706657086,0.09886207575281936,0.17373458023875216,-0.2939294990360968,0.0,4,b6e_robust_001
side=B_side|tfc=high|dphi=high|str=low,10,O1_lag0_AB,0.181826444339868,O4_B_C_boundary,0.0063281852879652715,0.181826444339868,0.0634577313963943,-0.16768437984236956,0.0063281852879652715,-0.0656082401611994,-0.5514265282995636,0.0,4,b6e_robust_001
side=B_side|tfc=low|dphi=low|str=mid,17,O6_phase_only,0.5449582850311888,O4_B_C_boundary,0.31197457629317316,-0.7115692213899661,-0.4380226552317001,-0.5758583231678849,0.31197457629317316,-0.35801277640036155,0.5449582850311888,0.0,4,b6e_robust_001
side=B_side|tfc=mid|dphi=low|str=high,10,O6_phase_only,0.6746802888562307,O4_B_C_boundary,-0.4374932610197932,-0.5759294076673086,-0.601990785787234,-0.03690939561315375,-0.4374932610197932,-0.4575102080710175,0.6746802888562307,0.0,4,b6e_robust_001
side=B_side|tfc=mid|dphi=low|str=mid,17,O6_phase_only,0.22163324047097757,O4_B_C_boundary,0.1718508410329162,-0.5486531359537161,-0.5594397077595593,-0.313698915715017,0.1718508410329162,-0.22174582096794412,0.22163324047097757,0.0,4,b6e_robust_001
side=B_side|tfc=mid|dphi=mid|str=mid,13,O6_phase_only,0.36824555913588125,O4_B_C_boundary,-0.0006016307957650661,0.29338628678148154,0.014907194651433855,-0.037211522615218616,-0.0006016307957650661,0.05583659065043645,0.36824555913588125,0.0,4,b6e_robust_001
side=B_side|tfc=low|dphi=mid|str=high,12,O7_suppress_event,0.0,O4_B_C_boundary,-0.008824181572159051,-0.27077270266862025,-0.2697110119072849,-0.34968837902628663,-0.008824181572159051,-0.23205406586442398,-0.30643452271184674,0.0,4,b6e_robust_001
side=B_side|tfc=high|dphi=mid|str=mid,11,O4_B_C_boundary,0.4798876583977319,O4_B_C_boundary,0.4798876583977319,0.38962320404173184,-0.22987361695379344,0.10244360361544738,0.4798876583977319,0.20644672695033806,-0.16860647854586544,0.0,4,b6e_robust_001
side=B_side|tfc=mid|dphi=mid|str=high,8,O3_A_C_boundary,0.07117148421605096,O4_B_C_boundary,-0.07436735222033095,-0.06084671017833565,-0.07713881930486231,0.07117148421605096,-0.07436735222033095,-0.18868418623816635,-0.17018581527317667,0.0,4,b6e_robust_001
side=A_side|tfc=low|dphi=high|str=high,14,O3_A_C_boundary,0.8226586753898314,O4_B_C_boundary,0.4714222562657988,-0.35353384176075736,0.3358804947576771,0.8226586753898314,0.4714222562657988,0.5687670054654815,-0.2702141370791785,0.0,4,b6e_robust_001
side=B_side|tfc=high|dphi=low|str=high,8,O6_phase_only,0.3658307963820262,O4_B_C_boundary,0.1615350086937386,0.291250175654997,0.11597010264613523,0.2243415980958883,0.1615350086937386,0.07491857250190667,0.3658307963820262,0.0,4,b6e_robust_001
side=B_side|tfc=mid|dphi=low|str=low,10,O7_suppress_event,0.0,O4_B_C_boundary,-0.2739767576687333,-0.135070873055498,-0.386125025521603,-0.20927470475941642,-0.2739767576687333,-0.35981123236480367,-0.0967730525707146,0.0,4,b6e_robust_001
side=B_side|tfc=low|dphi=high|str=low,11,O4_B_C_boundary,0.5390185082739936,O4_B_C_boundary,0.5390185082739936,0.2600345011157041,0.26131719863033237,-0.4523980803804948,0.5390185082739936,-0.13187059444564556,-0.4861354165122124,0.0,4,b6e_robust_001
side=B_side|tfc=low|dphi=low|str=low,10,O4_B_C_boundary,0.13033876617191908,O4_B_C_boundary,0.13033876617191908,-0.14663578500011,-0.04106474100406723,-0.824287839050207,0.13033876617191908,-0.5023887977997209,0.012047833271661678,0.0,4,b6e_robust_001
side=B_side|tfc=high|dphi=high|str=high,13,O1_lag0_AB,0.5347393247453784,O4_B_C_boundary,0.13993807226069296,0.5347393247453784,-0.0031740198549865353,-0.38943033297516977,0.13993807226069296,0.4286902218841242,0.38884944163433527,0.0,4,b6e_robust_001
side=A_side|tfc=low|dphi=mid|str=low,9,O3_A_C_boundary,0.5084679727669552,O4_B_C_boundary,-0.7801089416552084,-0.5525219950299429,-0.23569907574842736,0.5084679727669552,-0.7801089416552084,-0.2847376115844543,-0.3976040582159477,0.0,4,b6e_robust_001
side=B_side|tfc=low|dphi=high|str=high,10,O3_A_C_boundary,0.38954341163739975,O4_B_C_boundary,0.3526205339774233,-0.20214141375995776,-0.43687639021338026,0.38954341163739975,0.3526205339774233,-0.00968015619401783,0.09533286053736875,0.0,4,b6e_robust_001
side=A_side|tfc=mid|dphi=mid|str=mid,8,O3_A_C_boundary,0.43448908431204425,O4_B_C_boundary,-0.2961086468207509,-0.17800314074137702,-0.09466442661078675,0.43448908431204425,-0.2961086468207509,-0.29257034473526145,-0.1865249615107003,0.0,4,b6e_robust_001
side=A_side|tfc=low|dphi=low|str=low,9,O3_A_C_boundary,0.6108590648174266,O4_B_C_boundary,0.0026602193741901516,-0.7688819230384807,-0.2094882858906998,0.6108590648174266,0.0026602193741901516,-0.13689693073088544,0.004585391168122597,0.0,4,b6e_robust_001
side=A_side|tfc=high|dphi=high|str=low,10,O2_lag5_AB,0.43585045681782725,O4_B_C_boundary,0.23358241753981718,0.2532519197431918,0.43585045681782725,0.07783024169170386,0.23358241753981718,0.4235009064063261,-0.3902580410719759,0.0,4,b6e_robust_001
side=B_side|tfc=high|dphi=mid|str=high,9,O2_lag5_AB,0.613386025129985,O4_B_C_boundary,-0.44468795418000834,0.5565283417131562,0.613386025129985,-0.38919924947683454,-0.44468795418000834,0.4129206316166543,0.1582398464744805,0.0,4,b6e_robust_001
side=A_side|tfc=high|dphi=low|str=low,9,O3_A_C_boundary,1.141635043651427,O4_B_C_boundary,-0.605897259518597,0.15415155752832257,-0.12588507996783965,1.141635043651427,-0.605897259518597,-0.04107502351702203,-0.40951329290452354,0.0,4,b6e_robust_001
side=B_side|tfc=high|dphi=high|str=mid,8,O1_lag0_AB,0.7852602002187551,O4_B_C_boundary,-0.5425378461471314,0.7852602002187551,0.326296120837744,0.1570555470049547,-0.5425378461471314,0.1915616177014263,-0.028474402607495813,0.0,4,b6e_robust_001
side=B_side|tfc=mid|dphi=high|str=mid,13,O4_B_C_boundary,0.5592064027815438,O4_B_C_boundary,0.5592064027815438,-0.18576916033807903,0.5187019863902212,-0.10958332363330599,0.5592064027815438,0.21294323933203235,-0.2199620979089852,0.0,4,b6e_robust_001
