mode,endpoint,direction,arm,comparison,mean_true,mean_control,effect,p_greater,n_pairs
combined_c_fes_gmr72,z_reward,A_to_C_to_B,intersection,true_vs_random,-0.6899558381502069,-0.6972097151256972,0.007253876975490512,0.34073185362927416,502
combined_c_fes_gmr72,z_reward,A_to_C_to_B,intersection,true_vs_balanced,-0.6899558381502069,-0.7140804129272931,0.024124574777086346,0.028594281143771244,502
combined_c_fes_gmr72,z_reward,A_to_C_to_B,intersection,true_vs_performance_matched,-0.6899558381502069,-0.7471867202152502,0.05723088206504335,0.0003999200159968006,502
combined_c_fes_gmr72,z_reward,A_to_C_to_B,intersection,true_vs_shuffled_c,-0.6899558381502069,-0.7220212336657437,0.03206539551553692,0.038992201559688064,502
combined_c_fes_gmr72,z_reward,A_to_C_to_B,intersection,true_vs_phase_rotated,-0.6899558381502069,-0.7306489401862719,0.040693102036065104,0.0013997200559888023,502
combined_c_fes_gmr72,z_reward,B_to_C_to_A,intersection,true_vs_random,-0.6935152501692968,-0.7236199119613944,0.030104661792097576,0.0669866026794641,502
combined_c_fes_gmr72,z_reward,B_to_C_to_A,intersection,true_vs_balanced,-0.6935152501692968,-0.7179173728310504,0.024402122661753668,0.015596880623875225,502
combined_c_fes_gmr72,z_reward,B_to_C_to_A,intersection,true_vs_performance_matched,-0.6935152501692968,-0.762028382877992,0.06851313270869519,0.0001999600079984003,502
combined_c_fes_gmr72,z_reward,B_to_C_to_A,intersection,true_vs_shuffled_c,-0.6935152501692968,-0.7241609885840562,0.03064573841475941,0.013997200559888023,502
combined_c_fes_gmr72,z_reward,B_to_C_to_A,intersection,true_vs_phase_rotated,-0.6935152501692968,-0.735428122626351,0.04191287245705422,0.0009998000399920016,502
combined_c_fes_gmr72,rank_reward,A_to_C_to_B,intersection,true_vs_random,-0.6876824578298033,-0.7012090638885143,0.013526606058711189,0.23555288942211558,502
combined_c_fes_gmr72,rank_reward,A_to_C_to_B,intersection,true_vs_balanced,-0.6876824578298033,-0.7143325140564794,0.026650056226676003,0.016796640671865627,502
combined_c_fes_gmr72,rank_reward,A_to_C_to_B,intersection,true_vs_performance_matched,-0.6876824578298033,-0.7414118326952063,0.05372937486540301,0.0013997200559888023,502
combined_c_fes_gmr72,rank_reward,A_to_C_to_B,intersection,true_vs_shuffled_c,-0.6876824578298033,-0.7239933141036052,0.036310856273802004,0.030193961207758448,502
combined_c_fes_gmr72,rank_reward,A_to_C_to_B,intersection,true_vs_phase_rotated,-0.6876824578298033,-0.7284971713258641,0.0408147134960609,0.00599880023995201,502
combined_c_fes_gmr72,rank_reward,B_to_C_to_A,intersection,true_vs_random,-0.6849767103815771,-0.7272470162245366,0.042270305842959446,0.014997000599880024,502
combined_c_fes_gmr72,rank_reward,B_to_C_to_A,intersection,true_vs_balanced,-0.6849767103815771,-0.7173479188673209,0.03237120848574387,0.002599480103979204,502
combined_c_fes_gmr72,rank_reward,B_to_C_to_A,intersection,true_vs_performance_matched,-0.6849767103815771,-0.7581366744380796,0.07315996405650256,0.0001999600079984003,502
combined_c_fes_gmr72,rank_reward,B_to_C_to_A,intersection,true_vs_shuffled_c,-0.6849767103815771,-0.7273026891767751,0.04232597879519801,0.004199160167966407,502
combined_c_fes_gmr72,rank_reward,B_to_C_to_A,intersection,true_vs_phase_rotated,-0.6849767103815771,-0.7337333560589963,0.04875664567741921,0.0003999200159968006,502
combined_c_fes_gmr72,gmr72_bridge_composite,A_to_C_to_B,intersection,true_vs_random,-0.27368334103159825,-0.2733823359406213,-0.00030100509097700953,0.5212957408518296,502
combined_c_fes_gmr72,gmr72_bridge_composite,A_to_C_to_B,intersection,true_vs_balanced,-0.27368334103159825,-0.2768733289059226,0.0031899878743243295,0.21455708858228353,502
combined_c_fes_gmr72,gmr72_bridge_composite,A_to_C_to_B,intersection,true_vs_performance_matched,-0.27368334103159825,-0.2756646604773112,0.001981319445712972,0.3525294941011798,502
combined_c_fes_gmr72,gmr72_bridge_composite,A_to_C_to_B,intersection,true_vs_shuffled_c,-0.27368334103159825,-0.2784398232979261,0.0047564822663278584,0.2393521295740852,502
combined_c_fes_gmr72,gmr72_bridge_composite,A_to_C_to_B,intersection,true_vs_phase_rotated,-0.27368334103159825,-0.2843750724935476,0.010691731461949286,0.013597280543891222,502
combined_c_fes_gmr72,gmr72_bridge_composite,B_to_C_to_A,intersection,true_vs_random,-0.2758362859660063,-0.28078546589566356,0.004949179929657282,0.27474505098980206,502
combined_c_fes_gmr72,gmr72_bridge_composite,B_to_C_to_A,intersection,true_vs_balanced,-0.2758362859660063,-0.2773493154866781,0.0015130295206718825,0.3313337332533493,502
combined_c_fes_gmr72,gmr72_bridge_composite,B_to_C_to_A,intersection,true_vs_performance_matched,-0.2758362859660063,-0.2819437436780104,0.006107457712004123,0.11597680463907219,502
combined_c_fes_gmr72,gmr72_bridge_composite,B_to_C_to_A,intersection,true_vs_shuffled_c,-0.2758362859660063,-0.279224476154622,0.0033881901886157082,0.23555288942211558,502
combined_c_fes_gmr72,gmr72_bridge_composite,B_to_C_to_A,intersection,true_vs_phase_rotated,-0.2758362859660063,-0.2856262198490247,0.009789933883018418,0.03179364127174565,502
gmr72_phase_conditioned,z_reward,A_to_C_to_B,intersection,true_vs_random,-0.6739772448087511,-0.7304284277884266,0.056451182979675586,0.0015996800639872025,502
gmr72_phase_conditioned,z_reward,A_to_C_to_B,intersection,true_vs_balanced,-0.6739772448087511,-0.7140804129272931,0.04010316811854215,0.0001999600079984003,502
gmr72_phase_conditioned,z_reward,A_to_C_to_B,intersection,true_vs_performance_matched,-0.6739772448087511,-0.7471867202152502,0.07320947540649915,0.0001999600079984003,502
gmr72_phase_conditioned,z_reward,A_to_C_to_B,intersection,true_vs_shuffled_c,-0.6739772448087511,-0.7026674858811719,0.028690241072420915,0.010197960407918417,502
gmr72_phase_conditioned,z_reward,A_to_C_to_B,intersection,true_vs_phase_rotated,-0.6739772448087511,-0.7166704037375208,0.042693158928769744,0.003199360127974405,502
gmr72_phase_conditioned,z_reward,B_to_C_to_A,intersection,true_vs_random,-0.668304920342612,-0.7092723358106082,0.040967415467996135,0.01779644071185763,502
gmr72_phase_conditioned,z_reward,B_to_C_to_A,intersection,true_vs_balanced,-0.668304920342612,-0.7179173728310504,0.049612452488438284,0.0001999600079984003,502
gmr72_phase_conditioned,z_reward,B_to_C_to_A,intersection,true_vs_performance_matched,-0.668304920342612,-0.762028382877992,0.0937234625353798,0.0001999600079984003,502
gmr72_phase_conditioned,z_reward,B_to_C_to_A,intersection,true_vs_shuffled_c,-0.668304920342612,-0.7141524410917973,0.04584752074918526,0.001799640071985603,502
gmr72_phase_conditioned,z_reward,B_to_C_to_A,intersection,true_vs_phase_rotated,-0.668304920342612,-0.7210365892798791,0.05273166893726707,0.0001999600079984003,502
gmr72_phase_conditioned,rank_reward,A_to_C_to_B,intersection,true_vs_random,-0.6674582503270163,-0.7191802273629667,0.05172197703595055,0.001999600079984003,502
gmr72_phase_conditioned,rank_reward,A_to_C_to_B,intersection,true_vs_balanced,-0.6674582503270163,-0.7143325140564794,0.04687426372946298,0.0001999600079984003,502
gmr72_phase_conditioned,rank_reward,A_to_C_to_B,intersection,true_vs_performance_matched,-0.6674582503270163,-0.7414118326952063,0.07395358236818998,0.0001999600079984003,502
gmr72_phase_conditioned,rank_reward,A_to_C_to_B,intersection,true_vs_shuffled_c,-0.6674582503270163,-0.7082508486213458,0.04079259829432954,0.0023995200959808036,502
gmr72_phase_conditioned,rank_reward,A_to_C_to_B,intersection,true_vs_phase_rotated,-0.6674582503270163,-0.7226715442469513,0.05521329391993506,0.0003999200159968006,502
gmr72_phase_conditioned,rank_reward,B_to_C_to_A,intersection,true_vs_random,-0.6582992206788193,-0.710275502385464,0.05197628170664484,0.0023995200959808036,502
gmr72_phase_conditioned,rank_reward,B_to_C_to_A,intersection,true_vs_balanced,-0.6582992206788193,-0.7173479188673209,0.05904869818850166,0.0001999600079984003,502
gmr72_phase_conditioned,rank_reward,B_to_C_to_A,intersection,true_vs_performance_matched,-0.6582992206788193,-0.7581366744380796,0.09983745375926033,0.0001999600079984003,502
gmr72_phase_conditioned,rank_reward,B_to_C_to_A,intersection,true_vs_shuffled_c,-0.6582992206788193,-0.7136476318624325,0.05534841118361329,0.0001999600079984003,502
gmr72_phase_conditioned,rank_reward,B_to_C_to_A,intersection,true_vs_phase_rotated,-0.6582992206788193,-0.719583516336244,0.06128429565742459,0.0001999600079984003,502
gmr72_phase_conditioned,gmr72_bridge_composite,A_to_C_to_B,intersection,true_vs_random,-0.2705919626904819,-0.2868769773334089,0.01628501464292698,0.007998400319936013,502
gmr72_phase_conditioned,gmr72_bridge_composite,A_to_C_to_B,intersection,true_vs_balanced,-0.2705919626904819,-0.2768733289059226,0.0062813662154407,0.002599480103979204,502
gmr72_phase_conditioned,gmr72_bridge_composite,A_to_C_to_B,intersection,true_vs_performance_matched,-0.2705919626904819,-0.2756646604773112,0.005072697786829343,0.06638672265546891,502
gmr72_phase_conditioned,gmr72_bridge_composite,A_to_C_to_B,intersection,true_vs_shuffled_c,-0.2705919626904819,-0.27467273625596733,0.004080773565485397,0.03179364127174565,502
gmr72_phase_conditioned,gmr72_bridge_composite,A_to_C_to_B,intersection,true_vs_phase_rotated,-0.2705919626904819,-0.27883948557387706,0.008247522883395158,0.0011997600479904018,502
gmr72_phase_conditioned,gmr72_bridge_composite,B_to_C_to_A,intersection,true_vs_random,-0.27133330080880497,-0.27620295544756623,0.004869654638761213,0.23395320935812838,502
gmr72_phase_conditioned,gmr72_bridge_composite,B_to_C_to_A,intersection,true_vs_balanced,-0.27133330080880497,-0.2773493154866781,0.006016014677873179,0.0009998000399920016,502
gmr72_phase_conditioned,gmr72_bridge_composite,B_to_C_to_A,intersection,true_vs_performance_matched,-0.27133330080880497,-0.2819437436780104,0.010610442869205417,0.004599080183963208,502
gmr72_phase_conditioned,gmr72_bridge_composite,B_to_C_to_A,intersection,true_vs_shuffled_c,-0.27133330080880497,-0.2746656562203688,0.0033323554115638502,0.08238352329534093,502
gmr72_phase_conditioned,gmr72_bridge_composite,B_to_C_to_A,intersection,true_vs_phase_rotated,-0.27133330080880497,-0.27868355939632855,0.0073502585875235915,0.0061987602479504095,502
fes_string_conditioned,z_reward,A_to_C_to_B,intersection,true_vs_random,-0.7121087170300231,-0.7254996320707218,0.013390915040698828,0.1819636072785443,502
fes_string_conditioned,z_reward,A_to_C_to_B,intersection,true_vs_balanced,-0.7121087170300231,-0.7140804129272931,0.001971695897270231,0.3659268146370726,502
fes_string_conditioned,z_reward,A_to_C_to_B,intersection,true_vs_performance_matched,-0.7121087170300231,-0.7471867202152502,0.03507800318522724,0.0003999200159968006,502
fes_string_conditioned,z_reward,A_to_C_to_B,intersection,true_vs_shuffled_c,-0.7121087170300231,-0.7110420318999086,-0.0010666851301144593,0.5410917816436712,502
fes_string_conditioned,z_reward,A_to_C_to_B,intersection,true_vs_phase_rotated,-0.7121087170300231,-0.7193159017835925,0.007207184753569531,0.129374125174965,502
fes_string_conditioned,z_reward,B_to_C_to_A,intersection,true_vs_random,-0.7193655884422034,-0.7182342818877684,-0.0011313065544348666,0.5226954609078185,502
fes_string_conditioned,z_reward,B_to_C_to_A,intersection,true_vs_balanced,-0.7193655884422034,-0.7179173728310504,-0.0014482156111530085,0.5650869826034793,502
fes_string_conditioned,z_reward,B_to_C_to_A,intersection,true_vs_performance_matched,-0.7193655884422034,-0.762028382877992,0.04266279443578851,0.0003999200159968006,502
fes_string_conditioned,z_reward,B_to_C_to_A,intersection,true_vs_shuffled_c,-0.7193655884422034,-0.7192832372277749,-8.235121442864747e-05,0.4839032193561288,502
fes_string_conditioned,z_reward,B_to_C_to_A,intersection,true_vs_phase_rotated,-0.7193655884422034,-0.7265914916827894,0.0072259032405857845,0.23715256948610278,502
fes_string_conditioned,rank_reward,A_to_C_to_B,intersection,true_vs_random,-0.7053414186423997,-0.7206004634405108,0.015259044798111035,0.15776844631073786,502
fes_string_conditioned,rank_reward,A_to_C_to_B,intersection,true_vs_balanced,-0.7053414186423997,-0.7143325140564794,0.008991095414079593,0.0611877624475105,502
fes_string_conditioned,rank_reward,A_to_C_to_B,intersection,true_vs_performance_matched,-0.7053414186423997,-0.7414118326952063,0.0360704140528066,0.0005998800239952009,502
fes_string_conditioned,rank_reward,A_to_C_to_B,intersection,true_vs_shuffled_c,-0.7053414186423997,-0.7136752041485019,0.008333785506102281,0.18056388722255548,502
fes_string_conditioned,rank_reward,A_to_C_to_B,intersection,true_vs_phase_rotated,-0.7053414186423997,-0.7152015988277047,0.009860180185304948,0.0655868826234753,502
fes_string_conditioned,rank_reward,B_to_C_to_A,intersection,true_vs_random,-0.7125153948576394,-0.7102942421013246,-0.0022211527563147514,0.5616876624675065,502
fes_string_conditioned,rank_reward,B_to_C_to_A,intersection,true_vs_balanced,-0.7125153948576394,-0.7173479188673209,0.004832524009681559,0.2489502099580084,502
fes_string_conditioned,rank_reward,B_to_C_to_A,intersection,true_vs_performance_matched,-0.7125153948576394,-0.7581366744380796,0.045621279580440245,0.0001999600079984003,502
fes_string_conditioned,rank_reward,B_to_C_to_A,intersection,true_vs_shuffled_c,-0.7125153948576394,-0.7211540031438944,0.00863860828625493,0.21155768846230755,502
fes_string_conditioned,rank_reward,B_to_C_to_A,intersection,true_vs_phase_rotated,-0.7125153948576394,-0.7258206903983486,0.013305295540709333,0.11137772445510898,502
fes_string_conditioned,gmr72_bridge_composite,A_to_C_to_B,intersection,true_vs_random,-0.27487357192543327,-0.2803305734465871,0.005457001521153788,0.1843631273745251,502
fes_string_conditioned,gmr72_bridge_composite,A_to_C_to_B,intersection,true_vs_balanced,-0.27487357192543327,-0.2768733289059226,0.0019997569804893318,0.05658868226354729,502
fes_string_conditioned,gmr72_bridge_composite,A_to_C_to_B,intersection,true_vs_performance_matched,-0.27487357192543327,-0.2756646604773112,0.0007910885518779742,0.40351929614077187,502
fes_string_conditioned,gmr72_bridge_composite,A_to_C_to_B,intersection,true_vs_shuffled_c,-0.27487357192543327,-0.2762830522630366,0.0014094803376033496,0.17276544691061788,502
fes_string_conditioned,gmr72_bridge_composite,A_to_C_to_B,intersection,true_vs_phase_rotated,-0.27487357192543327,-0.2779893097214145,0.003115737795981285,0.019396120775844832,502
fes_string_conditioned,gmr72_bridge_composite,B_to_C_to_A,intersection,true_vs_random,-0.2764505776897923,-0.2821304530936888,0.005679875403896507,0.15256948610277946,502
fes_string_conditioned,gmr72_bridge_composite,B_to_C_to_A,intersection,true_vs_balanced,-0.2764505776897923,-0.2773493154866781,0.0008987377968858815,0.2591481703659268,502
fes_string_conditioned,gmr72_bridge_composite,B_to_C_to_A,intersection,true_vs_performance_matched,-0.2764505776897923,-0.2819437436780104,0.005493165988218122,0.06938612277544491,502
fes_string_conditioned,gmr72_bridge_composite,B_to_C_to_A,intersection,true_vs_shuffled_c,-0.2764505776897923,-0.2771794468262526,0.0007288691364603308,0.33893221355728853,502
fes_string_conditioned,gmr72_bridge_composite,B_to_C_to_A,intersection,true_vs_phase_rotated,-0.2764505776897923,-0.2790863096832946,0.00263573199350236,0.13177364527094582,502
linear_c_state,z_reward,A_to_C_to_B,intersection,true_vs_random,-0.6742877982119958,-0.7304284277884266,0.056140629576430776,0.0013997200559888023,502
linear_c_state,z_reward,A_to_C_to_B,intersection,true_vs_balanced,-0.6742877982119958,-0.7140804129272931,0.03979261471529734,0.0001999600079984003,502
linear_c_state,z_reward,A_to_C_to_B,intersection,true_vs_performance_matched,-0.6742877982119958,-0.7471867202152502,0.07289892200325435,0.0001999600079984003,502
linear_c_state,z_reward,A_to_C_to_B,intersection,true_vs_shuffled_c,-0.6742877982119958,-0.707741176300237,0.03345337808824126,0.004399120175964807,502
linear_c_state,z_reward,A_to_C_to_B,intersection,true_vs_phase_rotated,-0.6742877982119958,-0.7159508846278139,0.04166308641581805,0.001799640071985603,502
linear_c_state,z_reward,B_to_C_to_A,intersection,true_vs_random,-0.6658277490798481,-0.7092723358106082,0.04344458673076007,0.012397520495900819,502
linear_c_state,z_reward,B_to_C_to_A,intersection,true_vs_balanced,-0.6658277490798481,-0.7179173728310504,0.05208962375120222,0.0001999600079984003,502
linear_c_state,z_reward,B_to_C_to_A,intersection,true_vs_performance_matched,-0.6658277490798481,-0.762028382877992,0.09620063379814374,0.0001999600079984003,502
linear_c_state,z_reward,B_to_C_to_A,intersection,true_vs_shuffled_c,-0.6658277490798481,-0.7164580240186889,0.05063027493884057,0.0007998400319936012,502
linear_c_state,z_reward,B_to_C_to_A,intersection,true_vs_phase_rotated,-0.6658277490798481,-0.7166840565564567,0.05085630747660856,0.0001999600079984003,502
linear_c_state,rank_reward,A_to_C_to_B,intersection,true_vs_random,-0.6666075597476937,-0.7191802273629667,0.052572667615273135,0.0007998400319936012,502
linear_c_state,rank_reward,A_to_C_to_B,intersection,true_vs_balanced,-0.6666075597476937,-0.7143325140564794,0.04772495430878556,0.0001999600079984003,502
linear_c_state,rank_reward,A_to_C_to_B,intersection,true_vs_performance_matched,-0.6666075597476937,-0.7414118326952063,0.07480427294751257,0.0001999600079984003,502
linear_c_state,rank_reward,A_to_C_to_B,intersection,true_vs_shuffled_c,-0.6666075597476937,-0.7125520683230167,0.0459445085753229,0.0007998400319936012,502
linear_c_state,rank_reward,A_to_C_to_B,intersection,true_vs_phase_rotated,-0.6666075597476937,-0.7218985608049608,0.055291001057267176,0.0003999200159968006,502
linear_c_state,rank_reward,B_to_C_to_A,intersection,true_vs_random,-0.6566775954936314,-0.710275502385464,0.053597906891832824,0.0013997200559888023,502
linear_c_state,rank_reward,B_to_C_to_A,intersection,true_vs_balanced,-0.6566775954936314,-0.7173479188673209,0.06067032337368965,0.0001999600079984003,502
linear_c_state,rank_reward,B_to_C_to_A,intersection,true_vs_performance_matched,-0.6566775954936314,-0.7581366744380796,0.10145907894444832,0.0001999600079984003,502
linear_c_state,rank_reward,B_to_C_to_A,intersection,true_vs_shuffled_c,-0.6566775954936314,-0.7161182293733623,0.059440633879730954,0.0003999200159968006,502
linear_c_state,rank_reward,B_to_C_to_A,intersection,true_vs_phase_rotated,-0.6566775954936314,-0.716302861512092,0.059625266018460535,0.0001999600079984003,502
linear_c_state,gmr72_bridge_composite,A_to_C_to_B,intersection,true_vs_random,-0.26934735419918915,-0.2868769773334089,0.01752962313421968,0.003199360127974405,502
linear_c_state,gmr72_bridge_composite,A_to_C_to_B,intersection,true_vs_balanced,-0.26934735419918915,-0.2768733289059226,0.00752597470673341,0.0001999600079984003,502
linear_c_state,gmr72_bridge_composite,A_to_C_to_B,intersection,true_vs_performance_matched,-0.26934735419918915,-0.2756646604773112,0.006317306278122052,0.016996600679864027,502
linear_c_state,gmr72_bridge_composite,A_to_C_to_B,intersection,true_vs_shuffled_c,-0.26934735419918915,-0.2748253478739191,0.005477993674729934,0.001799640071985603,502
linear_c_state,gmr72_bridge_composite,A_to_C_to_B,intersection,true_vs_phase_rotated,-0.26934735419918915,-0.27774526696207935,0.00839791276289017,0.0009998000399920016,502
linear_c_state,gmr72_bridge_composite,B_to_C_to_A,intersection,true_vs_random,-0.2695913594405655,-0.27620295544756623,0.006611596007000733,0.15776844631073786,502
linear_c_state,gmr72_bridge_composite,B_to_C_to_A,intersection,true_vs_balanced,-0.2695913594405655,-0.2773493154866781,0.007757956046112695,0.0001999600079984003,502
linear_c_state,gmr72_bridge_composite,B_to_C_to_A,intersection,true_vs_performance_matched,-0.2695913594405655,-0.2819437436780104,0.012352384237444934,0.0007998400319936012,502
linear_c_state,gmr72_bridge_composite,B_to_C_to_A,intersection,true_vs_shuffled_c,-0.2695913594405655,-0.2747231665458711,0.005131807105305616,0.009798040391921616,502
linear_c_state,gmr72_bridge_composite,B_to_C_to_A,intersection,true_vs_phase_rotated,-0.2695913594405655,-0.2767944540747832,0.007203094634217724,0.0013997200559888023,502
