event_class,event_role,null_index,null_model,n_nodes,n_directed_edges,mean_bounded_differentiated_recovery,sd_bounded_differentiated_recovery,D12_recovery,D24_recovery
b55_density_only_gate,density_control,0,degree-matched directed random graph,12,48,-0.0017091554693400327,0.0012193125482236043,0.49523016597202885,0.4997119706892388
b55_density_only_gate,density_control,1,degree-matched directed random graph,12,48,-0.0013050251475496628,0.001180318937454105,0.49487866486466164,0.4988091527816878
b55_density_only_gate,density_control,2,degree-matched directed random graph,12,48,-0.0023045944545211487,0.0006897001256929322,0.49556661521106066,0.4986358052150843
b55_density_only_gate,density_control,3,degree-matched directed random graph,12,48,-0.0018733383889669292,0.0009007065615084899,0.49416423381285896,0.49754466446901874
b55_density_only_gate,density_control,4,degree-matched directed random graph,12,48,-0.002535070666518475,0.001296763430650996,0.4961675927033435,0.4981858729992001
b55_density_only_gate,density_control,5,degree-matched directed random graph,12,48,-0.0022949371206160995,0.0016490483055695395,0.4954515981322409,0.4986784983979886
b55_density_only_gate,density_control,6,degree-matched directed random graph,12,48,-0.0020173624832188126,0.0009930284109277063,0.49588056711276735,0.49834041555555775
b55_density_only_gate,density_control,7,degree-matched directed random graph,12,48,-0.0023629431614063997,0.00022991219286072804,0.49526719131415026,0.49676386344899764
b55_density_only_gate,density_control,8,degree-matched directed random graph,12,48,-0.001785670818455679,0.0008274070254429272,0.4954084928867965,0.4999421254195242
b55_density_only_gate,density_control,9,degree-matched directed random graph,12,48,-0.002774184386441458,0.0007740126483522722,0.4954117194291187,0.49635021048150746
b55_density_only_gate,density_control,10,degree-matched directed random graph,12,48,-0.0011249529782217354,0.0011022574556676114,0.4951851308467101,0.5021913658659541
b55_density_only_gate,density_control,11,degree-matched directed random graph,12,48,-0.001955061243358215,0.0010574810538323764,0.49450440641369253,0.4989012957927268
b55_density_only_gate,density_control,12,degree-matched directed random graph,12,48,-0.0013835087420789012,0.000990613223066049,0.49481866091718646,0.4965946937080899
b55_density_only_gate,density_control,13,degree-matched directed random graph,12,48,-0.0011140437866221868,0.0006750870739894513,0.4937793746194852,0.49338614775117384
b55_density_only_gate,density_control,14,degree-matched directed random graph,12,48,-0.0026726616971440536,0.0007281989363933655,0.49617354592944357,0.498294222061312
b55_density_only_gate,density_control,15,degree-matched directed random graph,12,48,-0.0018230583713734468,0.0007131941765410416,0.4964279130722779,0.49559261345867883
b55_density_only_gate,density_control,16,degree-matched directed random graph,12,48,-0.001782329516741523,0.0006599116245295932,0.4949334295415502,0.49799448532654184
b55_density_only_gate,density_control,17,degree-matched directed random graph,12,48,-0.0015994218171137622,0.0008303196629468785,0.4951555253358873,0.4983325338728492
b55_density_only_gate,density_control,18,degree-matched directed random graph,12,48,-0.0019406614027854222,0.0007186097675535267,0.4964619808088926,0.49751931039423686
b55_density_only_gate,density_control,19,degree-matched directed random graph,12,48,-0.0024577005697960434,0.0012693715402579877,0.49569505935906477,0.49888743603232727
b55_density_only_gate,density_control,20,degree-matched directed random graph,12,48,-0.00220255192912797,0.0013039914482729452,0.49522870710065986,0.4939051553982163
b55_density_only_gate,density_control,21,degree-matched directed random graph,12,48,-0.0020495302602142568,0.0006285960675123275,0.49473000239426446,0.4979752025595023
b55_density_only_gate,density_control,22,degree-matched directed random graph,12,48,-0.002436712157462608,0.0010039930431491042,0.49504788419271084,0.5017890402303821
b55_density_only_gate,density_control,23,degree-matched directed random graph,12,48,-0.0014433939417786703,0.0003486890228813834,0.494550414415911,0.4974673923674238
b55_density_only_gate,density_control,24,degree-matched directed random graph,12,48,-0.0024995557183473995,0.0008340844353506156,0.49582278316494816,0.49620872956961487
b55_density_only_gate,density_control,25,degree-matched directed random graph,12,48,-0.0017742946181642705,0.00061466838486072,0.4958011230045505,0.4948474553688566
b55_density_only_gate,density_control,26,degree-matched directed random graph,12,48,-0.001748019102911857,0.0010452926363992109,0.49456329409849414,0.4964581736002663
b55_density_only_gate,density_control,27,degree-matched directed random graph,12,48,-0.0016718528857554598,0.0005154278281347591,0.49809720930378437,0.49672543803611285
b55_density_only_gate,density_control,28,degree-matched directed random graph,12,48,-0.001098290009370218,0.0010381388248626297,0.49412064938149874,0.4974887040863985
b55_density_only_gate,density_control,29,degree-matched directed random graph,12,48,-0.002733123626990738,0.0012585260893928454,0.4945268319613514,0.49603867964996606
b55_density_only_gate,density_control,30,degree-matched directed random graph,12,48,-0.0022797619147604735,0.0009969182622157518,0.49676199190792764,0.4959227074480627
b55_density_only_gate,density_control,31,degree-matched directed random graph,12,48,-0.001611128435891434,0.0010352006876678727,0.49408019825523125,0.5028357911467373
b55_density_only_gate,density_control,32,degree-matched directed random graph,12,48,-0.0019126727526074475,0.0006448391335684408,0.4954326478994647,0.4999881546020835
b55_density_only_gate,density_control,33,degree-matched directed random graph,12,48,-0.0018272869475967804,0.0009020341648538427,0.49465825665533375,0.496980090956892
b55_density_only_gate,density_control,34,degree-matched directed random graph,12,48,-0.0021158480328413486,0.00038871095315813544,0.4949567013010001,0.49572379564067476
b55_density_only_gate,density_control,35,degree-matched directed random graph,12,48,-0.0024025525808660272,0.0007640090370955791,0.49423549627973357,0.4979697364799081
b55_density_only_gate,density_control,36,degree-matched directed random graph,12,48,-0.0014470935630396594,0.0007754290083828137,0.493866988980131,0.49437002057834106
b55_density_only_gate,density_control,37,degree-matched directed random graph,12,48,-0.002629070244371949,0.0009800158831818465,0.49533284814045514,0.4955458023703953
b55_density_only_gate,density_control,38,degree-matched directed random graph,12,48,-0.0017186914616659377,0.0005929361689326971,0.4939578721248286,0.4985950566560284
b55_density_only_gate,density_control,39,degree-matched directed random graph,12,48,-0.002893828997168476,0.000947249302171809,0.49514922506082165,0.49647016885463885
b55_density_only_gate,density_control,40,degree-matched directed random graph,12,48,-0.0017108532588601358,0.0008157772111571177,0.49543994114566337,0.5009583813977087
b55_density_only_gate,density_control,41,degree-matched directed random graph,12,48,-0.002781284959410843,0.0008027812663839478,0.496655020958505,0.4947424343118505
b55_density_only_gate,density_control,42,degree-matched directed random graph,12,48,-0.002443493098214644,0.0008443504161743711,0.49362631259024653,0.5003053734097666
b55_density_only_gate,density_control,43,degree-matched directed random graph,12,48,-0.0014218009104707413,0.0007998323460257653,0.4965551604428618,0.4948848616765171
b55_density_only_gate,density_control,44,degree-matched directed random graph,12,48,-0.0025997511514737246,0.0012101726854336207,0.49495513079371706,0.49562548061588835
b55_density_only_gate,density_control,45,degree-matched directed random graph,12,48,-0.001608660430922697,0.0006172723021049991,0.496093624636925,0.49784368879100976
b55_density_only_gate,density_control,46,degree-matched directed random graph,12,48,-0.002760132290052038,0.0008897364818249516,0.49481801158060207,0.4980348234885803
b55_density_only_gate,density_control,47,degree-matched directed random graph,12,48,-0.0029782331412262063,0.0009398241398757162,0.493222922378938,0.49409330966395637
b55_density_only_gate,density_control,48,degree-matched directed random graph,12,48,-0.0019476240080002441,0.0012131196143662674,0.49537951366584565,0.4992680769806741
b55_density_only_gate,density_control,49,degree-matched directed random graph,12,48,-0.0016961902519535702,0.000658859186397973,0.495867157316279,0.5005312622401726
b55_pairwise_ab_only,pairwise_control,0,degree-matched directed random graph,12,48,0.006751644971074053,0.0017517369513556647,0.5465287658753125,0.518437209944973
b55_pairwise_ab_only,pairwise_control,1,degree-matched directed random graph,12,48,0.00906977203840357,0.0024593965801326277,0.5740303695016776,0.49258316684883235
b55_pairwise_ab_only,pairwise_control,2,degree-matched directed random graph,12,48,0.004872593024224209,0.0017260536106013097,0.4834548935202169,0.5196844317857261
b55_pairwise_ab_only,pairwise_control,3,degree-matched directed random graph,12,48,0.009360033994669588,0.0011507349879070108,0.5393134224791786,0.46266304689333865
b55_pairwise_ab_only,pairwise_control,4,degree-matched directed random graph,12,48,0.0030935597596609067,0.0035785082011919127,0.5000325904951102,0.4759329170578031
b55_pairwise_ab_only,pairwise_control,5,degree-matched directed random graph,12,48,-0.004052813895300485,0.0026520606208854424,0.49148488644831806,0.5357125717033858
b55_pairwise_ab_only,pairwise_control,6,degree-matched directed random graph,12,48,0.005363848927908217,0.0009270830628229469,0.5760928754704849,0.4835010614868058
b55_pairwise_ab_only,pairwise_control,7,degree-matched directed random graph,12,48,-0.0013740036638884925,0.0030582697116425055,0.4435468293261054,0.49395117988571524
b55_pairwise_ab_only,pairwise_control,8,degree-matched directed random graph,12,48,0.006249828963389874,0.002659112156994974,0.5318504619475554,0.5297822809926981
b55_pairwise_ab_only,pairwise_control,9,degree-matched directed random graph,12,48,0.004048033723052375,0.002042581895975807,0.5359103337397003,0.48343506727409546
b55_pairwise_ab_only,pairwise_control,10,degree-matched directed random graph,12,48,0.005984304714266674,0.000689117147561421,0.5709652931100649,0.5208365858137731
b55_pairwise_ab_only,pairwise_control,11,degree-matched directed random graph,12,48,0.0014476777882977195,0.0024343789652149033,0.5348266850148718,0.5198201323023929
b55_pairwise_ab_only,pairwise_control,12,degree-matched directed random graph,12,48,0.005123460188609599,0.002961317617405152,0.4970389382936145,0.501428264072703
b55_pairwise_ab_only,pairwise_control,13,degree-matched directed random graph,12,48,0.0073830580706572045,0.0033400183440896692,0.5225452092267768,0.46569803200296445
b55_pairwise_ab_only,pairwise_control,14,degree-matched directed random graph,12,48,0.0010366925915916605,0.0031852808909239496,0.535421033871172,0.4921445483219526
b55_pairwise_ab_only,pairwise_control,15,degree-matched directed random graph,12,48,0.002791904004974052,0.0031048882450421763,0.514726079700122,0.4884919578453287
b55_pairwise_ab_only,pairwise_control,16,degree-matched directed random graph,12,48,0.005428825960880096,0.0014703952511261043,0.5489046905184729,0.4577113568007392
b55_pairwise_ab_only,pairwise_control,17,degree-matched directed random graph,12,48,0.009172265690454593,0.0020355647288297254,0.5810227055942336,0.5089766860739172
b55_pairwise_ab_only,pairwise_control,18,degree-matched directed random graph,12,48,0.007337683372204096,0.0021384744357702263,0.5573037741486201,0.48953427189455584
b55_pairwise_ab_only,pairwise_control,19,degree-matched directed random graph,12,48,0.004776041208475064,0.0017912879014457385,0.513145775509113,0.4915560818304825
b55_pairwise_ab_only,pairwise_control,20,degree-matched directed random graph,12,48,-0.0035454213522382095,0.003134979961059151,0.5021569691389794,0.5037823882272568
b55_pairwise_ab_only,pairwise_control,21,degree-matched directed random graph,12,48,0.00038208657585574586,0.002087234756517465,0.48751593047191144,0.5088867457342373
b55_pairwise_ab_only,pairwise_control,22,degree-matched directed random graph,12,48,0.0014020394716573604,0.000908887427547912,0.5332222082825082,0.4685312305805813
b55_pairwise_ab_only,pairwise_control,23,degree-matched directed random graph,12,48,0.0011469506636791454,0.002302592468960062,0.5548040297434657,0.5155445904666646
b55_pairwise_ab_only,pairwise_control,24,degree-matched directed random graph,12,48,0.0017124279486558285,0.0014244546072408482,0.5497585433133139,0.4881312079818832
b55_pairwise_ab_only,pairwise_control,25,degree-matched directed random graph,12,48,-0.001119228030599599,0.0019612496521332636,0.5504187987479724,0.5002153905443636
b55_pairwise_ab_only,pairwise_control,26,degree-matched directed random graph,12,48,0.003595455946947889,0.002073841385369494,0.5424006113361081,0.518411704466118
b55_pairwise_ab_only,pairwise_control,27,degree-matched directed random graph,12,48,0.004936446212244179,0.0037091606030247273,0.5317248490668104,0.5070560902024229
b55_pairwise_ab_only,pairwise_control,28,degree-matched directed random graph,12,48,0.002676276106973237,0.0025387315082379108,0.5330052312479873,0.5038862445499696
b55_pairwise_ab_only,pairwise_control,29,degree-matched directed random graph,12,48,0.0025792513595902407,0.0020763272418693147,0.564238890550978,0.5070521052497327
b55_pairwise_ab_only,pairwise_control,30,degree-matched directed random graph,12,48,0.0017530825533548001,0.002652538463457436,0.4996199953255743,0.5205484590735766
b55_pairwise_ab_only,pairwise_control,31,degree-matched directed random graph,12,48,0.0036588220746606014,0.002738925642420537,0.5452836636766196,0.5266653201268683
b55_pairwise_ab_only,pairwise_control,32,degree-matched directed random graph,12,48,-0.0004159959864684048,0.0021128929027262743,0.5126518360281636,0.48075210960060816
b55_pairwise_ab_only,pairwise_control,33,degree-matched directed random graph,12,48,0.0027350556345855244,0.001945925194609636,0.5408246266482996,0.5139201549622213
b55_pairwise_ab_only,pairwise_control,34,degree-matched directed random graph,12,48,-0.0028616710732418493,0.001969394449047883,0.5290186871070008,0.5121849095785339
b55_pairwise_ab_only,pairwise_control,35,degree-matched directed random graph,12,48,0.008410809841656031,0.0032743137465176078,0.6047259400417341,0.5215692365057734
b55_pairwise_ab_only,pairwise_control,36,degree-matched directed random graph,12,48,0.001283272527883458,0.003417877294059824,0.5034932577923802,0.4939141813117261
b55_pairwise_ab_only,pairwise_control,37,degree-matched directed random graph,12,48,-0.00488371347795201,0.005344340901197032,0.44193333901857096,0.49041223013899793
b55_pairwise_ab_only,pairwise_control,38,degree-matched directed random graph,12,48,-0.004226404639519091,0.004221405290279224,0.4997456270181546,0.5073892352674441
b55_pairwise_ab_only,pairwise_control,39,degree-matched directed random graph,12,48,0.006713858528368231,0.002100383812654941,0.5443479310779188,0.5092254215994212
b55_pairwise_ab_only,pairwise_control,40,degree-matched directed random graph,12,48,-0.00220591258574572,0.004490909357067659,0.5023804340437033,0.5168577422463935
b55_pairwise_ab_only,pairwise_control,41,degree-matched directed random graph,12,48,0.004701081972583757,0.003740155828478963,0.5134700709453685,0.5296706389211917
b55_pairwise_ab_only,pairwise_control,42,degree-matched directed random graph,12,48,0.008152354664373888,0.004382621806332033,0.5753986676259636,0.5260215673528884
b55_pairwise_ab_only,pairwise_control,43,degree-matched directed random graph,12,48,0.010133825333683342,0.0020460886919477896,0.550375035905973,0.4681701554909199
b55_pairwise_ab_only,pairwise_control,44,degree-matched directed random graph,12,48,0.000617858470080028,0.003357333470136166,0.5639825337871659,0.5344338930070861
b55_pairwise_ab_only,pairwise_control,45,degree-matched directed random graph,12,48,0.0013493100775642207,0.0014715624155752069,0.5671679461871637,0.5052310215178609
b55_pairwise_ab_only,pairwise_control,46,degree-matched directed random graph,12,48,-0.002736583900120857,0.004160901323200287,0.48461551743587156,0.49094723840881677
b55_pairwise_ab_only,pairwise_control,47,degree-matched directed random graph,12,48,0.00556806735999701,0.0017062707944558051,0.5429345385781749,0.5303037627679581
b55_pairwise_ab_only,pairwise_control,48,degree-matched directed random graph,12,48,0.0011382733730200803,0.0035561875920740093,0.5243342158912769,0.4983904549163502
b55_pairwise_ab_only,pairwise_control,49,degree-matched directed random graph,12,48,0.00879574845252882,0.0024366369594495145,0.5999701028727316,0.4892958047466587
b55_pairwise_ac_only,pairwise_control,0,degree-matched directed random graph,12,48,0.006598372988253976,0.001531597939303428,0.5926682277798713,0.5132495640828917
b55_pairwise_ac_only,pairwise_control,1,degree-matched directed random graph,12,48,-0.0008309520270751665,0.00367121347238449,0.5195810509172526,0.4592815658038733
b55_pairwise_ac_only,pairwise_control,2,degree-matched directed random graph,12,48,0.013405748433125248,0.002187182097742275,0.6132090425873625,0.5235465051168323
b55_pairwise_ac_only,pairwise_control,3,degree-matched directed random graph,12,48,0.012415940654813646,0.003851356231903857,0.5746434082044393,0.5266910907193673
b55_pairwise_ac_only,pairwise_control,4,degree-matched directed random graph,12,48,0.0017752789558137252,0.0026499816205355284,0.5497609915616014,0.49282332510305343
b55_pairwise_ac_only,pairwise_control,5,degree-matched directed random graph,12,48,-0.0020668677051633236,0.0037490846927258183,0.5115606560296105,0.49366001618772737
b55_pairwise_ac_only,pairwise_control,6,degree-matched directed random graph,12,48,-0.0007481209021358786,0.002257124557366258,0.5126169365879568,0.46456662550418426
b55_pairwise_ac_only,pairwise_control,7,degree-matched directed random graph,12,48,0.0005664815776802145,0.0009152267890309572,0.5492383732379695,0.48830221537168433
b55_pairwise_ac_only,pairwise_control,8,degree-matched directed random graph,12,48,0.00823233118225095,0.0022451292941114,0.5833510831971288,0.4956717710858313
b55_pairwise_ac_only,pairwise_control,9,degree-matched directed random graph,12,48,-0.0024817349667523815,0.004460127316071381,0.4867890259674439,0.5134956505584004
b55_pairwise_ac_only,pairwise_control,10,degree-matched directed random graph,12,48,0.006054467051545771,0.004771428059868652,0.5139810840359158,0.48235252105164905
b55_pairwise_ac_only,pairwise_control,11,degree-matched directed random graph,12,48,0.005332450010327638,0.003765290049854687,0.4798455619750513,0.5141285860579814
b55_pairwise_ac_only,pairwise_control,12,degree-matched directed random graph,12,48,0.009658491040396486,0.0035993522162271513,0.5152043163575809,0.45982457244814695
b55_pairwise_ac_only,pairwise_control,13,degree-matched directed random graph,12,48,0.0007719191659737177,0.0027482731774709245,0.5140315783280286,0.5075289332709297
b55_pairwise_ac_only,pairwise_control,14,degree-matched directed random graph,12,48,0.013194052910531539,0.0011081373981109098,0.5714807956129865,0.5262992119605864
b55_pairwise_ac_only,pairwise_control,15,degree-matched directed random graph,12,48,0.017872805382787016,0.0026989546489511788,0.6250525101345125,0.5216754836959617
b55_pairwise_ac_only,pairwise_control,16,degree-matched directed random graph,12,48,0.009336445521595205,0.0048826818668028975,0.5404161756858541,0.4447594809717294
b55_pairwise_ac_only,pairwise_control,17,degree-matched directed random graph,12,48,0.010342702977302538,0.0012642239788238348,0.5291485805284982,0.5307106443938486
b55_pairwise_ac_only,pairwise_control,18,degree-matched directed random graph,12,48,0.00643500659190889,0.003577213734051593,0.4959078970169622,0.5222228137256213
b55_pairwise_ac_only,pairwise_control,19,degree-matched directed random graph,12,48,0.002013232834512538,0.003337923108645949,0.498399032326783,0.4958228913048999
b55_pairwise_ac_only,pairwise_control,20,degree-matched directed random graph,12,48,0.0009429263170810477,0.002200846219508088,0.5398151911472079,0.5018552241814772
b55_pairwise_ac_only,pairwise_control,21,degree-matched directed random graph,12,48,0.01159350840737422,0.0018627245262719805,0.5739275758672091,0.5411383025570249
b55_pairwise_ac_only,pairwise_control,22,degree-matched directed random graph,12,48,-0.0035256158373700637,0.002283970575282745,0.4835149313826901,0.49980052029120675
b55_pairwise_ac_only,pairwise_control,23,degree-matched directed random graph,12,48,0.0016591374207178492,0.0029860932394873804,0.5269500128237564,0.4731542403593249
b55_pairwise_ac_only,pairwise_control,24,degree-matched directed random graph,12,48,0.0031909612999814073,0.0024867990444827483,0.5209480831931161,0.5253426910246813
b55_pairwise_ac_only,pairwise_control,25,degree-matched directed random graph,12,48,0.014546399351747634,0.002898510519411869,0.5995709132499382,0.5121773059491704
b55_pairwise_ac_only,pairwise_control,26,degree-matched directed random graph,12,48,0.0009881043885813145,0.0032049901314263342,0.5153454677994526,0.4751060982302109
b55_pairwise_ac_only,pairwise_control,27,degree-matched directed random graph,12,48,0.018385256690166524,0.003097081329098166,0.5945828710284585,0.5369527863982867
b55_pairwise_ac_only,pairwise_control,28,degree-matched directed random graph,12,48,0.0027965795946757895,0.0029147383524229104,0.5100787233305155,0.4824375511443701
b55_pairwise_ac_only,pairwise_control,29,degree-matched directed random graph,12,48,0.003247250250343604,0.002699922428050199,0.5606847524322043,0.49672794975999607
b55_pairwise_ac_only,pairwise_control,30,degree-matched directed random graph,12,48,-0.005422413907072086,0.0047987966764653,0.4246062288265456,0.483085228398005
b55_pairwise_ac_only,pairwise_control,31,degree-matched directed random graph,12,48,0.012749768177408138,0.0017492971212563308,0.6128713880473613,0.5076162372205755
b55_pairwise_ac_only,pairwise_control,32,degree-matched directed random graph,12,48,0.006961239232992055,0.005365835943118849,0.6009422215047021,0.4987283818398671
b55_pairwise_ac_only,pairwise_control,33,degree-matched directed random graph,12,48,0.0020288631224434574,0.003175529450633461,0.5583298799136654,0.5007650759082726
b55_pairwise_ac_only,pairwise_control,34,degree-matched directed random graph,12,48,0.0074731442375014605,0.0023901443913404603,0.5966658824107305,0.5207656401919333
b55_pairwise_ac_only,pairwise_control,35,degree-matched directed random graph,12,48,-0.004054452736850589,0.0024706294472577883,0.4772845045722205,0.4995732837291859
b55_pairwise_ac_only,pairwise_control,36,degree-matched directed random graph,12,48,0.0023110230070279595,0.004549785707788106,0.4826752492344295,0.5082340450759509
b55_pairwise_ac_only,pairwise_control,37,degree-matched directed random graph,12,48,0.00351342498642919,0.003710959607005049,0.5359115239993494,0.5206610074933814
b55_pairwise_ac_only,pairwise_control,38,degree-matched directed random graph,12,48,0.003873102372819841,0.0041719889125153824,0.5175125753817543,0.5122245587865005
b55_pairwise_ac_only,pairwise_control,39,degree-matched directed random graph,12,48,0.0058495473797715546,0.0018579893846328527,0.591677445431025,0.5133923286520815
b55_pairwise_ac_only,pairwise_control,40,degree-matched directed random graph,12,48,-0.0006356548438636835,0.003660918051456156,0.49612780608827417,0.5104872919730696
b55_pairwise_ac_only,pairwise_control,41,degree-matched directed random graph,12,48,-0.004054556650098289,0.003670923822388137,0.47776982730556794,0.49275698911019744
b55_pairwise_ac_only,pairwise_control,42,degree-matched directed random graph,12,48,0.006552504016238529,0.0021867300540725503,0.5216853053890246,0.4934604242780411
b55_pairwise_ac_only,pairwise_control,43,degree-matched directed random graph,12,48,0.0042245796089648265,0.001839333915380575,0.5445669432475619,0.5534841405058984
b55_pairwise_ac_only,pairwise_control,44,degree-matched directed random graph,12,48,0.005064400544956359,0.0037709046239231842,0.5171492147047871,0.5380043962058523
b55_pairwise_ac_only,pairwise_control,45,degree-matched directed random graph,12,48,0.011984581969975061,0.0022056440874095025,0.5338917210214018,0.45135640752790107
b55_pairwise_ac_only,pairwise_control,46,degree-matched directed random graph,12,48,-0.002140365855004474,0.005476777611501682,0.506338870959234,0.4860629135504202
b55_pairwise_ac_only,pairwise_control,47,degree-matched directed random graph,12,48,0.004884153296364467,0.0009474921044789734,0.4935748780845525,0.5314714929721799
b55_pairwise_ac_only,pairwise_control,48,degree-matched directed random graph,12,48,0.012706600403907913,0.004324818188025309,0.5695404950424562,0.4968567814138441
b55_pairwise_ac_only,pairwise_control,49,degree-matched directed random graph,12,48,0.013087193860996743,0.003189009274870777,0.5895510445438229,0.495570399817665
b55_pairwise_bc_only,pairwise_control,0,degree-matched directed random graph,12,48,0.0055211050941564995,0.0016669212637692816,0.5596591999983586,0.5027724274827912
b55_pairwise_bc_only,pairwise_control,1,degree-matched directed random graph,12,48,0.00546780143043583,0.004203992930981293,0.5741179448049305,0.5228642528125357
b55_pairwise_bc_only,pairwise_control,2,degree-matched directed random graph,12,48,0.003064354107522421,0.0027915837916916075,0.5830456754407204,0.4938362435656753
b55_pairwise_bc_only,pairwise_control,3,degree-matched directed random graph,12,48,0.0015978644434143843,0.004346835595349963,0.5269700415067231,0.5138710366275347
b55_pairwise_bc_only,pairwise_control,4,degree-matched directed random graph,12,48,-0.0009596551238576315,0.0062873271524766395,0.540222889745228,0.46760898012289404
b55_pairwise_bc_only,pairwise_control,5,degree-matched directed random graph,12,48,-0.0003474773191921756,0.0036103699342418835,0.533599217776506,0.4673032022296952
b55_pairwise_bc_only,pairwise_control,6,degree-matched directed random graph,12,48,0.005794738198541402,0.005075530379155892,0.5881151418483311,0.5101275345356454
b55_pairwise_bc_only,pairwise_control,7,degree-matched directed random graph,12,48,0.00039162189204339286,0.0025918217467983382,0.5609781607412753,0.4881351613752094
b55_pairwise_bc_only,pairwise_control,8,degree-matched directed random graph,12,48,0.009899934867129364,0.002583683001442479,0.5627892243160736,0.5375256036331723
b55_pairwise_bc_only,pairwise_control,9,degree-matched directed random graph,12,48,-0.0036970774742791225,0.0020715699049106725,0.4951679352825387,0.4547168198258
b55_pairwise_bc_only,pairwise_control,10,degree-matched directed random graph,12,48,0.00920888414174721,0.001965205372686353,0.5798375629245663,0.4983450289487114
b55_pairwise_bc_only,pairwise_control,11,degree-matched directed random graph,12,48,0.007512545797161229,0.0037035857065160506,0.5707461370931853,0.4669652991216284
b55_pairwise_bc_only,pairwise_control,12,degree-matched directed random graph,12,48,0.0015248320340695998,0.0032093368942283486,0.5421302309599595,0.5199863344813148
b55_pairwise_bc_only,pairwise_control,13,degree-matched directed random graph,12,48,0.001967295924702224,0.004268981964005272,0.5735850013536065,0.4496893869428513
b55_pairwise_bc_only,pairwise_control,14,degree-matched directed random graph,12,48,0.001864902455890837,0.003646472769482455,0.48972847894499366,0.5020768566293632
b55_pairwise_bc_only,pairwise_control,15,degree-matched directed random graph,12,48,-0.005045319381001402,0.0029007050246623164,0.48897703277570365,0.440780126890517
b55_pairwise_bc_only,pairwise_control,16,degree-matched directed random graph,12,48,0.008999574468453285,0.0054537422544087815,0.638195128065003,0.5213361766600619
b55_pairwise_bc_only,pairwise_control,17,degree-matched directed random graph,12,48,0.008327196787128314,0.0032688289704492397,0.5461595126401725,0.4850062398740964
b55_pairwise_bc_only,pairwise_control,18,degree-matched directed random graph,12,48,0.012210913321863076,0.003939820221856704,0.6008672613961451,0.4982936236202307
b55_pairwise_bc_only,pairwise_control,19,degree-matched directed random graph,12,48,0.0007912264796829886,0.003990283958608372,0.5421408938716206,0.5061923851716214
b55_pairwise_bc_only,pairwise_control,20,degree-matched directed random graph,12,48,0.006144259897281189,0.003387748580160198,0.5680594013954307,0.5100511629539927
b55_pairwise_bc_only,pairwise_control,21,degree-matched directed random graph,12,48,0.0006954749166799169,0.004329727399594136,0.5331074969223597,0.4844629589537037
b55_pairwise_bc_only,pairwise_control,22,degree-matched directed random graph,12,48,0.004431909863816432,0.002529626968927991,0.5429940271061496,0.5053301900010921
b55_pairwise_bc_only,pairwise_control,23,degree-matched directed random graph,12,48,0.002924846318719939,0.0022414697408319256,0.5384434204012525,0.515205644931865
b55_pairwise_bc_only,pairwise_control,24,degree-matched directed random graph,12,48,0.006525771346354323,0.004729083027938581,0.5399281705419104,0.4805822456001733
b55_pairwise_bc_only,pairwise_control,25,degree-matched directed random graph,12,48,-0.007525754999126846,0.0020807307437410247,0.5007409457308426,0.5034424468760376
b55_pairwise_bc_only,pairwise_control,26,degree-matched directed random graph,12,48,-0.0026065916931816042,0.0026152430474360115,0.4944413083301728,0.49637843608501336
b55_pairwise_bc_only,pairwise_control,27,degree-matched directed random graph,12,48,0.0011804621633811692,0.0022078777650383465,0.5232748109108917,0.48044846022370685
b55_pairwise_bc_only,pairwise_control,28,degree-matched directed random graph,12,48,0.0031972790130053597,0.004056224863842539,0.5694767586394599,0.4586195399420287
b55_pairwise_bc_only,pairwise_control,29,degree-matched directed random graph,12,48,0.0076440946832876935,0.005406903221484288,0.5428472021864997,0.4751483807032329
b55_pairwise_bc_only,pairwise_control,30,degree-matched directed random graph,12,48,0.0046340165296819774,0.0029771867662211097,0.5283919491296033,0.5020380155088779
b55_pairwise_bc_only,pairwise_control,31,degree-matched directed random graph,12,48,0.005062405767609649,0.003987602871457412,0.5428546383945128,0.5009360948449394
b55_pairwise_bc_only,pairwise_control,32,degree-matched directed random graph,12,48,0.010961954974458827,0.0022314600760361077,0.5716895340290505,0.5163796347862579
b55_pairwise_bc_only,pairwise_control,33,degree-matched directed random graph,12,48,0.01022431992922997,0.0026867623757094506,0.5693283767488159,0.4957131223291065
b55_pairwise_bc_only,pairwise_control,34,degree-matched directed random graph,12,48,-0.002222568495816441,0.0016412931197810697,0.5227796317906424,0.468011648025313
b55_pairwise_bc_only,pairwise_control,35,degree-matched directed random graph,12,48,0.003510057432319351,0.0032658757356692453,0.5494459225283879,0.5083672674836149
b55_pairwise_bc_only,pairwise_control,36,degree-matched directed random graph,12,48,0.003943729651497832,0.003279571271216224,0.5699329207198964,0.4920273655150425
b55_pairwise_bc_only,pairwise_control,37,degree-matched directed random graph,12,48,0.0027297831640939515,0.00376164120012415,0.5470662186012311,0.4919743904014497
b55_pairwise_bc_only,pairwise_control,38,degree-matched directed random graph,12,48,-0.0002850571822574561,0.003994889116409714,0.510511394688745,0.513397497408817
b55_pairwise_bc_only,pairwise_control,39,degree-matched directed random graph,12,48,0.010112472220913219,0.00522119463956656,0.5982995754190474,0.53442201801637
b55_pairwise_bc_only,pairwise_control,40,degree-matched directed random graph,12,48,0.01014145039208199,0.003148520229048301,0.6047332125562077,0.525125871593355
b55_pairwise_bc_only,pairwise_control,41,degree-matched directed random graph,12,48,0.009604326438597141,0.004931811209588602,0.6502436061338518,0.5197202903405369
b55_pairwise_bc_only,pairwise_control,42,degree-matched directed random graph,12,48,0.004876974095087446,0.0022300996307386056,0.5450684771264049,0.5116346900293808
b55_pairwise_bc_only,pairwise_control,43,degree-matched directed random graph,12,48,0.0006148402092480365,0.0062161731700723245,0.5547263464123565,0.4678753044348342
b55_pairwise_bc_only,pairwise_control,44,degree-matched directed random graph,12,48,0.009506992058496228,0.004962647991440576,0.6013975267684663,0.5014834803696746
b55_pairwise_bc_only,pairwise_control,45,degree-matched directed random graph,12,48,0.010991192294001988,0.0031676217327172903,0.5960866213839572,0.4990690536358204
b55_pairwise_bc_only,pairwise_control,46,degree-matched directed random graph,12,48,0.007114569929219512,0.0036588285502065394,0.5769258745723375,0.518359748044274
b55_pairwise_bc_only,pairwise_control,47,degree-matched directed random graph,12,48,0.007281490278911775,0.004173271213728697,0.5590321777916974,0.49219808916039587
b55_pairwise_bc_only,pairwise_control,48,degree-matched directed random graph,12,48,0.0067409988763545954,0.002710541090454615,0.5415557550616539,0.4762342745913946
b55_pairwise_bc_only,pairwise_control,49,degree-matched directed random graph,12,48,0.006674672729934495,0.00281614252434618,0.5388028138073635,0.518811923201106
b55_phase_event_only_lag5,c_event_control,0,degree-matched directed random graph,12,48,0.01765454138633993,0.00110035050174183,0.7616132415618305,0.6280650856111126
b55_phase_event_only_lag5,c_event_control,1,degree-matched directed random graph,12,48,0.014824571741006631,0.0005953228967110274,0.7397424513503511,0.5885665934278009
b55_phase_event_only_lag5,c_event_control,2,degree-matched directed random graph,12,48,0.015925793320994783,0.0013167707138472633,0.7560545322893786,0.624906070015195
b55_phase_event_only_lag5,c_event_control,3,degree-matched directed random graph,12,48,0.012757256675459466,0.0008811715280376571,0.7344970332587492,0.5759757604093049
b55_phase_event_only_lag5,c_event_control,4,degree-matched directed random graph,12,48,0.01562421128763569,0.0023052018713784327,0.7501877936387452,0.6129712525542751
b55_phase_event_only_lag5,c_event_control,5,degree-matched directed random graph,12,48,0.01739466046581029,0.001865676407689828,0.773476821230504,0.6351475562144542
b55_phase_event_only_lag5,c_event_control,6,degree-matched directed random graph,12,48,0.018622654932597852,0.0019463343164766581,0.7759683681722613,0.6555560944896163
b55_phase_event_only_lag5,c_event_control,7,degree-matched directed random graph,12,48,0.017447446372246267,0.0018275610804601484,0.7643691249310695,0.625233557163069
b55_phase_event_only_lag5,c_event_control,8,degree-matched directed random graph,12,48,0.01692904099194248,0.0012644423961903392,0.7610777043939838,0.6178325476478539
b55_phase_event_only_lag5,c_event_control,9,degree-matched directed random graph,12,48,0.019866457582222746,0.0017866981955646803,0.7743107239769177,0.6369245158852532
b55_phase_event_only_lag5,c_event_control,10,degree-matched directed random graph,12,48,0.015137319173992872,0.0009850795084008694,0.7557315497357436,0.6220585019121428
b55_phase_event_only_lag5,c_event_control,11,degree-matched directed random graph,12,48,0.013013663967753575,0.0010243530740341122,0.7500170555414569,0.6013948636704984
b55_phase_event_only_lag5,c_event_control,12,degree-matched directed random graph,12,48,0.01590468742405547,0.0010684861736325235,0.7636640326969352,0.6138548974729932
b55_phase_event_only_lag5,c_event_control,13,degree-matched directed random graph,12,48,0.013367821478836453,0.0009615328391451779,0.7576570010913769,0.6106351960265398
b55_phase_event_only_lag5,c_event_control,14,degree-matched directed random graph,12,48,0.016562642427409787,0.0021151053207931775,0.7608114782449941,0.6261983227858908
b55_phase_event_only_lag5,c_event_control,15,degree-matched directed random graph,12,48,0.01688561582123949,0.0012384203013535004,0.7713576743570356,0.6340203035298502
b55_phase_event_only_lag5,c_event_control,16,degree-matched directed random graph,12,48,0.015098751237577384,0.0017468550006528934,0.759750280112923,0.621758264017925
b55_phase_event_only_lag5,c_event_control,17,degree-matched directed random graph,12,48,0.013117723587888862,0.002301107252513503,0.74296255913197,0.5856764115246289
b55_phase_event_only_lag5,c_event_control,18,degree-matched directed random graph,12,48,0.013528228849753044,0.0012748478780299946,0.7415496519948993,0.6039860383336326
b55_phase_event_only_lag5,c_event_control,19,degree-matched directed random graph,12,48,0.019792462033586655,0.0008773161891454066,0.7743693818909009,0.6553170601515286
b55_phase_event_only_lag5,c_event_control,20,degree-matched directed random graph,12,48,0.014533714380207133,0.0029240820742459967,0.738886619091053,0.5857042990442798
b55_phase_event_only_lag5,c_event_control,21,degree-matched directed random graph,12,48,0.014729114744840413,0.0010392304940767896,0.756234946131224,0.6136186543587163
b55_phase_event_only_lag5,c_event_control,22,degree-matched directed random graph,12,48,0.016521917561855493,0.0015094517001437511,0.7615928509952211,0.6255039092697082
b55_phase_event_only_lag5,c_event_control,23,degree-matched directed random graph,12,48,0.019535286687433234,0.0009419107153893949,0.7772643036693503,0.6484234779646837
b55_phase_event_only_lag5,c_event_control,24,degree-matched directed random graph,12,48,0.015700188854621298,0.0016823730435160218,0.7848318756075616,0.663305808900795
b55_phase_event_only_lag5,c_event_control,25,degree-matched directed random graph,12,48,0.015551259293924613,0.0017882024955589737,0.75981498259191,0.6185799307269316
b55_phase_event_only_lag5,c_event_control,26,degree-matched directed random graph,12,48,0.01670343208684988,0.0019135674237638906,0.7654517962812485,0.6242262280288027
b55_phase_event_only_lag5,c_event_control,27,degree-matched directed random graph,12,48,0.021592032220735465,0.0022109292074912615,0.7785328385818281,0.6439397480075106
b55_phase_event_only_lag5,c_event_control,28,degree-matched directed random graph,12,48,0.019744561694229456,0.0020978036439053475,0.7944918516037626,0.6785525768943845
b55_phase_event_only_lag5,c_event_control,29,degree-matched directed random graph,12,48,0.02356897888566048,0.001445998982986263,0.8085209721620442,0.6959353349714045
b55_phase_event_only_lag5,c_event_control,30,degree-matched directed random graph,12,48,0.016683702999176778,0.0009412214671769936,0.7684967619884375,0.6529893367583853
b55_phase_event_only_lag5,c_event_control,31,degree-matched directed random graph,12,48,0.01438299596164849,0.0014038281436457604,0.765173943106757,0.632885537458388
b55_phase_event_only_lag5,c_event_control,32,degree-matched directed random graph,12,48,0.016494901213326717,0.0016213282076666354,0.7574816557988022,0.6049176367542347
b55_phase_event_only_lag5,c_event_control,33,degree-matched directed random graph,12,48,0.017225967732887766,0.0019135840608279064,0.7665449624057484,0.6353505873774818
b55_phase_event_only_lag5,c_event_control,34,degree-matched directed random graph,12,48,0.01635901882062826,0.0020514261727191388,0.766993846000235,0.6310165220107862
b55_phase_event_only_lag5,c_event_control,35,degree-matched directed random graph,12,48,0.018178200837772954,0.001814688490722148,0.7714664983491225,0.6462553261918593
b55_phase_event_only_lag5,c_event_control,36,degree-matched directed random graph,12,48,0.017320846710116713,0.002288362599952653,0.7721871171107718,0.6504553655775109
b55_phase_event_only_lag5,c_event_control,37,degree-matched directed random graph,12,48,0.014923484139365416,0.0029713839714994336,0.7566821222577497,0.6091360711988844
b55_phase_event_only_lag5,c_event_control,38,degree-matched directed random graph,12,48,0.01151795466806081,0.0016741250574467937,0.7326266307667231,0.5962618691042658
b55_phase_event_only_lag5,c_event_control,39,degree-matched directed random graph,12,48,0.019214641714191603,0.0013872562444271028,0.7851947557307631,0.6604849124822861
b55_phase_event_only_lag5,c_event_control,40,degree-matched directed random graph,12,48,0.012066852114124518,0.001584434468750021,0.7070009918034987,0.5467968711617376
b55_phase_event_only_lag5,c_event_control,41,degree-matched directed random graph,12,48,0.013333819928389883,0.0017429886108124171,0.7393925618654139,0.5809747725414376
b55_phase_event_only_lag5,c_event_control,42,degree-matched directed random graph,12,48,0.013326727908294379,0.0013947978479290453,0.7357887770558987,0.5871071325868622
b55_phase_event_only_lag5,c_event_control,43,degree-matched directed random graph,12,48,0.017269530568849178,0.0012412734750338456,0.7620240605516595,0.6180284224510847
b55_phase_event_only_lag5,c_event_control,44,degree-matched directed random graph,12,48,0.018119365597071595,0.0023018907343184108,0.7755495344908768,0.6439832632007646
b55_phase_event_only_lag5,c_event_control,45,degree-matched directed random graph,12,48,0.015187392561069983,0.0015464434659083594,0.7255641386681532,0.5656694858962568
b55_phase_event_only_lag5,c_event_control,46,degree-matched directed random graph,12,48,0.019204256301633988,0.0034274515248525015,0.7941588369302165,0.6837462700136169
b55_phase_event_only_lag5,c_event_control,47,degree-matched directed random graph,12,48,0.01787991322161212,0.0007407594794183618,0.769352751598643,0.6340021445306346
b55_phase_event_only_lag5,c_event_control,48,degree-matched directed random graph,12,48,0.01919965213409251,0.000876928794329362,0.7763251303853265,0.6462499576411848
b55_phase_event_only_lag5,c_event_control,49,degree-matched directed random graph,12,48,0.013925802208804317,0.0016316849718627704,0.7374822778349607,0.5873041427681583
b55_shuffled_c_phase_gate,shuffle_control,0,degree-matched directed random graph,12,48,0.008715374097118896,0.001657721401825845,0.5539379959336803,0.4199559673392816
b55_shuffled_c_phase_gate,shuffle_control,1,degree-matched directed random graph,12,48,0.011519447117375655,0.0021126929698673585,0.6068203885406419,0.5097446563454656
b55_shuffled_c_phase_gate,shuffle_control,2,degree-matched directed random graph,12,48,0.014026120877995192,0.0017754295347599412,0.6518776233999564,0.5003501057010679
b55_shuffled_c_phase_gate,shuffle_control,3,degree-matched directed random graph,12,48,0.016319767414141012,0.0008163235130624131,0.624488196990059,0.47710689465031225
b55_shuffled_c_phase_gate,shuffle_control,4,degree-matched directed random graph,12,48,0.017298084096559,0.0017952868061532107,0.6626608579155419,0.5754787626777472
b55_shuffled_c_phase_gate,shuffle_control,5,degree-matched directed random graph,12,48,0.01675720808436042,0.001932457493043985,0.6843647867020155,0.5518965325029154
b55_shuffled_c_phase_gate,shuffle_control,6,degree-matched directed random graph,12,48,0.012804857381061935,0.0023412662306533144,0.685277235914858,0.5662637003029096
b55_shuffled_c_phase_gate,shuffle_control,7,degree-matched directed random graph,12,48,0.01364656316206131,0.002749650572107845,0.6858233312277475,0.5324551581573093
b55_shuffled_c_phase_gate,shuffle_control,8,degree-matched directed random graph,12,48,0.019084286992840694,0.0016716281989158292,0.6403059194706814,0.527034563202009
b55_shuffled_c_phase_gate,shuffle_control,9,degree-matched directed random graph,12,48,0.007655706695778266,0.003194788588379128,0.5614424216298436,0.5730758589083887
b55_shuffled_c_phase_gate,shuffle_control,10,degree-matched directed random graph,12,48,0.013287948708700916,0.0010962921698701724,0.6211622561029212,0.5337225700324334
b55_shuffled_c_phase_gate,shuffle_control,11,degree-matched directed random graph,12,48,0.01005958462792643,0.0015023029410179561,0.5844275518536634,0.4509654989847605
b55_shuffled_c_phase_gate,shuffle_control,12,degree-matched directed random graph,12,48,0.013313164720261296,0.0013704648625845481,0.6376124102741388,0.5188342729567917
b55_shuffled_c_phase_gate,shuffle_control,13,degree-matched directed random graph,12,48,0.013361615337060173,0.0019268860998886,0.6640841498472275,0.5280766090234654
b55_shuffled_c_phase_gate,shuffle_control,14,degree-matched directed random graph,12,48,0.01407597728543581,0.0016880854092243666,0.6109377354149673,0.5390675108267856
b55_shuffled_c_phase_gate,shuffle_control,15,degree-matched directed random graph,12,48,0.00372626800043626,0.0013421062547820217,0.5173108496586023,0.4952024654878057
b55_shuffled_c_phase_gate,shuffle_control,16,degree-matched directed random graph,12,48,0.02093541837272885,0.004817164814949401,0.7435776884119533,0.603953178517371
b55_shuffled_c_phase_gate,shuffle_control,17,degree-matched directed random graph,12,48,0.014668652431175398,0.001222131436838457,0.6881312435360396,0.6326796981755064
b55_shuffled_c_phase_gate,shuffle_control,18,degree-matched directed random graph,12,48,0.01418447307353977,0.0017687970198040613,0.6287330057590402,0.456893261872579
b55_shuffled_c_phase_gate,shuffle_control,19,degree-matched directed random graph,12,48,0.013482086679662926,0.0024277973999266293,0.6887590558444341,0.553049456654368
b55_shuffled_c_phase_gate,shuffle_control,20,degree-matched directed random graph,12,48,0.012819904178639804,0.002273430157502187,0.609873664885657,0.5543597652068312
b55_shuffled_c_phase_gate,shuffle_control,21,degree-matched directed random graph,12,48,0.011758893794033406,0.0017103357440805137,0.5644084050863442,0.5015573454649688
b55_shuffled_c_phase_gate,shuffle_control,22,degree-matched directed random graph,12,48,0.011493601098175822,0.002862231980301883,0.6114719126056575,0.5628636261658803
b55_shuffled_c_phase_gate,shuffle_control,23,degree-matched directed random graph,12,48,0.01713580910204313,0.0014131696934827278,0.6697847271763796,0.5108482520095226
b55_shuffled_c_phase_gate,shuffle_control,24,degree-matched directed random graph,12,48,0.00972746979146097,0.001982502950429958,0.5723511651238651,0.4714687100627673
b55_shuffled_c_phase_gate,shuffle_control,25,degree-matched directed random graph,12,48,0.011583277953948918,0.002413875847400722,0.6322394756140316,0.5627339072242694
b55_shuffled_c_phase_gate,shuffle_control,26,degree-matched directed random graph,12,48,0.013050385409699305,0.002300876589455134,0.6262963846623489,0.5344256031023337
b55_shuffled_c_phase_gate,shuffle_control,27,degree-matched directed random graph,12,48,0.015571512108547536,0.001794796984032705,0.6545996051817753,0.5288440455165048
b55_shuffled_c_phase_gate,shuffle_control,28,degree-matched directed random graph,12,48,0.00870721781817362,0.0010990814260944135,0.5631735135792734,0.45641395980184396
b55_shuffled_c_phase_gate,shuffle_control,29,degree-matched directed random graph,12,48,0.006427998185081275,0.001687108905945559,0.5965169026411493,0.5271122904747962
b55_shuffled_c_phase_gate,shuffle_control,30,degree-matched directed random graph,12,48,0.016118829840293055,0.001945160712787331,0.6525138472404614,0.4875156361953244
b55_shuffled_c_phase_gate,shuffle_control,31,degree-matched directed random graph,12,48,0.018392691412944417,0.0021950815057245974,0.7055763534342043,0.5947351902403136
b55_shuffled_c_phase_gate,shuffle_control,32,degree-matched directed random graph,12,48,0.016537344424822038,0.0016658812564654996,0.6997560688249279,0.5637797337495969
b55_shuffled_c_phase_gate,shuffle_control,33,degree-matched directed random graph,12,48,0.013904306703874622,0.0017926544641474705,0.6693743158581613,0.551414361920238
b55_shuffled_c_phase_gate,shuffle_control,34,degree-matched directed random graph,12,48,0.010252475067757333,0.003303652039923566,0.6390718296877038,0.5156559391673877
b55_shuffled_c_phase_gate,shuffle_control,35,degree-matched directed random graph,12,48,0.016482684132215226,0.0027023481129326084,0.6582174459993618,0.5407951420568532
b55_shuffled_c_phase_gate,shuffle_control,36,degree-matched directed random graph,12,48,0.019143882187629788,0.001500820468993792,0.730487425211625,0.583526686401494
b55_shuffled_c_phase_gate,shuffle_control,37,degree-matched directed random graph,12,48,0.01807356088913007,0.0050641058823210705,0.7096178510100829,0.5871850690005495
b55_shuffled_c_phase_gate,shuffle_control,38,degree-matched directed random graph,12,48,0.01156407611802289,0.002120420629102339,0.5704509933873972,0.504127312272117
b55_shuffled_c_phase_gate,shuffle_control,39,degree-matched directed random graph,12,48,0.01713801531026669,0.0014793965287030364,0.6790106940492272,0.6151267201779437
b55_shuffled_c_phase_gate,shuffle_control,40,degree-matched directed random graph,12,48,0.020877410332027876,0.0022303547822369774,0.6763384591273026,0.5595357661922917
b55_shuffled_c_phase_gate,shuffle_control,41,degree-matched directed random graph,12,48,0.01973250482547823,0.0012137920203115367,0.7239569428898109,0.5890639418214437
b55_shuffled_c_phase_gate,shuffle_control,42,degree-matched directed random graph,12,48,0.01913958009797647,0.002475290137560818,0.7039603984310392,0.5587423420350996
b55_shuffled_c_phase_gate,shuffle_control,43,degree-matched directed random graph,12,48,0.015560273679447215,0.0015922431972670748,0.6676207077741728,0.5567549454245091
b55_shuffled_c_phase_gate,shuffle_control,44,degree-matched directed random graph,12,48,0.020804092199196763,0.002563484790588204,0.7215851404700434,0.5860493341043767
b55_shuffled_c_phase_gate,shuffle_control,45,degree-matched directed random graph,12,48,0.014609747748203408,0.0017104873913794645,0.6783053670966367,0.6052878300807455
b55_shuffled_c_phase_gate,shuffle_control,46,degree-matched directed random graph,12,48,0.01869812152852342,0.0012744241687841647,0.702837142445636,0.5949681543341788
b55_shuffled_c_phase_gate,shuffle_control,47,degree-matched directed random graph,12,48,0.013249106453349624,0.002665366147505096,0.5967609840288817,0.5540121633013115
b55_shuffled_c_phase_gate,shuffle_control,48,degree-matched directed random graph,12,48,0.017489369700392512,0.0013322921670220903,0.6956275359458896,0.5526474160602411
b55_shuffled_c_phase_gate,shuffle_control,49,degree-matched directed random graph,12,48,0.02000671963133805,0.002556121793430302,0.6885361985211818,0.5402649233224978
b55_shuffled_c_timing_gate,shuffle_control,0,degree-matched directed random graph,12,48,0.0027317965871628946,0.0008128995929083138,0.5314754943577893,0.4967754673669235
b55_shuffled_c_timing_gate,shuffle_control,1,degree-matched directed random graph,12,48,0.0032282393252546643,0.0006133190723123296,0.5341726392213405,0.5004657903329838
b55_shuffled_c_timing_gate,shuffle_control,2,degree-matched directed random graph,12,48,0.004101216448468011,0.0006312331443260145,0.5333640622332472,0.4963434791868327
b55_shuffled_c_timing_gate,shuffle_control,3,degree-matched directed random graph,12,48,0.003212003287961293,0.0009731506870595517,0.5332230704825036,0.4988028137888835
b55_shuffled_c_timing_gate,shuffle_control,4,degree-matched directed random graph,12,48,0.003231014826130934,0.0006959340385834011,0.531232250518758,0.49757932021792833
b55_shuffled_c_timing_gate,shuffle_control,5,degree-matched directed random graph,12,48,0.003708573193342094,0.0005782578145498286,0.5347604219691512,0.4979226288759773
b55_shuffled_c_timing_gate,shuffle_control,6,degree-matched directed random graph,12,48,0.0037516056640357668,0.0006071119274978894,0.5302858078824034,0.49998741853005596
b55_shuffled_c_timing_gate,shuffle_control,7,degree-matched directed random graph,12,48,0.003217713566694012,0.001026083932436952,0.5317131179509521,0.4981661082267677
b55_shuffled_c_timing_gate,shuffle_control,8,degree-matched directed random graph,12,48,0.002741036415198689,0.0005408622005295321,0.5338147341978391,0.49851225715758013
b55_shuffled_c_timing_gate,shuffle_control,9,degree-matched directed random graph,12,48,0.0033085395190241926,0.000778992969472614,0.5318415633227674,0.49749297047575364
b55_shuffled_c_timing_gate,shuffle_control,10,degree-matched directed random graph,12,48,0.0023813759866567487,0.0010203387252663437,0.532210781263542,0.4979341371908815
b55_shuffled_c_timing_gate,shuffle_control,11,degree-matched directed random graph,12,48,0.003727348419090133,0.0008090463397884282,0.5324980939402937,0.49508355893231104
b55_shuffled_c_timing_gate,shuffle_control,12,degree-matched directed random graph,12,48,0.0038365959760455685,0.0008217457431337047,0.5325643412786892,0.497475905957567
b55_shuffled_c_timing_gate,shuffle_control,13,degree-matched directed random graph,12,48,0.003216444701982126,0.0006500820854527128,0.5311846640796037,0.49929288784016307
b55_shuffled_c_timing_gate,shuffle_control,14,degree-matched directed random graph,12,48,0.0035785368335498713,0.0007797248609987586,0.5332144387863492,0.4937629468206682
b55_shuffled_c_timing_gate,shuffle_control,15,degree-matched directed random graph,12,48,0.00320159854894321,0.0008774003512107511,0.5346483573601656,0.4968261584345772
b55_shuffled_c_timing_gate,shuffle_control,16,degree-matched directed random graph,12,48,0.0034234774663208603,0.001104289302505222,0.535208675176896,0.49875450747670963
b55_shuffled_c_timing_gate,shuffle_control,17,degree-matched directed random graph,12,48,0.0025718118722359994,0.0008951956198600606,0.529344904768882,0.4953277185064893
b55_shuffled_c_timing_gate,shuffle_control,18,degree-matched directed random graph,12,48,0.0036606291466955375,0.00085645925146796,0.5336842256989106,0.49923383569622093
b55_shuffled_c_timing_gate,shuffle_control,19,degree-matched directed random graph,12,48,0.0026320175642466086,0.000872584123759672,0.5334057478533825,0.498568671011591
b55_shuffled_c_timing_gate,shuffle_control,20,degree-matched directed random graph,12,48,0.0031205046207133003,0.0006440484986097012,0.5318747485887795,0.4980564024843783
b55_shuffled_c_timing_gate,shuffle_control,21,degree-matched directed random graph,12,48,0.004452831359849357,0.0004962603364131616,0.5329026434912839,0.49843969272096783
b55_shuffled_c_timing_gate,shuffle_control,22,degree-matched directed random graph,12,48,0.003409722793786011,0.0008696122791137557,0.5340726739222217,0.4989811784533993
b55_shuffled_c_timing_gate,shuffle_control,23,degree-matched directed random graph,12,48,0.003219257169588355,0.0009889989721698594,0.5328515066540733,0.5005979498310612
b55_shuffled_c_timing_gate,shuffle_control,24,degree-matched directed random graph,12,48,0.004084285464758651,0.0006840958998031181,0.5339406324844519,0.4998526640155793
b55_shuffled_c_timing_gate,shuffle_control,25,degree-matched directed random graph,12,48,0.003168064478147706,0.0013939942848603692,0.5314318463930378,0.49833898964511797
b55_shuffled_c_timing_gate,shuffle_control,26,degree-matched directed random graph,12,48,0.002916874437208459,0.0006339530723565027,0.535086194710861,0.5029922259439242
b55_shuffled_c_timing_gate,shuffle_control,27,degree-matched directed random graph,12,48,0.004328312832661909,0.0013760505609293986,0.5328234689054537,0.4994990141881403
b55_shuffled_c_timing_gate,shuffle_control,28,degree-matched directed random graph,12,48,0.0031521121177670625,0.0007333025448570763,0.5323947367142138,0.4976115122126239
b55_shuffled_c_timing_gate,shuffle_control,29,degree-matched directed random graph,12,48,0.0029201786764952906,0.0009253853337465033,0.531875150377776,0.49556883147180897
b55_shuffled_c_timing_gate,shuffle_control,30,degree-matched directed random graph,12,48,0.0034618293221094234,0.0004503567408661809,0.5301739979906598,0.4979224868832783
b55_shuffled_c_timing_gate,shuffle_control,31,degree-matched directed random graph,12,48,0.0020525376505017364,0.0007510707747787408,0.5342762081639694,0.49714330245930016
b55_shuffled_c_timing_gate,shuffle_control,32,degree-matched directed random graph,12,48,0.0030165147433734614,0.0008913517814380881,0.5336947039955909,0.4971641563208801
b55_shuffled_c_timing_gate,shuffle_control,33,degree-matched directed random graph,12,48,0.00433306779565647,0.001054845072987756,0.5337799503346176,0.4981916190288918
b55_shuffled_c_timing_gate,shuffle_control,34,degree-matched directed random graph,12,48,0.0034891859536333105,0.0007266783613036987,0.5329117622375117,0.498340160749962
b55_shuffled_c_timing_gate,shuffle_control,35,degree-matched directed random graph,12,48,0.003787478461405555,0.0006006250257925496,0.5333984230547589,0.4967741630439903
b55_shuffled_c_timing_gate,shuffle_control,36,degree-matched directed random graph,12,48,0.003847796316410352,0.0007675077820182976,0.5317091181072697,0.49559562117589073
b55_shuffled_c_timing_gate,shuffle_control,37,degree-matched directed random graph,12,48,0.004386666584192259,0.0003853986094176391,0.5328646409040464,0.497714647460465
b55_shuffled_c_timing_gate,shuffle_control,38,degree-matched directed random graph,12,48,0.003708100876807775,0.0009208120419502586,0.5315823167531557,0.4953727035718172
b55_shuffled_c_timing_gate,shuffle_control,39,degree-matched directed random graph,12,48,0.002027051938592037,0.0008542229235709272,0.5300807300545839,0.49746874831174487
b55_shuffled_c_timing_gate,shuffle_control,40,degree-matched directed random graph,12,48,0.0021690197062117244,0.0009708776177320171,0.5310041791958293,0.4980677085649672
b55_shuffled_c_timing_gate,shuffle_control,41,degree-matched directed random graph,12,48,0.0032343439929187535,0.0009160470706580358,0.5325730250556712,0.4974823319856538
b55_shuffled_c_timing_gate,shuffle_control,42,degree-matched directed random graph,12,48,0.0037506739477916637,0.0005480873182278214,0.5352286841257282,0.4968433871940523
b55_shuffled_c_timing_gate,shuffle_control,43,degree-matched directed random graph,12,48,0.0031393888111506604,0.0011154834997685393,0.5332774809775048,0.4988423030219409
b55_shuffled_c_timing_gate,shuffle_control,44,degree-matched directed random graph,12,48,0.00383123299274511,0.0005771268866721854,0.5310023382289809,0.49834474029436154
b55_shuffled_c_timing_gate,shuffle_control,45,degree-matched directed random graph,12,48,0.004064162573647727,0.0009475205225089443,0.5338785602005185,0.50044304924853
b55_shuffled_c_timing_gate,shuffle_control,46,degree-matched directed random graph,12,48,0.004262132001770472,0.0006347327003822393,0.5321806658496385,0.4985225537715348
b55_shuffled_c_timing_gate,shuffle_control,47,degree-matched directed random graph,12,48,0.0037535618237338423,0.0008844209295311124,0.5338582357523429,0.5004712461299041
b55_shuffled_c_timing_gate,shuffle_control,48,degree-matched directed random graph,12,48,0.003934667808374406,0.000492715653481049,0.5315314483337122,0.49866694667296274
b55_shuffled_c_timing_gate,shuffle_control,49,degree-matched directed random graph,12,48,0.003538711266677104,0.001196120351352819,0.5320687936765047,0.49704604448656936
b55_tfc_mean_gated_c_event,primary_constraint,0,degree-matched directed random graph,12,48,0.012088907962485648,0.0023946892568639613,0.7151079293567618,0.5802626990871773
b55_tfc_mean_gated_c_event,primary_constraint,1,degree-matched directed random graph,12,48,0.006251230152655656,0.0007803529257462926,0.5972422042020441,0.5249454651527347
b55_tfc_mean_gated_c_event,primary_constraint,2,degree-matched directed random graph,12,48,0.005115249306715109,0.0020501899953591983,0.5900252725233645,0.5298267440335481
b55_tfc_mean_gated_c_event,primary_constraint,3,degree-matched directed random graph,12,48,0.015606471116771525,0.0017311965209948423,0.6642730134675544,0.5023868364296278
b55_tfc_mean_gated_c_event,primary_constraint,4,degree-matched directed random graph,12,48,0.007973414542116317,0.0010090658550754301,0.5941326729849935,0.5050083080188498
b55_tfc_mean_gated_c_event,primary_constraint,5,degree-matched directed random graph,12,48,0.011538464805718929,0.0014461199276758676,0.6975129379723013,0.5425615317980009
b55_tfc_mean_gated_c_event,primary_constraint,6,degree-matched directed random graph,12,48,0.008253022746427056,0.0009386062868881275,0.6888607613431313,0.5273583244214812
b55_tfc_mean_gated_c_event,primary_constraint,7,degree-matched directed random graph,12,48,0.00791619625511412,0.0014062526383830602,0.6346459096811033,0.4923014568569248
b55_tfc_mean_gated_c_event,primary_constraint,8,degree-matched directed random graph,12,48,0.014426552660619396,0.001579570664815655,0.7174462656292228,0.5871933678325902
b55_tfc_mean_gated_c_event,primary_constraint,9,degree-matched directed random graph,12,48,0.003003774204069675,0.000861381205752459,0.6619380618443945,0.5516194945103422
b55_tfc_mean_gated_c_event,primary_constraint,10,degree-matched directed random graph,12,48,0.0037132193210264266,0.0022847015769419665,0.6207362509273366,0.4736793627941351
b55_tfc_mean_gated_c_event,primary_constraint,11,degree-matched directed random graph,12,48,0.014675627122355176,0.0009487843539032893,0.7204778647915578,0.5848271840596055
b55_tfc_mean_gated_c_event,primary_constraint,12,degree-matched directed random graph,12,48,0.013673512570160029,0.0017297273713854325,0.6821129631940198,0.5264328029295636
b55_tfc_mean_gated_c_event,primary_constraint,13,degree-matched directed random graph,12,48,0.012213491204153161,0.0007582921869983784,0.6425802174050325,0.5208224017464349
b55_tfc_mean_gated_c_event,primary_constraint,14,degree-matched directed random graph,12,48,0.012622378167106957,0.0019799218971808517,0.6134373266684324,0.5275775635709133
b55_tfc_mean_gated_c_event,primary_constraint,15,degree-matched directed random graph,12,48,0.00307283240824785,0.0020279351185515495,0.5976282116645022,0.49887838563082726
b55_tfc_mean_gated_c_event,primary_constraint,16,degree-matched directed random graph,12,48,0.010569233462085414,0.001025225929603478,0.6368222406628047,0.48492917799295077
b55_tfc_mean_gated_c_event,primary_constraint,17,degree-matched directed random graph,12,48,0.0011190122319131414,0.0014597649318055194,0.579306067302761,0.5138515393977139
b55_tfc_mean_gated_c_event,primary_constraint,18,degree-matched directed random graph,12,48,0.012871162738039281,0.0013974661977373282,0.6935140658149455,0.5794464041824874
b55_tfc_mean_gated_c_event,primary_constraint,19,degree-matched directed random graph,12,48,0.01154244844501394,0.0018433364332703967,0.704014690130207,0.5977821101463558
b55_tfc_mean_gated_c_event,primary_constraint,20,degree-matched directed random graph,12,48,0.0024549619600205803,0.002391948996048872,0.6555850828976927,0.5490378012734354
b55_tfc_mean_gated_c_event,primary_constraint,21,degree-matched directed random graph,12,48,0.013499004445599367,0.0017703368101645387,0.6703377528545603,0.5617230701263071
b55_tfc_mean_gated_c_event,primary_constraint,22,degree-matched directed random graph,12,48,0.008964037701926199,0.0012358409758296423,0.6592459410566796,0.5367901811843993
b55_tfc_mean_gated_c_event,primary_constraint,23,degree-matched directed random graph,12,48,0.002017719148166153,0.0013304749272536436,0.6118610434843762,0.5086409492977163
b55_tfc_mean_gated_c_event,primary_constraint,24,degree-matched directed random graph,12,48,0.01445266313730876,0.001132925261355865,0.6436113968147273,0.5235561420698002
b55_tfc_mean_gated_c_event,primary_constraint,25,degree-matched directed random graph,12,48,0.014567685712518845,0.0015008722359909565,0.6827195059444756,0.5700294150720077
b55_tfc_mean_gated_c_event,primary_constraint,26,degree-matched directed random graph,12,48,0.007210277032015194,0.0027486431573325804,0.7118625490043806,0.5714546914043424
b55_tfc_mean_gated_c_event,primary_constraint,27,degree-matched directed random graph,12,48,0.004999816980117797,0.0015143328528923773,0.5800189795910494,0.5377177834382981
b55_tfc_mean_gated_c_event,primary_constraint,28,degree-matched directed random graph,12,48,0.005679715253634386,0.0014024099069575384,0.6405360876168614,0.5849131087079359
b55_tfc_mean_gated_c_event,primary_constraint,29,degree-matched directed random graph,12,48,0.006000326824921773,0.0005948040281492539,0.648585897281424,0.5285831316072
b55_tfc_mean_gated_c_event,primary_constraint,30,degree-matched directed random graph,12,48,0.011819450942974458,0.0013101026654839375,0.7078653529007481,0.5695376475655439
b55_tfc_mean_gated_c_event,primary_constraint,31,degree-matched directed random graph,12,48,0.015476580701413308,0.001238984217859773,0.6730215370298521,0.5682347585374087
b55_tfc_mean_gated_c_event,primary_constraint,32,degree-matched directed random graph,12,48,0.012705790683176755,0.0008007554717532336,0.7171615727757322,0.593464652966898
b55_tfc_mean_gated_c_event,primary_constraint,33,degree-matched directed random graph,12,48,0.009579611662119101,0.0009097952235374189,0.6336976706400835,0.4623801446631228
b55_tfc_mean_gated_c_event,primary_constraint,34,degree-matched directed random graph,12,48,0.00957377156234615,0.0011970086170565591,0.6566964502978806,0.49320179509666523
b55_tfc_mean_gated_c_event,primary_constraint,35,degree-matched directed random graph,12,48,0.009617248420601911,0.0017259405588837544,0.6887929898215323,0.537244321048744
b55_tfc_mean_gated_c_event,primary_constraint,36,degree-matched directed random graph,12,48,0.0066016762963671885,0.0011306318890418488,0.6033145923973179,0.5092154659030518
b55_tfc_mean_gated_c_event,primary_constraint,37,degree-matched directed random graph,12,48,0.006821709310788942,0.0017828430699577196,0.6787035312426671,0.519969029457069
b55_tfc_mean_gated_c_event,primary_constraint,38,degree-matched directed random graph,12,48,0.011150506403205281,0.0015704069164347737,0.7044425350830318,0.563914111109609
b55_tfc_mean_gated_c_event,primary_constraint,39,degree-matched directed random graph,12,48,0.006866947895044527,0.0007686439856069895,0.6538731338733943,0.5405813041714399
b55_tfc_mean_gated_c_event,primary_constraint,40,degree-matched directed random graph,12,48,0.009220500404826791,0.0015444727977301977,0.6649291753012956,0.5153581563949076
b55_tfc_mean_gated_c_event,primary_constraint,41,degree-matched directed random graph,12,48,0.004713494084159345,0.0017665787423234195,0.5886070733508647,0.47053424527644094
b55_tfc_mean_gated_c_event,primary_constraint,42,degree-matched directed random graph,12,48,0.00877578038254628,0.0018091765493115058,0.6563903143473915,0.495671173875506
b55_tfc_mean_gated_c_event,primary_constraint,43,degree-matched directed random graph,12,48,0.015029925853788864,0.001537968799434285,0.6939938294861538,0.602132804348411
b55_tfc_mean_gated_c_event,primary_constraint,44,degree-matched directed random graph,12,48,0.013103648984725482,0.001423164626522432,0.7400992050897961,0.6213840424380312
b55_tfc_mean_gated_c_event,primary_constraint,45,degree-matched directed random graph,12,48,0.010773602138868736,0.001111932747067647,0.6733238538835389,0.5259997298151475
b55_tfc_mean_gated_c_event,primary_constraint,46,degree-matched directed random graph,12,48,0.009482618315062525,0.0013812965534009604,0.6539552987100183,0.526855561361308
b55_tfc_mean_gated_c_event,primary_constraint,47,degree-matched directed random graph,12,48,0.011291853565316687,0.0015482541597370827,0.7058893595710116,0.5679676719543804
b55_tfc_mean_gated_c_event,primary_constraint,48,degree-matched directed random graph,12,48,0.008439805393013177,0.0026016497701061405,0.6427058979856309,0.4953977426394644
b55_tfc_mean_gated_c_event,primary_constraint,49,degree-matched directed random graph,12,48,0.008243618407263465,0.0009600016493703217,0.6905519428903354,0.5500035887586797
b55_tfc_min_gated_c_event,secondary_closure,0,degree-matched directed random graph,12,48,0.020338339798343142,0.002743731458158785,0.5914371764497893,0.49178229112607735
b55_tfc_min_gated_c_event,secondary_closure,1,degree-matched directed random graph,12,48,0.027297119251251164,0.0025628041875861954,0.6834483042524889,0.5536361455831335
b55_tfc_min_gated_c_event,secondary_closure,2,degree-matched directed random graph,12,48,0.02442395148383184,0.002056704593942699,0.7143341100538133,0.5918982190362004
b55_tfc_min_gated_c_event,secondary_closure,3,degree-matched directed random graph,12,48,0.015363632284225609,0.003518706656540901,0.6726219837286971,0.5907572196436016
b55_tfc_min_gated_c_event,secondary_closure,4,degree-matched directed random graph,12,48,0.022210858426091537,0.002356051367055769,0.6377746944757403,0.5308350353948731
b55_tfc_min_gated_c_event,secondary_closure,5,degree-matched directed random graph,12,48,0.021700059848367214,0.0015551056650660242,0.6372239562521753,0.48685939901891623
b55_tfc_min_gated_c_event,secondary_closure,6,degree-matched directed random graph,12,48,0.012541431221605752,0.0015848518168227906,0.5264323629484756,0.4864647274597129
b55_tfc_min_gated_c_event,secondary_closure,7,degree-matched directed random graph,12,48,0.011256189894798483,0.002388319353389096,0.5777976219691744,0.5144695530317497
b55_tfc_min_gated_c_event,secondary_closure,8,degree-matched directed random graph,12,48,0.026320687560746958,0.000779649318940134,0.6153964203689425,0.45439893298851336
b55_tfc_min_gated_c_event,secondary_closure,9,degree-matched directed random graph,12,48,0.013426614037272458,0.0022974838476012205,0.5377127441088493,0.5102100536577739
b55_tfc_min_gated_c_event,secondary_closure,10,degree-matched directed random graph,12,48,0.01772221610018253,0.002120949886174379,0.5854553563468375,0.49362783999988386
b55_tfc_min_gated_c_event,secondary_closure,11,degree-matched directed random graph,12,48,0.019273984021049163,0.0013118823100984661,0.5710957728155834,0.5184359512772879
b55_tfc_min_gated_c_event,secondary_closure,12,degree-matched directed random graph,12,48,0.018215653779666906,0.002500917653079085,0.549244832421821,0.48360235571435367
b55_tfc_min_gated_c_event,secondary_closure,13,degree-matched directed random graph,12,48,0.011972957660245087,0.0016433569651905704,0.5239399939274773,0.4636556691655285
b55_tfc_min_gated_c_event,secondary_closure,14,degree-matched directed random graph,12,48,0.021496359107898478,0.001531400683936311,0.6643818251183855,0.567885556168516
b55_tfc_min_gated_c_event,secondary_closure,15,degree-matched directed random graph,12,48,0.02257818115908168,0.0034023209209155005,0.6179459315474674,0.5030262223034402
b55_tfc_min_gated_c_event,secondary_closure,16,degree-matched directed random graph,12,48,0.019713891108519423,0.001210659236955783,0.6035629375711816,0.5473235270741741
b55_tfc_min_gated_c_event,secondary_closure,17,degree-matched directed random graph,12,48,0.010879947398669728,0.002565350448345571,0.6026726193601222,0.49419883477543536
b55_tfc_min_gated_c_event,secondary_closure,18,degree-matched directed random graph,12,48,0.022098276789926583,0.003260079342734672,0.6453520230013597,0.4973766329377334
b55_tfc_min_gated_c_event,secondary_closure,19,degree-matched directed random graph,12,48,0.021429738982552533,0.0017586147230099567,0.62098262844592,0.5418362047871138
b55_tfc_min_gated_c_event,secondary_closure,20,degree-matched directed random graph,12,48,0.023868672254713483,0.0018414876253178957,0.6503580628028738,0.5292201217243455
b55_tfc_min_gated_c_event,secondary_closure,21,degree-matched directed random graph,12,48,0.01437820203567488,0.0016679680052364202,0.5854427475030864,0.5311025824002394
b55_tfc_min_gated_c_event,secondary_closure,22,degree-matched directed random graph,12,48,0.020809597778608326,0.0010454317543791116,0.5618318160244844,0.48945066970913204
b55_tfc_min_gated_c_event,secondary_closure,23,degree-matched directed random graph,12,48,0.01241820634588259,0.0027806691244299047,0.6064504004520773,0.5457989965724874
b55_tfc_min_gated_c_event,secondary_closure,24,degree-matched directed random graph,12,48,0.012172022775869469,0.0024649764515567653,0.5944968302345028,0.5031833576929541
b55_tfc_min_gated_c_event,secondary_closure,25,degree-matched directed random graph,12,48,0.01438711378860087,0.0012515525838092342,0.5820550149661549,0.4986824997436817
b55_tfc_min_gated_c_event,secondary_closure,26,degree-matched directed random graph,12,48,0.01741687492028463,0.0025412615811240447,0.6277509608548706,0.6091903943697087
b55_tfc_min_gated_c_event,secondary_closure,27,degree-matched directed random graph,12,48,0.015184503046977415,0.002351752235223309,0.5494526368970815,0.5047856773995206
b55_tfc_min_gated_c_event,secondary_closure,28,degree-matched directed random graph,12,48,0.011257813129505823,0.0013949484470922066,0.5302951809538939,0.538172083170387
b55_tfc_min_gated_c_event,secondary_closure,29,degree-matched directed random graph,12,48,0.02391124861488032,0.0030333536161003725,0.6574523333803949,0.5506551730239236
b55_tfc_min_gated_c_event,secondary_closure,30,degree-matched directed random graph,12,48,0.017618500047303545,0.0020412410815545804,0.6010351975903658,0.5441509204710272
b55_tfc_min_gated_c_event,secondary_closure,31,degree-matched directed random graph,12,48,0.019838362902683832,0.002715553327243808,0.6355959638079007,0.584369457784636
b55_tfc_min_gated_c_event,secondary_closure,32,degree-matched directed random graph,12,48,0.01899187933775679,0.0004966692314082965,0.5420666068186214,0.40381505672201873
b55_tfc_min_gated_c_event,secondary_closure,33,degree-matched directed random graph,12,48,0.02211376887667918,0.0012052571477645091,0.6244174370008784,0.5457027878503086
b55_tfc_min_gated_c_event,secondary_closure,34,degree-matched directed random graph,12,48,0.023364693360572484,0.0014068473851884021,0.6560514967784193,0.5867264613747202
b55_tfc_min_gated_c_event,secondary_closure,35,degree-matched directed random graph,12,48,0.017301848995802963,0.0013691585395015895,0.5219418019967474,0.42174915965108756
b55_tfc_min_gated_c_event,secondary_closure,36,degree-matched directed random graph,12,48,0.024373588546599254,0.003554047494765029,0.5911610734831845,0.5041590727946424
b55_tfc_min_gated_c_event,secondary_closure,37,degree-matched directed random graph,12,48,0.011058516724519055,0.0004625244941853048,0.549834587079196,0.5412266443966336
b55_tfc_min_gated_c_event,secondary_closure,38,degree-matched directed random graph,12,48,0.01095497070885984,0.001078503335012198,0.5631397389200195,0.5462963220334011
b55_tfc_min_gated_c_event,secondary_closure,39,degree-matched directed random graph,12,48,0.019418963779923883,0.0022917060169153434,0.5979125164120748,0.5817332468778048
b55_tfc_min_gated_c_event,secondary_closure,40,degree-matched directed random graph,12,48,0.011289687331755123,0.00215771457978988,0.6148947403044477,0.5247441635601701
b55_tfc_min_gated_c_event,secondary_closure,41,degree-matched directed random graph,12,48,0.018463894982527408,0.001656914089014465,0.6060389876683185,0.5552559255591829
b55_tfc_min_gated_c_event,secondary_closure,42,degree-matched directed random graph,12,48,0.013527583653724869,0.001726099936957554,0.589287682684842,0.495856347037452
b55_tfc_min_gated_c_event,secondary_closure,43,degree-matched directed random graph,12,48,0.0172998035091734,0.0015670201254786788,0.6072715878638352,0.5028960215196284
b55_tfc_min_gated_c_event,secondary_closure,44,degree-matched directed random graph,12,48,0.01932592538538039,0.0017112139055098187,0.5844137730532327,0.526797971088286
b55_tfc_min_gated_c_event,secondary_closure,45,degree-matched directed random graph,12,48,0.012040146435386125,0.0028586835491237667,0.6049547978098729,0.4663378411653689
b55_tfc_min_gated_c_event,secondary_closure,46,degree-matched directed random graph,12,48,0.007404512631368764,0.0017167708288460038,0.5053244304217106,0.5018950064873522
b55_tfc_min_gated_c_event,secondary_closure,47,degree-matched directed random graph,12,48,0.016657983851690043,0.0020299476540529843,0.5987597046708554,0.5398801322973094
b55_tfc_min_gated_c_event,secondary_closure,48,degree-matched directed random graph,12,48,0.020684176837421117,0.001932516513240295,0.649704534476295,0.5364569430108327
b55_tfc_min_gated_c_event,secondary_closure,49,degree-matched directed random graph,12,48,0.010105263084753678,0.0016226016779609072,0.634884910482563,0.5574774075278469
