event_class,event_role,n_seed_events,mean_seed_strength,total_impulse_budget,primary_endpoint_name,topology_class,n_runs,steps,topology_name,topology_role,condition,n_nodes,n_directed_edges,edge_convention,topology_notes,mean_bounded_differentiated_recovery,sd_bounded_differentiated_recovery,effect_vs_time_shifted,effect_vs_random_event,effect_vs_C8,effect_vs_degree_null_mean,p_vs_time_shifted_and_random,p_vs_C8,p_vs_degree_null,D12_D24_recovery_improvement,D12_D24_recovery_improvement_sd,D12_recovery,D12_recovery_sd,D24_recovery,D24_recovery_sd,bounded_non_runaway_score,bounded_non_runaway_score_sd,differentiated_recovery,differentiated_recovery_sd,late_window_stability,late_window_stability_sd,mean_phase_locking,mean_phase_locking_sd,n_events_evaluated,n_events_evaluated_sd,non_collapsed_differentiation_score,non_collapsed_differentiation_score_sd,post_event_readout_score,post_event_readout_score_sd,primary_q_value,max_contrast_effect_vs_time_shifted,passes_effect_controls,passes_stability_gates,passes_contrast_switch_gate,positive_candidate,interpretation,b54t_family_q,early_improvement,mid_improvement,late_improvement,mean_late_window_stability,mean_final_readout,quadrature_error_full_mean_last40,quadrature_error_ring_mean_last40,hex_bypass_delta_error
b54t_local_shift_plus5,local_alignment_control,502,0.08134730913748246,40.8363491870162,bounded_differentiated_recovery,standalone Cn(k) directed rings,140,240,"C12(1,2)",primary,endogenous,12,48,bidirectional 1-jump and 2-jump; 48 directed arrows,primary Luke/D12RG normalized readout candidate,0.026648159292749583,0.001882303879924376,0.013797573757371314,0.006943370008383264,0.03145469655439647,0.010554058848651442,0.03558718861209965,0.0070921985815602835,0.002770083102493075,0.03114162888624642,0.002081223554782511,0.8300558046007345,0.0031347607138793813,0.7381049343251709,0.003669056084828113,0.9826932279550107,0.00184652729445755,0.026648159292749583,0.001882303879924376,0.6117411433109894,0.017289236591614226,0.047013018120958795,0.006124402538365104,209.0,0.0,0.8993163799253102,0.007155109384631218,0.8301634659292754,0.003056013126814986,0.22686832740213525,,True,False,False,False,contrast_switch_control,0.22686832740213525,0.04040168530066858,0.02892023086775149,0.024367686395482025,0.6138705554816332,0.9196578096830389,0.002036980474750463,0.5274225555305024,-0.525385575055752
b54t_original_phi_geometry,primary_phi_geometry,502,0.08134730913748246,40.8363491870162,bounded_differentiated_recovery,standalone Cn(k) directed rings,140,240,"C12(1,2)",primary,endogenous,12,48,bidirectional 1-jump and 2-jump; 48 directed arrows,primary Luke/D12RG normalized readout candidate,0.025557207139705544,0.0020356722344388057,0.006946956619345732,0.005578699926315277,0.030931083019922607,0.009696329832849907,0.046263345195729534,0.0070921985815602835,0.002770083102493075,0.029805645881454745,0.002225696139929879,0.8296795844860032,0.003774406699821193,0.7374019490220921,0.00408847611739155,0.9828056968011859,0.0020375316031647044,0.025557207139705544,0.0020356722344388057,0.6163018662838057,0.04043545772725826,0.04597082191535301,0.006040628405608653,214.0,0.0,0.9004368858051444,0.008601924365171838,0.8298453101301244,0.0036240631659298253,0.22686832740213525,,True,False,False,False,contrast_switch_control,0.22686832740213525,0.047328062248706546,0.026883925932685945,0.014856745806552852,0.6217113901410222,0.9213282359071105,0.003086995878975938,0.5290733315836025,-0.5259863357046265
b54t_local_shift_minus1,local_alignment_control,502,0.08134730913748246,40.8363491870162,bounded_differentiated_recovery,standalone Cn(k) directed rings,140,240,"C12(1,2)",primary,endogenous,12,48,bidirectional 1-jump and 2-jump; 48 directed arrows,primary Luke/D12RG normalized readout candidate,0.025856539512512842,0.00201564777474116,0.007472121266476745,0.006122389585743602,0.031190366212400497,0.009430319740012443,0.0498220640569395,0.0070921985815602835,0.002770083102493075,0.030085877406113744,0.002359818835429366,0.8302271882375152,0.0033519566741544004,0.7379414768596699,0.003751083831574952,0.9829642245074398,0.0019560504135897865,0.025856539512512842,0.00201564777474116,0.6150079367910043,0.04107233994573639,0.0456224957640279,0.005972904003977283,214.0,0.0,0.9014114713724597,0.007023366509165956,0.830347389606351,0.003254543084037692,0.22686832740213525,,True,False,False,False,contrast_switch_control,0.22686832740213525,0.04794739295478875,0.026974977289087092,0.014769847553650304,0.6191263525407305,0.9213926576027296,0.004257614613821787,0.530896013982898,-0.5266383993690762
b54t_phase_only,factorial_ablation,502,0.10620988263831029,53.31736108443177,bounded_differentiated_recovery,standalone Cn(k) directed rings,140,240,"C12(1,2)",primary,endogenous,12,48,bidirectional 1-jump and 2-jump; 48 directed arrows,primary Luke/D12RG normalized readout candidate,0.027657168169919352,0.0027444575176285863,0.005789452671749493,0.007470446011615707,0.03166397813943745,0.00833886360231435,0.05338078291814947,0.0070921985815602835,0.002770083102493075,0.03115877727666244,0.0030618083855184063,0.8569263399100842,0.004587235197369441,0.7706346772588724,0.005383356007137312,0.984729529101276,0.0024987372513490896,0.027657168169919352,0.0027444575176285863,0.3646369476743899,0.044551122816107014,0.038793889649043685,0.008399417482539162,214.0,0.0,0.896529474452496,0.009607251040239672,0.8569263399100842,0.004587235197369441,0.22686832740213525,,True,False,False,False,contrast_switch_control,0.22686832740213525,0.07750617023831019,0.006663683604882092,0.00953393813240108,0.3646652787341311,0.8539340446680326,0.004861641834154063,0.5318659063819904,-0.5270042645478362
b54t_local_shift_plus1,local_alignment_control,502,0.08134730913748246,40.8363491870162,bounded_differentiated_recovery,standalone Cn(k) directed rings,140,240,"C12(1,2)",primary,endogenous,12,48,bidirectional 1-jump and 2-jump; 48 directed arrows,primary Luke/D12RG normalized readout candidate,0.024618246700905497,0.0021997389266854763,0.009339626821419637,0.0045977558866593105,0.02842939913885528,0.008818022074710982,0.07829181494661921,0.0070921985815602835,0.002770083102493075,0.028850130436006,0.002389640238776377,0.8263552834786911,0.003203776029015509,0.7326816613516846,0.0032772701799859308,0.9821830867230428,0.001867303442203803,0.024618246700905497,0.0021997389266854763,0.6078158944390227,0.01874544907856739,0.04875635401378571,0.005955072073519489,208.0,0.0,0.9002556792307109,0.00823963740248597,0.826448908849218,0.0031102668102766626,0.2661921708185053,,True,False,False,False,contrast_switch_control,0.2661921708185053,0.041573165260022804,0.027535490722037845,0.017702566992233,0.6095167522947557,0.9181367549824972,0.003310409974422565,0.5289267154889176,-0.525616305514495
b54t_timing_phase,factorial_ablation,502,0.1019876262966782,51.19778840093245,bounded_differentiated_recovery,standalone Cn(k) directed rings,140,240,"C12(1,2)",primary,endogenous,12,48,bidirectional 1-jump and 2-jump; 48 directed arrows,primary Luke/D12RG normalized readout candidate,0.024169649230940525,0.0027043839190366457,0.004227248940353666,0.0038079864161393515,0.028574906415944627,0.006544480901791397,0.12455516014234876,0.0070921985815602835,0.019390581717451522,0.028335527204920132,0.0029856236291578055,0.8666991573944376,0.004323546332769662,0.7896510312200649,0.004361772311677513,0.9862521070554818,0.0021025672980965002,0.024169649230940525,0.0027043839190366457,0.6191714363238867,0.04023591950126546,0.03236385517380176,0.006218624739617264,214.0,0.0,0.8960428273222762,0.01107564457644928,0.8666991573944376,0.004323546332769662,0.2661921708185053,,True,False,False,False,contrast_switch_control,0.2661921708185053,0.0599165970783272,0.016715466328684956,0.009071338010745313,0.6148093113336711,0.936421146955152,0.0031551548324977733,0.5292802729406503,-0.5261251181081525
b54t_local_shift_minus5,local_alignment_control,502,0.08134730913748246,40.8363491870162,bounded_differentiated_recovery,standalone Cn(k) directed rings,140,240,"C12(1,2)",primary,endogenous,12,48,bidirectional 1-jump and 2-jump; 48 directed arrows,primary Luke/D12RG normalized readout candidate,0.022624810526018845,0.0024931488679418154,0.007753484514277818,0.0032668588266214493,0.02706416508318939,0.008345217786125765,0.1423487544483986,0.0070921985815602835,0.00554016620498615,0.026067178113807134,0.002703552442921094,0.8276099212853801,0.0027508933179008943,0.7297239678917661,0.0032536406759144858,0.9825287165246948,0.001998448649243422,0.022624810526018845,0.0024931488679418154,0.6169200439022613,0.03542039514920136,0.04533143743576218,0.005583029991993129,210.0,0.0,0.9073814558758745,0.0068610739562506495,0.8276355980928634,0.00273213038003003,0.2661921708185053,,True,False,False,False,contrast_switch_control,0.2661921708185053,0.034101208643666586,0.031049366839848897,0.014885007162788233,0.6183925735008075,0.9172661785973841,0.004559928741917843,0.5308446705181654,-0.5262847417762477
b54t_phase_strength_only,factorial_ablation,502,0.08134730913748248,40.836349187016204,bounded_differentiated_recovery,standalone Cn(k) directed rings,140,240,"C12(1,2)",primary,endogenous,12,48,bidirectional 1-jump and 2-jump; 48 directed arrows,primary Luke/D12RG normalized readout candidate,0.024464452279057827,0.0021539760305860868,0.0019586668262376594,0.004772116333174502,0.0269013676565879,0.010117376423341295,0.1494661921708185,0.0070921985815602835,0.002770083102493075,0.027853459765128253,0.002302694277820382,0.827283561247904,0.0029104871725810274,0.7313962403523492,0.0029771377895284434,0.983592489231056,0.0015765702658337812,0.024464452279057827,0.0021539760305860868,0.5907712598665706,0.012377598052453767,0.0430191073384262,0.004407119570446947,214.0,0.0,0.9053455994087667,0.008975684957334695,0.8273066954252636,0.00288796472548753,0.2661921708185053,,True,False,False,False,contrast_switch_control,0.2661921708185053,0.08537980782201583,-0.03162987366039841,0.029862688281021073,0.5904322116286113,0.8341878938624023,0.0022578696147489644,0.530334163030789,-0.52807629341604
b54t_local_shift_minus2,local_alignment_control,502,0.08134730913748246,40.8363491870162,bounded_differentiated_recovery,standalone Cn(k) directed rings,140,240,"C12(1,2)",primary,endogenous,12,48,bidirectional 1-jump and 2-jump; 48 directed arrows,primary Luke/D12RG normalized readout candidate,0.02227525786272368,0.0024387073244449336,0.007635270010090086,0.002746996670627007,0.027204485125859157,0.009742073512040787,0.15302491103202848,0.0070921985815602835,0.002770083102493075,0.02580562715788407,0.0026755959591047568,0.8273317298430125,0.0031948005802705675,0.7287440573985617,0.0037811370939994844,0.9829012033727392,0.0018970122234845763,0.02227525786272368,0.0024387073244449336,0.618099976378131,0.037766728842822284,0.04572787324319641,0.006160369184478488,208.0,0.0,0.9062213226810953,0.007868875433480678,0.8274137063322452,0.003148009902460143,0.2661921708185053,,True,False,False,False,contrast_switch_control,0.2661921708185053,0.03268879559566455,0.028164110596858846,0.015977741458289205,0.6182477699029216,0.9212073895426779,0.0038051220644145173,0.5299397862475214,-0.5261346641831068
b54t_local_shift_plus2,local_alignment_control,502,0.08134730913748246,40.8363491870162,bounded_differentiated_recovery,standalone Cn(k) directed rings,140,240,"C12(1,2)",primary,endogenous,12,48,bidirectional 1-jump and 2-jump; 48 directed arrows,primary Luke/D12RG normalized readout candidate,0.02188114255227377,0.0021963041001231325,0.005742806324303348,0.0020621945168491813,0.026131486034208166,0.007912759474321907,0.15658362989323843,0.0070921985815602835,0.002770083102493075,0.025647756684979827,0.0025328182963376346,0.8269803553976581,0.0034108284993568053,0.7314502638116733,0.003759953590921169,0.9828388743341914,0.0019225589281643158,0.02188114255227377,0.0021963041001231325,0.6401962124769232,0.03453924160877032,0.046767271534231866,0.006129316008657461,211.0,0.0,0.9022938461408622,0.007479757231089493,0.8270874957803865,0.0032974311650534544,0.2661921708185053,,True,False,False,False,contrast_switch_control,0.2661921708185053,0.02598960990884825,0.03145523242311453,0.018136297952210712,0.6345993210507751,0.9220402993959756,0.0033839880848633317,0.5295895080398374,-0.526205519954974
b54t_dphi_density_block_matched,differential_event_control,502,0.08482025770449891,42.57976936765846,bounded_differentiated_recovery,standalone Cn(k) directed rings,140,240,"C12(1,2)",primary,endogenous,12,48,bidirectional 1-jump and 2-jump; 48 directed arrows,primary Luke/D12RG normalized readout candidate,0.010996290005079937,0.0016766727985444059,0.016092902102274542,0.0020345356401390013,0.01396058018003112,0.0031699002428730496,0.18505338078291814,0.0070921985815602835,0.08033240997229917,0.015261476261416228,0.0021570197449217905,0.6377469796004982,0.0024519770114977807,0.5265249015653968,0.0014284543743131848,0.965662368923975,0.001127289115109229,0.010996290005079937,0.0016766727985444059,0.4147434082481186,0.00815698365931053,0.1534471027443707,0.001823238921703535,199.0,0.0,0.8464021893604788,0.0016608874775933269,0.6463313940672507,0.0017781539965784248,0.2859915884826916,,True,False,False,False,contrast_switch_control,0.2859915884826916,0.0467827951522698,-0.04499730904191879,0.045700871161745135,0.4163695365839926,0.7719717330747204,0.09503419910558278,0.6975988718005321,-0.6025646726949494
b54t_timing_strength,factorial_ablation,502,0.08134730913748246,40.8363491870162,bounded_differentiated_recovery,standalone Cn(k) directed rings,140,240,"C12(1,2)",primary,endogenous,12,48,bidirectional 1-jump and 2-jump; 48 directed arrows,primary Luke/D12RG normalized readout candidate,0.000557775317348338,0.0006124506549567368,0.00041647885547339066,0.0004239963259092716,0.0011340566927344588,0.00018271177120250567,0.28825622775800713,0.014184397163120567,0.3878116343490305,0.0009782091017658593,0.0019259275426424687,0.49781792056548296,0.0011030837628373173,0.5049168355786683,0.0011655424243274697,0.9549219634238919,0.0002843152475436204,0.000557775317348338,0.0006124506549567368,0.5554743385756005,0.006192779177266429,0.925372013126216,0.000805045949573211,214.0,0.0,0.3526760625609416,0.001276230017706119,0.513866018484807,0.0008924813976034445,0.4083629893238434,,True,False,False,False,contrast_switch_control,0.4083629893238434,-0.006038439473234457,0.006190774555484013,0.002849045042601708,0.5552675194357088,0.5538721141517104,1.5539949111624192,1.5604723836700856,-0.006477472507666687
b54t_strength_only,factorial_ablation,502,0.08134730913748248,40.836349187016204,bounded_differentiated_recovery,standalone Cn(k) directed rings,140,240,"C12(1,2)",primary,endogenous,12,48,bidirectional 1-jump and 2-jump; 48 directed arrows,primary Luke/D12RG normalized readout candidate,1.4124742796054236e-05,0.0006224301543632421,0.0002564684326825593,0.00011519736984209239,0.00073211986797904,-1.2513094416806708e-05,0.35587188612099646,0.15602836879432624,0.5152354570637119,-0.0004501006942802566,0.0017952591709459054,0.504993128544746,0.0012121518970822332,0.4946708842680906,0.0011513183135443833,0.9545720636348504,0.00046668264269610397,1.4124742796054236e-05,0.0006224301543632421,0.628712852635139,0.008228919925734627,0.9315333444093152,0.0007154225365856026,214.0,0.0,0.3450446871379906,0.0012331137873274561,0.5143733063890706,0.0008312882076220557,0.46537092800438,,False,False,False,False,contrast_switch_control,0.46537092800438,-0.006431420861173618,0.006669920057563609,-0.0009083339990531121,0.6281874687214117,0.5460086499232104,1.5525057531662192,1.5596250958071578,-0.007119342640938817
b54t_timing_only,factorial_ablation,502,0.1086841536328557,54.559445123693564,bounded_differentiated_recovery,standalone Cn(k) directed rings,140,240,"C12(1,2)",primary,endogenous,12,48,bidirectional 1-jump and 2-jump; 48 directed arrows,primary Luke/D12RG normalized readout candidate,-0.0002669745814013599,0.0006350018486526475,0.0003361231235821284,-0.00017871877139563443,-0.00024265329335200725,-0.0006569038528765369,0.398576512455516,0.6312056737588653,0.7811634349030471,-0.0008193409242118162,0.0018233428399318256,0.5021004682814225,0.0005817857401607384,0.5044849386338869,0.0009657727448091149,0.9496979229236169,0.0002989008840759254,-0.0002669745814013599,0.0006350018486526475,0.6121270147293,0.007504117928840229,0.9030218789211799,0.00035506986158101846,214.0,0.0,0.3829980707999495,0.0005569018376204943,0.5125991229562623,0.000739210913903505,0.4839857651245551,,False,False,False,False,contrast_switch_control,0.4839857651245551,-0.001477064980116116,0.005242402571233471,-0.006715813167980702,0.6129816797723275,0.5474712096303752,1.5120819647032246,1.5258034023914218,-0.013721437688197289
b54t_phase_strength,factorial_ablation,502,0.08134730913748246,40.8363491870162,bounded_differentiated_recovery,standalone Cn(k) directed rings,140,240,"C12(1,2)",primary,endogenous,12,48,bidirectional 1-jump and 2-jump; 48 directed arrows,primary Luke/D12RG normalized readout candidate,0.02090338565351947,0.002013350087797934,-0.002062756412571188,0.0004534163773100841,0.024717977145844058,0.007186180146549523,0.701067615658363,0.0070921985815602835,0.008310249307479225,0.023500091154958287,0.0021478210517268163,0.8317846786917642,0.00302994978001827,0.7432819995906009,0.0033753346184876164,0.983734336032692,0.001565036975897397,0.02090338565351947,0.002013350087797934,0.406767685603816,0.009264989472204175,0.04185909820521043,0.0036252715874178763,214.0,0.0,0.9097839401101215,0.0059689669851292525,0.8317952393595558,0.0030184722859746744,0.7945432977461447,,False,False,False,False,contrast_switch_control,0.7945432977461447,0.084979800357225,0.001457833849148904,-0.015547110383383607,0.4048331248853749,0.7729897361497876,0.015435353523097339,0.5593179105161814,-0.5438825569930842
b54t_block_structure_only,block_control,502,0.09631364159500072,48.349448080690365,bounded_differentiated_recovery,standalone Cn(k) directed rings,140,240,"C12(1,2)",primary,endogenous,12,48,bidirectional 1-jump and 2-jump; 48 directed arrows,primary Luke/D12RG normalized readout candidate,-0.0006092128683478818,0.0007355433994004687,-0.0008049365693542647,-0.0006702819172929374,2.0864115698915396e-05,-0.00030892259988879716,0.8042704626334519,0.48936170212765956,0.6094182825484764,-0.001749748086635169,0.0018457331806562018,0.49821794867976377,0.000617295222630268,0.49610183702047345,0.0008216379785282165,0.9497437447405463,0.0002165807838559531,-0.0006092128683478818,0.0007355433994004687,0.6960592697111909,0.011468196666497048,0.923952584206752,0.0004448856456744855,204.0,0.0,0.3529205948900708,0.0007040954160515647,0.508378715714494,0.0006741897379916596,0.8545373665480427,,False,False,False,False,contrast_switch_control,0.8545373665480427,0.0010976004443006605,-0.0023600861026455817,-0.003044928557739555,0.695457434173994,0.5268077550012853,1.5516407230484777,1.5549289472095977,-0.0032882241611202705
b54t_event_density_only,density_control,502,0.10421422084344474,52.31553886340926,bounded_differentiated_recovery,standalone Cn(k) directed rings,140,240,"C12(1,2)",primary,endogenous,12,48,bidirectional 1-jump and 2-jump; 48 directed arrows,primary Luke/D12RG normalized readout candidate,-0.0014909117695731794,0.0007259805433809057,-0.0008590869740124264,-0.0013881669589410547,-0.0009078958041188184,-0.00023417190241271013,0.9359430604982206,0.8794326241134752,0.631578947368421,-0.0048960275638519615,0.001910655244920365,0.48933310181818185,0.0007007318151287403,0.49157613540322376,0.0008472278178209316,0.9519026720346542,0.00024773617307550984,-0.0014909117695731794,0.0007259805433809057,0.5640429597832386,0.005378512476777815,0.9277828433759098,0.00039160658498304466,208.0,0.0,0.34640693566870534,0.0006844508624642328,0.5030125006621814,0.0006186852477733887,0.9359430604982206,,False,False,False,False,contrast_switch_control,0.9359430604982206,-0.0005011956061204297,-0.0031458803247153234,-0.01134273463864515,0.5641325549774173,0.5296373115845237,1.5523248814452864,1.55486508491882,-0.0025402034735336116
