mode,endpoint,metric,comparison,mean_true,mean_control,effect,p_greater,n_pairs
combined_c_fes_gmr72,z_reward,abs_projection_asymmetry,true_vs_random_intersection,0.3311702199992321,0.43202583298076536,-0.10085561298153325,1.0,502
combined_c_fes_gmr72,z_reward,abs_projection_asymmetry,true_vs_balanced_intersection,0.3311702199992321,0.30490142038947354,0.026268799609758507,0.0003999200159968006,502
combined_c_fes_gmr72,z_reward,abs_projection_asymmetry,true_vs_performance_matched_intersection,0.3311702199992321,0.3115674133287402,0.01960280667049191,0.046390721855628876,502
combined_c_fes_gmr72,z_reward,abs_projection_asymmetry,true_vs_shuffled_c_intersection,0.3311702199992321,0.3347874597144454,-0.0036172397152133173,0.6412717456508699,502
combined_c_fes_gmr72,z_reward,abs_projection_asymmetry,true_vs_phase_rotated_intersection,0.3311702199992321,0.2959770639883688,0.03519315601086326,0.0001999600079984003,502
combined_c_fes_gmr72,z_reward,projection_asymmetry,true_vs_random_intersection,-0.003559412019089944,-0.03272752677938818,0.02916811476029823,0.10557888422315537,502
combined_c_fes_gmr72,z_reward,projection_asymmetry,true_vs_balanced_intersection,-0.003559412019089944,-0.003836959903757268,0.00027754788466732383,0.4933013397320536,502
combined_c_fes_gmr72,z_reward,projection_asymmetry,true_vs_performance_matched_intersection,-0.003559412019089944,-0.014841662662741778,0.011282250643651834,0.1839632073585283,502
combined_c_fes_gmr72,z_reward,projection_asymmetry,true_vs_shuffled_c_intersection,-0.003559412019089944,-0.0006470638977108653,-0.002912348121379079,0.5892821435712857,502
combined_c_fes_gmr72,z_reward,projection_asymmetry,true_vs_phase_rotated_intersection,-0.003559412019089944,-0.004779182440079072,0.0012197704209891296,0.4575084983003399,502
combined_c_fes_gmr72,z_reward,absolute_to_relative_effect,true_vs_random_intersection,-0.6935152501692968,-0.7496576846827975,0.056142434513500684,0.0007998400319936012,502
combined_c_fes_gmr72,z_reward,absolute_to_relative_effect,true_vs_balanced_intersection,-0.6935152501692968,-0.7179173728310504,0.024402122661753668,0.016196760647870425,502
combined_c_fes_gmr72,z_reward,absolute_to_relative_effect,true_vs_performance_matched_intersection,-0.6935152501692968,-0.762028382877992,0.06851313270869519,0.0001999600079984003,502
combined_c_fes_gmr72,z_reward,absolute_to_relative_effect,true_vs_shuffled_c_intersection,-0.6935152501692968,-0.705337445195599,0.011822195026302273,0.23295340931813638,502
combined_c_fes_gmr72,z_reward,absolute_to_relative_effect,true_vs_phase_rotated_intersection,-0.6935152501692968,-0.735428122626351,0.04191287245705422,0.0015996800639872025,502
combined_c_fes_gmr72,z_reward,relative_to_absolute_effect,true_vs_random_intersection,-0.6899558381502069,-0.7169301579034092,0.026974319753202455,0.08718256348730254,502
combined_c_fes_gmr72,z_reward,relative_to_absolute_effect,true_vs_balanced_intersection,-0.6899558381502069,-0.7140804129272931,0.024124574777086346,0.022395520895820836,502
combined_c_fes_gmr72,z_reward,relative_to_absolute_effect,true_vs_performance_matched_intersection,-0.6899558381502069,-0.7471867202152502,0.05723088206504335,0.0003999200159968006,502
combined_c_fes_gmr72,z_reward,relative_to_absolute_effect,true_vs_shuffled_c_intersection,-0.6899558381502069,-0.7046903812978881,0.014734543147681347,0.19976004799040192,502
combined_c_fes_gmr72,z_reward,relative_to_absolute_effect,true_vs_phase_rotated_intersection,-0.6899558381502069,-0.7306489401862719,0.040693102036065104,0.0011997600479904018,502
combined_c_fes_gmr72,rank_reward,abs_projection_asymmetry,true_vs_random_intersection,0.3435775125281842,0.4431015016646831,-0.09952398913649896,1.0,502
combined_c_fes_gmr72,rank_reward,abs_projection_asymmetry,true_vs_balanced_intersection,0.3435775125281842,0.3181110202302942,0.025466492297889932,0.0015996800639872025,502
combined_c_fes_gmr72,rank_reward,abs_projection_asymmetry,true_vs_performance_matched_intersection,0.3435775125281842,0.3367394472534873,0.006838065274696821,0.27634473105378926,502
combined_c_fes_gmr72,rank_reward,abs_projection_asymmetry,true_vs_shuffled_c_intersection,0.3435775125281842,0.3461060520631147,-0.0025285395349305263,0.5956808638272345,502
combined_c_fes_gmr72,rank_reward,abs_projection_asymmetry,true_vs_phase_rotated_intersection,0.3435775125281842,0.3111034388776781,0.032474073650506016,0.004399120175964807,502
combined_c_fes_gmr72,rank_reward,projection_asymmetry,true_vs_random_intersection,0.0027057474482261997,-0.033620647931074055,0.03632639537930026,0.0595880823835233,502
combined_c_fes_gmr72,rank_reward,projection_asymmetry,true_vs_balanced_intersection,0.0027057474482261997,-0.003015404810841666,0.005721152259067872,0.27714457108578283,502
combined_c_fes_gmr72,rank_reward,projection_asymmetry,true_vs_performance_matched_intersection,0.0027057474482261997,-0.016724841742873347,0.019430589191099547,0.07538492301539693,502
combined_c_fes_gmr72,rank_reward,projection_asymmetry,true_vs_shuffled_c_intersection,0.0027057474482261997,-0.0020955999150707692,0.004801347363296976,0.35792841431713657,502
combined_c_fes_gmr72,rank_reward,projection_asymmetry,true_vs_phase_rotated_intersection,0.0027057474482261997,-0.005236184733132098,0.007941932181358299,0.2835432913417317,502
combined_c_fes_gmr72,rank_reward,absolute_to_relative_effect,true_vs_random_intersection,-0.6849767103815771,-0.7487220589818241,0.06374534860024689,0.0005998800239952009,502
combined_c_fes_gmr72,rank_reward,absolute_to_relative_effect,true_vs_balanced_intersection,-0.6849767103815771,-0.7173479188673209,0.03237120848574387,0.002999400119976005,502
combined_c_fes_gmr72,rank_reward,absolute_to_relative_effect,true_vs_performance_matched_intersection,-0.6849767103815771,-0.7581366744380796,0.07315996405650256,0.0001999600079984003,502
combined_c_fes_gmr72,rank_reward,absolute_to_relative_effect,true_vs_shuffled_c_intersection,-0.6849767103815771,-0.7062668819320859,0.021290171550508708,0.10597880423915217,502
combined_c_fes_gmr72,rank_reward,absolute_to_relative_effect,true_vs_phase_rotated_intersection,-0.6849767103815771,-0.7337333560589963,0.04875664567741921,0.0003999200159968006,502
combined_c_fes_gmr72,rank_reward,relative_to_absolute_effect,true_vs_random_intersection,-0.6876824578298033,-0.7151014110507499,0.027418953220946625,0.08878224355128975,502
combined_c_fes_gmr72,rank_reward,relative_to_absolute_effect,true_vs_balanced_intersection,-0.6876824578298033,-0.7143325140564794,0.026650056226676003,0.020595880823835233,502
combined_c_fes_gmr72,rank_reward,relative_to_absolute_effect,true_vs_performance_matched_intersection,-0.6876824578298033,-0.7414118326952063,0.05372937486540301,0.0003999200159968006,502
combined_c_fes_gmr72,rank_reward,relative_to_absolute_effect,true_vs_shuffled_c_intersection,-0.6876824578298033,-0.7041712820170151,0.016488824187211724,0.18236352729454108,502
combined_c_fes_gmr72,rank_reward,relative_to_absolute_effect,true_vs_phase_rotated_intersection,-0.6876824578298033,-0.7284971713258641,0.0408147134960609,0.007598480303939212,502
combined_c_fes_gmr72,gmr72_bridge_composite,abs_projection_asymmetry,true_vs_random_intersection,0.11765587742265966,0.15568600857513532,-0.03803013115247564,1.0,502
combined_c_fes_gmr72,gmr72_bridge_composite,abs_projection_asymmetry,true_vs_balanced_intersection,0.11765587742265966,0.10585292382775649,0.011802953594903182,0.0001999600079984003,502
combined_c_fes_gmr72,gmr72_bridge_composite,abs_projection_asymmetry,true_vs_performance_matched_intersection,0.11765587742265966,0.09965386156057986,0.018002015862079827,0.0001999600079984003,502
combined_c_fes_gmr72,gmr72_bridge_composite,abs_projection_asymmetry,true_vs_shuffled_c_intersection,0.11765587742265966,0.1174697363911837,0.0001861410314759646,0.47130573885222954,502
combined_c_fes_gmr72,gmr72_bridge_composite,abs_projection_asymmetry,true_vs_phase_rotated_intersection,0.11765587742265966,0.11119091644340894,0.0064649609792507366,0.033993201359728054,502
combined_c_fes_gmr72,gmr72_bridge_composite,projection_asymmetry,true_vs_random_intersection,-0.0021529449344080322,-0.015011364948036867,0.012858420013628831,0.07938412317536493,502
combined_c_fes_gmr72,gmr72_bridge_composite,projection_asymmetry,true_vs_balanced_intersection,-0.0021529449344080322,-0.0004759865807555881,-0.001676958353652446,0.7028594281143771,502
combined_c_fes_gmr72,gmr72_bridge_composite,projection_asymmetry,true_vs_performance_matched_intersection,-0.0021529449344080322,-0.006279083200699188,0.004126138266291152,0.17116576684663068,502
combined_c_fes_gmr72,gmr72_bridge_composite,projection_asymmetry,true_vs_shuffled_c_intersection,-0.0021529449344080322,-0.001520471280293231,-0.0006324736541148029,0.5618876224755049,502
combined_c_fes_gmr72,gmr72_bridge_composite,projection_asymmetry,true_vs_phase_rotated_intersection,-0.0021529449344080322,-0.0012511473554771676,-0.0009017975789308673,0.5936812637472505,502
combined_c_fes_gmr72,gmr72_bridge_composite,absolute_to_relative_effect,true_vs_random_intersection,-0.2758362859660063,-0.2903965352092137,0.014560249243207413,0.014197160567886422,502
combined_c_fes_gmr72,gmr72_bridge_composite,absolute_to_relative_effect,true_vs_balanced_intersection,-0.2758362859660063,-0.2773493154866781,0.0015130295206718825,0.3241351729654069,502
combined_c_fes_gmr72,gmr72_bridge_composite,absolute_to_relative_effect,true_vs_performance_matched_intersection,-0.2758362859660063,-0.2819437436780104,0.006107457712004123,0.10477904419116177,502
combined_c_fes_gmr72,gmr72_bridge_composite,absolute_to_relative_effect,true_vs_shuffled_c_intersection,-0.2758362859660063,-0.27638312464901177,0.0005468386830054593,0.4621075784843031,502
combined_c_fes_gmr72,gmr72_bridge_composite,absolute_to_relative_effect,true_vs_phase_rotated_intersection,-0.2758362859660063,-0.2856262198490247,0.009789933883018418,0.030193961207758448,502
combined_c_fes_gmr72,gmr72_bridge_composite,relative_to_absolute_effect,true_vs_random_intersection,-0.27368334103159825,-0.2753851702611768,0.0017018292295785866,0.40631873625274945,502
combined_c_fes_gmr72,gmr72_bridge_composite,relative_to_absolute_effect,true_vs_balanced_intersection,-0.27368334103159825,-0.2768733289059226,0.0031899878743243295,0.21775644871025795,502
combined_c_fes_gmr72,gmr72_bridge_composite,relative_to_absolute_effect,true_vs_performance_matched_intersection,-0.27368334103159825,-0.2756646604773112,0.001981319445712972,0.3479304139172166,502
combined_c_fes_gmr72,gmr72_bridge_composite,relative_to_absolute_effect,true_vs_shuffled_c_intersection,-0.27368334103159825,-0.27486265336871846,0.0011793123371202634,0.42391521695660866,502
combined_c_fes_gmr72,gmr72_bridge_composite,relative_to_absolute_effect,true_vs_phase_rotated_intersection,-0.27368334103159825,-0.2843750724935476,0.010691731461949286,0.014397120575884824,502
gmr72_phase_conditioned,z_reward,abs_projection_asymmetry,true_vs_random_intersection,0.33949270009082816,0.43783511283594456,-0.09834241274511636,1.0,502
gmr72_phase_conditioned,z_reward,abs_projection_asymmetry,true_vs_balanced_intersection,0.33949270009082816,0.30490142038947354,0.034591279701354616,0.0001999600079984003,502
gmr72_phase_conditioned,z_reward,abs_projection_asymmetry,true_vs_performance_matched_intersection,0.33949270009082816,0.3115674133287402,0.027925286762088008,0.004199160167966407,502
gmr72_phase_conditioned,z_reward,abs_projection_asymmetry,true_vs_shuffled_c_intersection,0.33949270009082816,0.33359672019911285,0.0058959798917153985,0.3047390521895621,502
gmr72_phase_conditioned,z_reward,abs_projection_asymmetry,true_vs_phase_rotated_intersection,0.33949270009082816,0.29670159577426963,0.042791104316558616,0.0007998400319936012,502
gmr72_phase_conditioned,z_reward,projection_asymmetry,true_vs_random_intersection,0.005672324466138874,-0.015750715272331156,0.021423039738470026,0.17636472705458908,502
gmr72_phase_conditioned,z_reward,projection_asymmetry,true_vs_balanced_intersection,0.005672324466138874,-0.003836959903757268,0.00950928436989614,0.15796840631873627,502
gmr72_phase_conditioned,z_reward,projection_asymmetry,true_vs_performance_matched_intersection,0.005672324466138874,-0.014841662662741778,0.020513987128880654,0.05618876224755049,502
gmr72_phase_conditioned,z_reward,projection_asymmetry,true_vs_shuffled_c_intersection,0.005672324466138874,0.0021822784853053343,0.0034900459808335374,0.40451909618076387,502
gmr72_phase_conditioned,z_reward,projection_asymmetry,true_vs_phase_rotated_intersection,0.005672324466138874,-0.004366185542358452,0.01003851000849733,0.23815236952609478,502
gmr72_phase_conditioned,z_reward,absolute_to_relative_effect,true_vs_random_intersection,-0.668304920342612,-0.7298331303253703,0.06152820998275819,0.0005998800239952009,502
gmr72_phase_conditioned,z_reward,absolute_to_relative_effect,true_vs_balanced_intersection,-0.668304920342612,-0.7179173728310504,0.049612452488438284,0.0001999600079984003,502
gmr72_phase_conditioned,z_reward,absolute_to_relative_effect,true_vs_performance_matched_intersection,-0.668304920342612,-0.762028382877992,0.0937234625353798,0.0001999600079984003,502
gmr72_phase_conditioned,z_reward,absolute_to_relative_effect,true_vs_shuffled_c_intersection,-0.668304920342612,-0.7006661208973973,0.032361200554785294,0.011597680463907219,502
gmr72_phase_conditioned,z_reward,absolute_to_relative_effect,true_vs_phase_rotated_intersection,-0.668304920342612,-0.7210365892798791,0.05273166893726707,0.0001999600079984003,502
gmr72_phase_conditioned,z_reward,relative_to_absolute_effect,true_vs_random_intersection,-0.6739772448087511,-0.714082415053039,0.04010517024428817,0.009798040391921616,502
gmr72_phase_conditioned,z_reward,relative_to_absolute_effect,true_vs_balanced_intersection,-0.6739772448087511,-0.7140804129272931,0.04010316811854215,0.0001999600079984003,502
gmr72_phase_conditioned,z_reward,relative_to_absolute_effect,true_vs_performance_matched_intersection,-0.6739772448087511,-0.7471867202152502,0.07320947540649915,0.0001999600079984003,502
gmr72_phase_conditioned,z_reward,relative_to_absolute_effect,true_vs_shuffled_c_intersection,-0.6739772448087511,-0.7028483993827027,0.028871154573951754,0.008598280343931213,502
gmr72_phase_conditioned,z_reward,relative_to_absolute_effect,true_vs_phase_rotated_intersection,-0.6739772448087511,-0.7166704037375208,0.042693158928769744,0.0023995200959808036,502
gmr72_phase_conditioned,rank_reward,abs_projection_asymmetry,true_vs_random_intersection,0.3454812707425378,0.4541782986143694,-0.10869702787183165,1.0,502
gmr72_phase_conditioned,rank_reward,abs_projection_asymmetry,true_vs_balanced_intersection,0.3454812707425378,0.3181110202302942,0.02737025051224358,0.0009998000399920016,502
gmr72_phase_conditioned,rank_reward,abs_projection_asymmetry,true_vs_performance_matched_intersection,0.3454812707425378,0.3367394472534873,0.008741823489050476,0.21375724855028994,502
gmr72_phase_conditioned,rank_reward,abs_projection_asymmetry,true_vs_shuffled_c_intersection,0.3454812707425378,0.35184029691385826,-0.006359026171320422,0.7130573885222955,502
gmr72_phase_conditioned,rank_reward,abs_projection_asymmetry,true_vs_phase_rotated_intersection,0.3454812707425378,0.3056702105242207,0.03981106021831707,0.0003999200159968006,502
gmr72_phase_conditioned,rank_reward,projection_asymmetry,true_vs_random_intersection,0.009159029648197016,-0.0145093161269503,0.023668345775147304,0.14477104579084182,502
gmr72_phase_conditioned,rank_reward,projection_asymmetry,true_vs_balanced_intersection,0.009159029648197016,-0.003015404810841666,0.012174434459038673,0.09998000399920016,502
gmr72_phase_conditioned,rank_reward,projection_asymmetry,true_vs_performance_matched_intersection,0.009159029648197016,-0.016724841742873347,0.025883871391070356,0.022595480903819236,502
gmr72_phase_conditioned,rank_reward,projection_asymmetry,true_vs_shuffled_c_intersection,0.009159029648197016,0.004875836754890413,0.004283192893306599,0.36992601479704057,502
gmr72_phase_conditioned,rank_reward,projection_asymmetry,true_vs_phase_rotated_intersection,0.009159029648197016,0.0030880279107074753,0.00607100173748953,0.3405318936212757,502
gmr72_phase_conditioned,rank_reward,absolute_to_relative_effect,true_vs_random_intersection,-0.6582992206788193,-0.7336809211154157,0.07538170043659632,0.0001999600079984003,502
gmr72_phase_conditioned,rank_reward,absolute_to_relative_effect,true_vs_balanced_intersection,-0.6582992206788193,-0.7173479188673209,0.05904869818850166,0.0001999600079984003,502
gmr72_phase_conditioned,rank_reward,absolute_to_relative_effect,true_vs_performance_matched_intersection,-0.6582992206788193,-0.7581366744380796,0.09983745375926033,0.0001999600079984003,502
gmr72_phase_conditioned,rank_reward,absolute_to_relative_effect,true_vs_shuffled_c_intersection,-0.6582992206788193,-0.6933497827352995,0.03505056205648017,0.008798240351929614,502
gmr72_phase_conditioned,rank_reward,absolute_to_relative_effect,true_vs_phase_rotated_intersection,-0.6582992206788193,-0.719583516336244,0.06128429565742459,0.0001999600079984003,502
gmr72_phase_conditioned,rank_reward,relative_to_absolute_effect,true_vs_random_intersection,-0.6674582503270163,-0.7191716049884652,0.05171335466144902,0.0023995200959808036,502
gmr72_phase_conditioned,rank_reward,relative_to_absolute_effect,true_vs_balanced_intersection,-0.6674582503270163,-0.7143325140564794,0.04687426372946298,0.0001999600079984003,502
gmr72_phase_conditioned,rank_reward,relative_to_absolute_effect,true_vs_performance_matched_intersection,-0.6674582503270163,-0.7414118326952063,0.07395358236818998,0.0001999600079984003,502
gmr72_phase_conditioned,rank_reward,relative_to_absolute_effect,true_vs_shuffled_c_intersection,-0.6674582503270163,-0.6982256194901898,0.030767369163173568,0.008398320335932814,502
gmr72_phase_conditioned,rank_reward,relative_to_absolute_effect,true_vs_phase_rotated_intersection,-0.6674582503270163,-0.7226715442469513,0.05521329391993506,0.0001999600079984003,502
gmr72_phase_conditioned,gmr72_bridge_composite,abs_projection_asymmetry,true_vs_random_intersection,0.1096037547491371,0.15615624876965958,-0.046552494020522514,1.0,502
gmr72_phase_conditioned,gmr72_bridge_composite,abs_projection_asymmetry,true_vs_balanced_intersection,0.1096037547491371,0.10585292382775649,0.0037508309213806004,0.010197960407918417,502
gmr72_phase_conditioned,gmr72_bridge_composite,abs_projection_asymmetry,true_vs_performance_matched_intersection,0.1096037547491371,0.09965386156057986,0.009949893188557242,0.0003999200159968006,502
gmr72_phase_conditioned,gmr72_bridge_composite,abs_projection_asymmetry,true_vs_shuffled_c_intersection,0.1096037547491371,0.10630090503468533,0.0033028497144517673,0.0643871225754849,502
gmr72_phase_conditioned,gmr72_bridge_composite,abs_projection_asymmetry,true_vs_phase_rotated_intersection,0.1096037547491371,0.10533845658275404,0.004265298166383054,0.01979604079184163,502
gmr72_phase_conditioned,gmr72_bridge_composite,projection_asymmetry,true_vs_random_intersection,-0.0007413381183231098,-0.004184348572021971,0.003443010453698861,0.33813237352529496,502
gmr72_phase_conditioned,gmr72_bridge_composite,projection_asymmetry,true_vs_balanced_intersection,-0.0007413381183231098,-0.0004759865807555881,-0.0002653515375675218,0.5532893421315737,502
gmr72_phase_conditioned,gmr72_bridge_composite,projection_asymmetry,true_vs_performance_matched_intersection,-0.0007413381183231098,-0.006279083200699188,0.005537745082376077,0.05058988202359528,502
gmr72_phase_conditioned,gmr72_bridge_composite,projection_asymmetry,true_vs_shuffled_c_intersection,-0.0007413381183231098,-0.00011702359668045214,-0.0006243145216426596,0.6082783443311338,502
gmr72_phase_conditioned,gmr72_bridge_composite,projection_asymmetry,true_vs_phase_rotated_intersection,-0.0007413381183231098,0.00015592617754845548,-0.0008972642958715653,0.6524695060987803,502
gmr72_phase_conditioned,gmr72_bridge_composite,absolute_to_relative_effect,true_vs_random_intersection,-0.27133330080880497,-0.282728851520571,0.011395550711766025,0.028394321135772844,502
gmr72_phase_conditioned,gmr72_bridge_composite,absolute_to_relative_effect,true_vs_balanced_intersection,-0.27133330080880497,-0.2773493154866781,0.006016014677873179,0.0007998400319936012,502
gmr72_phase_conditioned,gmr72_bridge_composite,absolute_to_relative_effect,true_vs_performance_matched_intersection,-0.27133330080880497,-0.2819437436780104,0.010610442869205417,0.002999400119976005,502
gmr72_phase_conditioned,gmr72_bridge_composite,absolute_to_relative_effect,true_vs_shuffled_c_intersection,-0.27133330080880497,-0.2729307442742381,0.0015974434654331224,0.2545490901819636,502
gmr72_phase_conditioned,gmr72_bridge_composite,absolute_to_relative_effect,true_vs_phase_rotated_intersection,-0.27133330080880497,-0.27868355939632855,0.0073502585875235915,0.005598880223955209,502
gmr72_phase_conditioned,gmr72_bridge_composite,relative_to_absolute_effect,true_vs_random_intersection,-0.2705919626904819,-0.27854450294854904,0.007952540258067162,0.08358328334333133,502
gmr72_phase_conditioned,gmr72_bridge_composite,relative_to_absolute_effect,true_vs_balanced_intersection,-0.2705919626904819,-0.2768733289059226,0.0062813662154407,0.0027994401119776045,502
gmr72_phase_conditioned,gmr72_bridge_composite,relative_to_absolute_effect,true_vs_performance_matched_intersection,-0.2705919626904819,-0.2756646604773112,0.005072697786829343,0.06898620275944811,502
gmr72_phase_conditioned,gmr72_bridge_composite,relative_to_absolute_effect,true_vs_shuffled_c_intersection,-0.2705919626904819,-0.27281372067755766,0.0022217579870757818,0.1889622075584883,502
gmr72_phase_conditioned,gmr72_bridge_composite,relative_to_absolute_effect,true_vs_phase_rotated_intersection,-0.2705919626904819,-0.27883948557387706,0.008247522883395158,0.0021995600879824036,502
fes_string_conditioned,z_reward,abs_projection_asymmetry,true_vs_random_intersection,0.3054841842906761,0.447634908836197,-0.14215072454552105,1.0,502
fes_string_conditioned,z_reward,abs_projection_asymmetry,true_vs_balanced_intersection,0.3054841842906761,0.30490142038947354,0.0005827639012024306,0.44831033793241354,502
fes_string_conditioned,z_reward,abs_projection_asymmetry,true_vs_performance_matched_intersection,0.3054841842906761,0.3115674133287402,-0.006083229038064171,0.7536492701459708,502
fes_string_conditioned,z_reward,abs_projection_asymmetry,true_vs_shuffled_c_intersection,0.3054841842906761,0.32008824404641256,-0.014604059755736557,0.9822035592881424,502
fes_string_conditioned,z_reward,abs_projection_asymmetry,true_vs_phase_rotated_intersection,0.3054841842906761,0.30676565696582186,-0.001281472675145866,0.5684863027394521,502
fes_string_conditioned,z_reward,projection_asymmetry,true_vs_random_intersection,-0.007256871412180511,0.013942862481097867,-0.021199733893278377,0.850629874025195,502
fes_string_conditioned,z_reward,projection_asymmetry,true_vs_balanced_intersection,-0.007256871412180511,-0.003836959903757268,-0.003419911508423238,0.767246550689862,502
fes_string_conditioned,z_reward,projection_asymmetry,true_vs_performance_matched_intersection,-0.007256871412180511,-0.014841662662741778,0.007584791250561273,0.21795640871825636,502
fes_string_conditioned,z_reward,projection_asymmetry,true_vs_shuffled_c_intersection,-0.007256871412180511,0.005297370740511255,-0.012554242152691766,0.9590081983603279,502
fes_string_conditioned,z_reward,projection_asymmetry,true_vs_phase_rotated_intersection,-0.007256871412180511,-0.007275589899196762,1.8718487016252375e-05,0.5050989802039592,502
fes_string_conditioned,z_reward,absolute_to_relative_effect,true_vs_random_intersection,-0.7193655884422034,-0.6894967664732565,-0.029868821968946895,0.9644071185762847,502
fes_string_conditioned,z_reward,absolute_to_relative_effect,true_vs_balanced_intersection,-0.7193655884422034,-0.7179173728310504,-0.0014482156111530085,0.5892821435712857,502
fes_string_conditioned,z_reward,absolute_to_relative_effect,true_vs_performance_matched_intersection,-0.7193655884422034,-0.762028382877992,0.04266279443578851,0.0003999200159968006,502
fes_string_conditioned,z_reward,absolute_to_relative_effect,true_vs_shuffled_c_intersection,-0.7193655884422034,-0.7148790554742127,-0.004486532967990697,0.6740651869626075,502
fes_string_conditioned,z_reward,absolute_to_relative_effect,true_vs_phase_rotated_intersection,-0.7193655884422034,-0.7265914916827894,0.0072259032405857845,0.2511497700459908,502
fes_string_conditioned,z_reward,relative_to_absolute_effect,true_vs_random_intersection,-0.7121087170300231,-0.7034396289543544,-0.008669088075668517,0.705258948210358,502
fes_string_conditioned,z_reward,relative_to_absolute_effect,true_vs_balanced_intersection,-0.7121087170300231,-0.7140804129272931,0.001971695897270231,0.36172765446910615,502
fes_string_conditioned,z_reward,relative_to_absolute_effect,true_vs_performance_matched_intersection,-0.7121087170300231,-0.7471867202152502,0.03507800318522724,0.0001999600079984003,502
fes_string_conditioned,z_reward,relative_to_absolute_effect,true_vs_shuffled_c_intersection,-0.7121087170300231,-0.720176426214724,0.008067709184701066,0.14277144571085784,502
fes_string_conditioned,z_reward,relative_to_absolute_effect,true_vs_phase_rotated_intersection,-0.7121087170300231,-0.7193159017835925,0.007207184753569531,0.13177364527094582,502
fes_string_conditioned,rank_reward,abs_projection_asymmetry,true_vs_random_intersection,0.3168976929111858,0.4499382175391381,-0.1330405246279523,1.0,502
fes_string_conditioned,rank_reward,abs_projection_asymmetry,true_vs_balanced_intersection,0.3168976929111858,0.3181110202302942,-0.0012133273191084466,0.6076784643071386,502
fes_string_conditioned,rank_reward,abs_projection_asymmetry,true_vs_performance_matched_intersection,0.3168976929111858,0.3367394472534873,-0.019841754342301555,0.9808038392321535,502
fes_string_conditioned,rank_reward,abs_projection_asymmetry,true_vs_shuffled_c_intersection,0.3168976929111858,0.32631447596946894,-0.009416783058283165,0.9302139572085583,502
fes_string_conditioned,rank_reward,abs_projection_asymmetry,true_vs_phase_rotated_intersection,0.3168976929111858,0.32286747067544536,-0.005969777764259603,0.7910417916416717,502
fes_string_conditioned,rank_reward,projection_asymmetry,true_vs_random_intersection,-0.00717397621523969,0.019693820794746887,-0.026867797009986587,0.9080183963207359,502
fes_string_conditioned,rank_reward,projection_asymmetry,true_vs_balanced_intersection,-0.00717397621523969,-0.003015404810841666,-0.004158571404398033,0.8168366326734653,502
fes_string_conditioned,rank_reward,projection_asymmetry,true_vs_performance_matched_intersection,-0.00717397621523969,-0.016724841742873347,0.00955086552763365,0.16496700659868027,502
fes_string_conditioned,rank_reward,projection_asymmetry,true_vs_shuffled_c_intersection,-0.00717397621523969,0.0045428242865238775,-0.011716800501763575,0.9534093181363728,502
fes_string_conditioned,rank_reward,projection_asymmetry,true_vs_phase_rotated_intersection,-0.00717397621523969,-0.01061909157064408,0.003445115355404386,0.34953009398120377,502
fes_string_conditioned,rank_reward,absolute_to_relative_effect,true_vs_random_intersection,-0.7125153948576394,-0.6867727188647332,-0.025742675992906146,0.947010597880424,502
fes_string_conditioned,rank_reward,absolute_to_relative_effect,true_vs_balanced_intersection,-0.7125153948576394,-0.7173479188673209,0.004832524009681559,0.2565486902619476,502
fes_string_conditioned,rank_reward,absolute_to_relative_effect,true_vs_performance_matched_intersection,-0.7125153948576394,-0.7581366744380796,0.045621279580440245,0.0001999600079984003,502
fes_string_conditioned,rank_reward,absolute_to_relative_effect,true_vs_shuffled_c_intersection,-0.7125153948576394,-0.7147863152459106,0.002270920388271329,0.42351529694061185,502
fes_string_conditioned,rank_reward,absolute_to_relative_effect,true_vs_phase_rotated_intersection,-0.7125153948576394,-0.7258206903983486,0.013305295540709333,0.10717856428714258,502
fes_string_conditioned,rank_reward,relative_to_absolute_effect,true_vs_random_intersection,-0.7053414186423997,-0.7064665396594801,0.0011251210170804364,0.46750649870025995,502
fes_string_conditioned,rank_reward,relative_to_absolute_effect,true_vs_balanced_intersection,-0.7053414186423997,-0.7143325140564794,0.008991095414079593,0.0593881223755249,502
fes_string_conditioned,rank_reward,relative_to_absolute_effect,true_vs_performance_matched_intersection,-0.7053414186423997,-0.7414118326952063,0.0360704140528066,0.0007998400319936012,502
fes_string_conditioned,rank_reward,relative_to_absolute_effect,true_vs_shuffled_c_intersection,-0.7053414186423997,-0.7193291395324347,0.013987720890034902,0.05078984203159368,502
fes_string_conditioned,rank_reward,relative_to_absolute_effect,true_vs_phase_rotated_intersection,-0.7053414186423997,-0.7152015988277047,0.009860180185304948,0.0669866026794641,502
fes_string_conditioned,gmr72_bridge_composite,abs_projection_asymmetry,true_vs_random_intersection,0.10309692654427423,0.16258967994163578,-0.05949275339736157,1.0,502
fes_string_conditioned,gmr72_bridge_composite,abs_projection_asymmetry,true_vs_balanced_intersection,0.10309692654427423,0.10585292382775649,-0.0027559972834822572,1.0,502
fes_string_conditioned,gmr72_bridge_composite,abs_projection_asymmetry,true_vs_performance_matched_intersection,0.10309692654427423,0.09965386156057986,0.0034430649836943864,0.10097980403919216,502
fes_string_conditioned,gmr72_bridge_composite,abs_projection_asymmetry,true_vs_shuffled_c_intersection,0.10309692654427423,0.10424710389428933,-0.001150177350015105,0.862627474505099,502
fes_string_conditioned,gmr72_bridge_composite,abs_projection_asymmetry,true_vs_phase_rotated_intersection,0.10309692654427423,0.10691679217538441,-0.0038198656311101914,0.9986002799440112,502
fes_string_conditioned,gmr72_bridge_composite,projection_asymmetry,true_vs_random_intersection,-0.0015770057643590385,0.009036500798069962,-0.010613506562429001,0.9228154369126175,502
fes_string_conditioned,gmr72_bridge_composite,projection_asymmetry,true_vs_balanced_intersection,-0.0015770057643590385,-0.0004759865807555881,-0.0011010191836034497,0.9456108778244351,502
fes_string_conditioned,gmr72_bridge_composite,projection_asymmetry,true_vs_performance_matched_intersection,-0.0015770057643590385,-0.006279083200699188,0.004702077436340149,0.0627874425114977,502
fes_string_conditioned,gmr72_bridge_composite,projection_asymmetry,true_vs_shuffled_c_intersection,-0.0015770057643590385,0.0006549798916126257,-0.002231985655971665,0.9816036792641472,502
fes_string_conditioned,gmr72_bridge_composite,projection_asymmetry,true_vs_phase_rotated_intersection,-0.0015770057643590385,-0.0010969999618801111,-0.0004800058024789253,0.6352729454109178,502
fes_string_conditioned,gmr72_bridge_composite,absolute_to_relative_effect,true_vs_random_intersection,-0.2764505776897923,-0.2659152082027168,-0.010535369487075494,0.9708058388322336,502
fes_string_conditioned,gmr72_bridge_composite,absolute_to_relative_effect,true_vs_balanced_intersection,-0.2764505776897923,-0.2773493154866781,0.0008987377968858815,0.2623475304939012,502
fes_string_conditioned,gmr72_bridge_composite,absolute_to_relative_effect,true_vs_performance_matched_intersection,-0.2764505776897923,-0.2819437436780104,0.005493165988218122,0.07438512297540492,502
fes_string_conditioned,gmr72_bridge_composite,absolute_to_relative_effect,true_vs_shuffled_c_intersection,-0.2764505776897923,-0.27607151730094825,-0.0003790603888439877,0.5734853029394121,502
fes_string_conditioned,gmr72_bridge_composite,absolute_to_relative_effect,true_vs_phase_rotated_intersection,-0.2764505776897923,-0.2790863096832946,0.00263573199350236,0.1367726454709058,502
fes_string_conditioned,gmr72_bridge_composite,relative_to_absolute_effect,true_vs_random_intersection,-0.27487357192543327,-0.2749517090007867,7.813707535350656e-05,0.48630273945210956,502
fes_string_conditioned,gmr72_bridge_composite,relative_to_absolute_effect,true_vs_balanced_intersection,-0.27487357192543327,-0.2768733289059226,0.0019997569804893318,0.05118976204759048,502
fes_string_conditioned,gmr72_bridge_composite,relative_to_absolute_effect,true_vs_performance_matched_intersection,-0.27487357192543327,-0.2756646604773112,0.0007910885518779742,0.39372125574885025,502
fes_string_conditioned,gmr72_bridge_composite,relative_to_absolute_effect,true_vs_shuffled_c_intersection,-0.27487357192543327,-0.2767264971925609,0.0018529252671276777,0.14237152569486103,502
fes_string_conditioned,gmr72_bridge_composite,relative_to_absolute_effect,true_vs_phase_rotated_intersection,-0.27487357192543327,-0.2779893097214145,0.003115737795981285,0.01759648070385923,502
linear_c_state,z_reward,abs_projection_asymmetry,true_vs_random_intersection,0.33087200065688577,0.43783511283594456,-0.10696311217905877,1.0,502
linear_c_state,z_reward,abs_projection_asymmetry,true_vs_balanced_intersection,0.33087200065688577,0.30490142038947354,0.025970580267412207,0.0015996800639872025,502
linear_c_state,z_reward,abs_projection_asymmetry,true_vs_performance_matched_intersection,0.33087200065688577,0.3115674133287402,0.0193045873281456,0.03419316136772645,502
linear_c_state,z_reward,abs_projection_asymmetry,true_vs_shuffled_c_intersection,0.33087200065688577,0.32494129754840057,0.005930703108485273,0.3225354929014197,502
linear_c_state,z_reward,abs_projection_asymmetry,true_vs_phase_rotated_intersection,0.33087200065688577,0.30220920774506,0.028662792911825767,0.007998400319936013,502
linear_c_state,z_reward,projection_asymmetry,true_vs_random_intersection,0.008460049132147611,-0.015750715272331156,0.024210764404478762,0.14937012597480503,502
linear_c_state,z_reward,projection_asymmetry,true_vs_balanced_intersection,0.008460049132147611,-0.003836959903757268,0.012297009035904884,0.09898020395920816,502
linear_c_state,z_reward,projection_asymmetry,true_vs_performance_matched_intersection,0.008460049132147611,-0.014841662662741778,0.023301711794889393,0.033193361327734455,502
linear_c_state,z_reward,projection_asymmetry,true_vs_shuffled_c_intersection,0.008460049132147611,0.0007222970420861826,0.007737752090061431,0.28834233153369326,502
linear_c_state,z_reward,projection_asymmetry,true_vs_phase_rotated_intersection,0.008460049132147611,-0.000733171928642894,0.009193221060790515,0.25154969006198763,502
linear_c_state,z_reward,absolute_to_relative_effect,true_vs_random_intersection,-0.6658277490798481,-0.7298331303253703,0.06400538124552213,0.0003999200159968006,502
linear_c_state,z_reward,absolute_to_relative_effect,true_vs_balanced_intersection,-0.6658277490798481,-0.7179173728310504,0.05208962375120222,0.0001999600079984003,502
linear_c_state,z_reward,absolute_to_relative_effect,true_vs_performance_matched_intersection,-0.6658277490798481,-0.762028382877992,0.09620063379814374,0.0001999600079984003,502
linear_c_state,z_reward,absolute_to_relative_effect,true_vs_shuffled_c_intersection,-0.6658277490798481,-0.7024528930190471,0.03662514393919891,0.00639872025594881,502
linear_c_state,z_reward,absolute_to_relative_effect,true_vs_phase_rotated_intersection,-0.6658277490798481,-0.7166840565564567,0.05085630747660856,0.0003999200159968006,502
linear_c_state,z_reward,relative_to_absolute_effect,true_vs_random_intersection,-0.6742877982119958,-0.714082415053039,0.039794616841043365,0.009598080383923215,502
linear_c_state,z_reward,relative_to_absolute_effect,true_vs_balanced_intersection,-0.6742877982119958,-0.7140804129272931,0.03979261471529734,0.0001999600079984003,502
linear_c_state,z_reward,relative_to_absolute_effect,true_vs_performance_matched_intersection,-0.6742877982119958,-0.7471867202152502,0.07289892200325435,0.0001999600079984003,502
linear_c_state,z_reward,relative_to_absolute_effect,true_vs_shuffled_c_intersection,-0.6742877982119958,-0.7031751900611333,0.028887391849137484,0.007198560287942412,502
linear_c_state,z_reward,relative_to_absolute_effect,true_vs_phase_rotated_intersection,-0.6742877982119958,-0.7159508846278139,0.04166308641581805,0.0023995200959808036,502
linear_c_state,rank_reward,abs_projection_asymmetry,true_vs_random_intersection,0.338564773595235,0.4541782986143694,-0.11561352501913445,1.0,502
linear_c_state,rank_reward,abs_projection_asymmetry,true_vs_balanced_intersection,0.338564773595235,0.3181110202302942,0.02045375336494079,0.008398320335932814,502
linear_c_state,rank_reward,abs_projection_asymmetry,true_vs_performance_matched_intersection,0.338564773595235,0.3367394472534873,0.0018253263417476932,0.4409118176364727,502
linear_c_state,rank_reward,abs_projection_asymmetry,true_vs_shuffled_c_intersection,0.338564773595235,0.3441878214395384,-0.005623047844303362,0.7004599080183963,502
linear_c_state,rank_reward,abs_projection_asymmetry,true_vs_phase_rotated_intersection,0.338564773595235,0.311685146119533,0.02687962747570199,0.008198360327934412,502
linear_c_state,rank_reward,projection_asymmetry,true_vs_random_intersection,0.009929964254062408,-0.0145093161269503,0.024439280381012715,0.1329734053189362,502
linear_c_state,rank_reward,projection_asymmetry,true_vs_balanced_intersection,0.009929964254062408,-0.003015404810841666,0.012945369064904079,0.08778244351129774,502
linear_c_state,rank_reward,projection_asymmetry,true_vs_performance_matched_intersection,0.009929964254062408,-0.016724841742873347,0.026654805996935756,0.018196360727854428,502
linear_c_state,rank_reward,projection_asymmetry,true_vs_shuffled_c_intersection,0.009929964254062408,0.0030197117777924745,0.006910252476269933,0.3015396920615877,502
linear_c_state,rank_reward,projection_asymmetry,true_vs_phase_rotated_intersection,0.009929964254062408,0.005595699292869058,0.004334264961193354,0.3867226554689062,502
linear_c_state,rank_reward,absolute_to_relative_effect,true_vs_random_intersection,-0.6566775954936314,-0.7336809211154157,0.0770033256217843,0.0001999600079984003,502
linear_c_state,rank_reward,absolute_to_relative_effect,true_vs_balanced_intersection,-0.6566775954936314,-0.7173479188673209,0.06067032337368965,0.0001999600079984003,502
linear_c_state,rank_reward,absolute_to_relative_effect,true_vs_performance_matched_intersection,-0.6566775954936314,-0.7581366744380796,0.10145907894444832,0.0001999600079984003,502
linear_c_state,rank_reward,absolute_to_relative_effect,true_vs_shuffled_c_intersection,-0.6566775954936314,-0.6963878229679895,0.03971022747435814,0.004599080183963208,502
linear_c_state,rank_reward,absolute_to_relative_effect,true_vs_phase_rotated_intersection,-0.6566775954936314,-0.716302861512092,0.059625266018460535,0.0001999600079984003,502
linear_c_state,rank_reward,relative_to_absolute_effect,true_vs_random_intersection,-0.6666075597476937,-0.7191716049884652,0.052564045240771594,0.001799640071985603,502
linear_c_state,rank_reward,relative_to_absolute_effect,true_vs_balanced_intersection,-0.6666075597476937,-0.7143325140564794,0.04772495430878556,0.0001999600079984003,502
linear_c_state,rank_reward,relative_to_absolute_effect,true_vs_performance_matched_intersection,-0.6666075597476937,-0.7414118326952063,0.07480427294751257,0.0001999600079984003,502
linear_c_state,rank_reward,relative_to_absolute_effect,true_vs_shuffled_c_intersection,-0.6666075597476937,-0.6994075347457819,0.032799974998088205,0.008798240351929614,502
linear_c_state,rank_reward,relative_to_absolute_effect,true_vs_phase_rotated_intersection,-0.6666075597476937,-0.7218985608049608,0.055291001057267176,0.0001999600079984003,502
linear_c_state,gmr72_bridge_composite,abs_projection_asymmetry,true_vs_random_intersection,0.10667203164141233,0.15615624876965958,-0.04948421712824726,1.0,502
linear_c_state,gmr72_bridge_composite,abs_projection_asymmetry,true_vs_balanced_intersection,0.10667203164141233,0.10585292382775649,0.0008191078136558493,0.2461507698460308,502
linear_c_state,gmr72_bridge_composite,abs_projection_asymmetry,true_vs_performance_matched_intersection,0.10667203164141233,0.09965386156057986,0.0070181700808324915,0.002599480103979204,502
linear_c_state,gmr72_bridge_composite,abs_projection_asymmetry,true_vs_shuffled_c_intersection,0.10667203164141233,0.10357124740399624,0.0031007842374160973,0.03579284143171366,502
linear_c_state,gmr72_bridge_composite,abs_projection_asymmetry,true_vs_phase_rotated_intersection,0.10667203164141233,0.10629243219564267,0.00037959944576967486,0.41631673665266944,502
linear_c_state,gmr72_bridge_composite,projection_asymmetry,true_vs_random_intersection,-0.00024400524137630273,-0.004184348572021971,0.00394034333064567,0.3103379324135173,502
linear_c_state,gmr72_bridge_composite,projection_asymmetry,true_vs_balanced_intersection,-0.00024400524137630273,-0.0004759865807555881,0.00023198133937928637,0.4331133773245351,502
linear_c_state,gmr72_bridge_composite,projection_asymmetry,true_vs_performance_matched_intersection,-0.00024400524137630273,-0.006279083200699188,0.006035077959322884,0.029194161167766446,502
linear_c_state,gmr72_bridge_composite,projection_asymmetry,true_vs_shuffled_c_intersection,-0.00024400524137630273,-0.0008500049998208426,0.0006059997584445414,0.3713257348530294,502
linear_c_state,gmr72_bridge_composite,projection_asymmetry,true_vs_phase_rotated_intersection,-0.00024400524137630273,0.000950812887296145,-0.001194818128672446,0.74625074985003,502
linear_c_state,gmr72_bridge_composite,absolute_to_relative_effect,true_vs_random_intersection,-0.2695913594405655,-0.282728851520571,0.013137492080005538,0.014397120575884824,502
linear_c_state,gmr72_bridge_composite,absolute_to_relative_effect,true_vs_balanced_intersection,-0.2695913594405655,-0.2773493154866781,0.007757956046112695,0.0001999600079984003,502
linear_c_state,gmr72_bridge_composite,absolute_to_relative_effect,true_vs_performance_matched_intersection,-0.2695913594405655,-0.2819437436780104,0.012352384237444934,0.0009998000399920016,502
linear_c_state,gmr72_bridge_composite,absolute_to_relative_effect,true_vs_shuffled_c_intersection,-0.2695913594405655,-0.2730904224524648,0.0034990630118993627,0.04359128174365127,502
linear_c_state,gmr72_bridge_composite,absolute_to_relative_effect,true_vs_phase_rotated_intersection,-0.2695913594405655,-0.2767944540747832,0.007203094634217724,0.0021995600879824036,502
linear_c_state,gmr72_bridge_composite,relative_to_absolute_effect,true_vs_random_intersection,-0.26934735419918915,-0.27854450294854904,0.00919714874935987,0.03839232153569286,502
linear_c_state,gmr72_bridge_composite,relative_to_absolute_effect,true_vs_balanced_intersection,-0.26934735419918915,-0.2768733289059226,0.00752597470673341,0.0003999200159968006,502
linear_c_state,gmr72_bridge_composite,relative_to_absolute_effect,true_vs_performance_matched_intersection,-0.26934735419918915,-0.2756646604773112,0.006317306278122052,0.01759648070385923,502
linear_c_state,gmr72_bridge_composite,relative_to_absolute_effect,true_vs_shuffled_c_intersection,-0.26934735419918915,-0.27224041745264393,0.002893063253454821,0.07538492301539693,502
linear_c_state,gmr72_bridge_composite,relative_to_absolute_effect,true_vs_phase_rotated_intersection,-0.26934735419918915,-0.27774526696207935,0.00839791276289017,0.0003999200159968006,502
