mode,endpoint,operator_pool,direction,robust_success,strong_success,intersection_core_pass_count,intersection_stress_pass_count,object_pass_count,objectification_gap,pass_balanced,pass_shuffled_c,pass_phase_rotated,pass_random,pass_performance,mean_intersection_effect,mean_true_intersection,mean_object_effect,mean_true_object
linear_c_state,gmr72_bridge_composite,no_phase_only,A_to_C_to_B,True,True,3,2,2,3,True,True,True,True,True,0.009959071932315298,-0.26352713792217003,1.1445353105387102,0.9537794254489267
linear_c_state,gmr72_bridge_composite,no_suppress,A_to_C_to_B,True,True,3,2,2,3,True,True,True,True,True,0.009887294949597461,-0.2643590252865723,1.206702599580374,1.005585499650313
linear_c_state,gmr72_bridge_composite,full,A_to_C_to_B,True,True,3,2,2,3,True,True,True,True,True,0.009884182070612884,-0.2690900415896471,1.0695214491992298,0.8912678743326922
linear_c_state,gmr72_bridge_composite,core_5,A_to_C_to_B,True,True,3,2,2,3,True,True,True,True,True,0.009806593087262954,-0.25550083656548234,1.2395967409893722,1.032997284157811
linear_c_state,gmr72_bridge_composite,full,B_to_C_to_A,True,True,3,1,2,2,True,True,True,False,True,0.010276160395604656,-0.2687170541485487,1.0695214491992298,0.8912678743326922
linear_c_state,gmr72_bridge_composite,no_suppress,B_to_C_to_A,True,True,3,1,2,2,True,True,True,False,True,0.010068139175830737,-0.264075768583187,1.206702599580374,1.005585499650313
linear_c_state,gmr72_bridge_composite,no_phase_only,B_to_C_to_A,True,True,3,1,2,2,True,True,True,False,True,0.00955015855744174,-0.2649102613640166,1.1445353105387102,0.9537794254489267
linear_c_state,gmr72_bridge_composite,core_5,B_to_C_to_A,True,True,3,1,2,2,True,True,True,False,True,0.009250723347437295,-0.25670635618404913,1.2395967409893722,1.032997284157811
gmr72_phase_conditioned,gmr72_bridge_composite,full,B_to_C_to_A,True,True,3,1,2,2,True,True,True,False,True,0.00910382105152369,-0.27005429408742393,1.1492347477697429,0.957695623141454
gmr72_phase_conditioned,gmr72_bridge_composite,no_phase_only,B_to_C_to_A,True,True,3,1,2,2,True,True,True,False,True,0.008851850770037731,-0.2656263819418666,1.2152250622822955,1.012687551901915
gmr72_phase_conditioned,gmr72_bridge_composite,no_suppress,B_to_C_to_A,True,True,3,1,2,2,True,True,True,False,True,0.00884606641400999,-0.26546168289507605,1.27974497319584,1.0664541443298663
gmr72_phase_conditioned,gmr72_bridge_composite,core_5,B_to_C_to_A,True,True,3,1,2,2,True,True,True,False,True,0.008525047694357907,-0.2574508671325531,1.2870350310305063,1.072529192525423
linear_c_state,rank_reward,full,B_to_C_to_A,False,False,3,2,3,2,True,True,True,True,True,0.06833318362644088,-0.6570881690186011,0.6612670472717079,0.5510558727264255
linear_c_state,rank_reward,no_suppress,B_to_C_to_A,False,False,3,2,3,2,True,True,True,True,True,0.06771314108478929,-0.6521568670518206,0.7558487034985838,0.6298739195821528
linear_c_state,z_reward,full,B_to_C_to_A,False,False,3,2,3,2,True,True,True,True,True,0.06694615348268576,-0.6602210510932952,0.5703234462910152,0.47526953857584414
linear_c_state,z_reward,no_suppress,B_to_C_to_A,False,False,3,2,3,2,True,True,True,True,True,0.06640606307681717,-0.6598827587159943,0.6725301910389826,0.5604418258658176
gmr72_phase_conditioned,rank_reward,full,B_to_C_to_A,False,False,3,2,3,2,True,True,True,True,True,0.06577971767437821,-0.6597156539112999,0.6298281306033368,0.5248567755027801
gmr72_phase_conditioned,rank_reward,no_suppress,B_to_C_to_A,False,False,3,2,3,2,True,True,True,True,True,0.06504194065809554,-0.6548790984093678,0.7254857614060944,0.6045714678384125
gmr72_phase_conditioned,z_reward,full,B_to_C_to_A,False,False,3,2,3,2,True,True,True,True,True,0.06435362561954922,-0.6633959756237472,0.6005563862961998,0.5004636552468312
linear_c_state,rank_reward,no_phase_only,B_to_C_to_A,False,False,3,2,3,2,True,True,True,True,True,0.06380514773333232,-0.6483856722460374,0.938573784708171,0.7821448205901425
gmr72_phase_conditioned,z_reward,no_suppress,B_to_C_to_A,False,False,3,2,3,2,True,True,True,True,True,0.06366304736061489,-0.6631896762138235,0.7081148914348173,0.590095742862347
gmr72_phase_conditioned,rank_reward,no_phase_only,B_to_C_to_A,False,False,3,2,3,2,True,True,True,True,True,0.06316062933234132,-0.6489040671458072,0.8549182826989158,0.7124319022490951
linear_c_state,rank_reward,core_5,B_to_C_to_A,False,False,3,2,3,2,True,True,True,True,True,0.0626207655844337,-0.6397439621542383,1.0432755151891697,0.8693962626576417
linear_c_state,z_reward,no_phase_only,B_to_C_to_A,False,False,3,2,3,2,True,True,True,True,True,0.0624620124843128,-0.6452676334315228,0.7527659630027616,0.6273049691689675
gmr72_phase_conditioned,z_reward,no_phase_only,B_to_C_to_A,False,False,3,2,3,2,True,True,True,True,True,0.06211282408029921,-0.6458531041673347,0.7265430027670726,0.6054525023058958
gmr72_phase_conditioned,rank_reward,core_5,B_to_C_to_A,False,False,3,2,3,2,True,True,True,True,True,0.0619800801633858,-0.6402451081607086,0.9643538064804826,0.8036281720670694
linear_c_state,z_reward,core_5,B_to_C_to_A,False,False,3,2,3,2,True,True,True,True,True,0.06129051641947923,-0.6430818625147938,0.858115879037691,0.7150965658647429
gmr72_phase_conditioned,z_reward,core_5,B_to_C_to_A,False,False,3,2,3,2,True,True,True,True,True,0.06093702823312819,-0.6436617639513554,0.8480354904259062,0.7066962420215883
linear_c_state,rank_reward,no_suppress,A_to_C_to_B,False,False,3,2,3,2,True,True,True,True,True,0.05681396568828514,-0.6625671702565867,0.7558487034985838,0.6298739195821528
linear_c_state,rank_reward,full,A_to_C_to_B,False,False,3,2,3,2,True,True,True,True,True,0.05628668779703864,-0.6686005937902414,0.6612670472717079,0.5510558727264255
gmr72_phase_conditioned,rank_reward,core_5,A_to_C_to_B,False,False,3,2,3,2,True,True,True,True,True,0.056046333544490456,-0.6349409479471203,0.9643538064804826,0.8036281720670694
gmr72_phase_conditioned,rank_reward,no_phase_only,A_to_C_to_B,False,False,3,2,3,2,True,True,True,True,True,0.055827318650387855,-0.6451955309494392,0.8549182826989158,0.7124319022490951
linear_c_state,rank_reward,core_5,A_to_C_to_B,False,False,3,2,3,2,True,True,True,True,True,0.05575475141497127,-0.6371583532902109,1.0432755151891697,0.8693962626576417
gmr72_phase_conditioned,rank_reward,no_suppress,A_to_C_to_B,False,False,3,2,3,2,True,True,True,True,True,0.05569595198203668,-0.6618674003169291,0.7254857614060944,0.6045714678384125
linear_c_state,rank_reward,no_phase_only,A_to_C_to_B,False,False,3,2,3,2,True,True,True,True,True,0.05550625533545987,-0.647444554530824,0.938573784708171,0.7821448205901425
gmr72_phase_conditioned,rank_reward,full,A_to_C_to_B,False,False,3,2,3,2,True,True,True,True,True,0.05525600716411285,-0.6678307077125156,0.6298281306033368,0.5248567755027801
gmr72_phase_conditioned,z_reward,no_phase_only,A_to_C_to_B,False,False,3,2,3,2,True,True,True,True,True,0.04928173252368455,-0.645162939468008,0.7265430027670726,0.6054525023058958
gmr72_phase_conditioned,z_reward,core_5,A_to_C_to_B,False,False,3,2,3,2,True,True,True,True,True,0.04900356486309896,-0.641631278726884,0.8480354904259062,0.7066962420215883
linear_c_state,z_reward,no_suppress,A_to_C_to_B,False,False,3,2,3,2,True,True,True,True,True,0.04893805778263276,-0.6730028367782735,0.6725301910389826,0.5604418258658176
linear_c_state,z_reward,full,A_to_C_to_B,False,False,3,2,3,2,True,True,True,True,True,0.048738158789785116,-0.6742971622952946,0.5703234462910152,0.47526953857584414
gmr72_phase_conditioned,z_reward,no_suppress,A_to_C_to_B,False,False,3,2,3,2,True,True,True,True,True,0.04866943788511578,-0.6712792935703237,0.7081148914348173,0.590095742862347
gmr72_phase_conditioned,z_reward,full,A_to_C_to_B,False,False,3,2,3,2,True,True,True,True,True,0.048572898091323605,-0.6724899261213474,0.6005563862961998,0.5004636552468312
linear_c_state,z_reward,no_phase_only,A_to_C_to_B,False,False,3,2,3,2,True,True,True,True,True,0.046910223076509355,-0.6497980524937287,0.7527659630027616,0.6273049691689675
linear_c_state,z_reward,core_5,A_to_C_to_B,False,False,3,2,3,2,True,True,True,True,True,0.04661337570183578,-0.6462849368367968,0.858115879037691,0.7150965658647429
gmr72_phase_conditioned,gmr72_bridge_composite,no_phase_only,A_to_C_to_B,False,False,2,2,2,2,True,False,True,True,True,0.009621733206805871,-0.26332657835400364,1.2152250622822955,1.012687551901915
gmr72_phase_conditioned,gmr72_bridge_composite,core_5,A_to_C_to_B,False,False,2,2,2,2,True,False,True,True,True,0.009447269721881351,-0.25532323102233584,1.2870350310305063,1.072529192525423
gmr72_phase_conditioned,gmr72_bridge_composite,full,A_to_C_to_B,False,False,2,2,2,2,True,False,True,True,True,0.008966354207836993,-0.26958128248496205,1.1492347477697429,0.957695623141454
gmr72_phase_conditioned,gmr72_bridge_composite,no_suppress,A_to_C_to_B,False,False,2,2,2,2,True,False,True,True,True,0.008924257185948069,-0.26489537734171775,1.27974497319584,1.0664541443298663
fes_string_conditioned,gmr72_bridge_composite,core_5,A_to_C_to_B,False,False,2,0,2,0,True,False,True,False,False,0.0032874520228931047,-0.26035760740402564,1.4451200116790317,1.20426667639919
fes_string_conditioned,gmr72_bridge_composite,no_phase_only,A_to_C_to_B,False,False,2,0,2,0,True,False,True,False,False,0.0032165836761765916,-0.2684443429933273,1.3561394706387027,1.1301162255322543
fes_string_conditioned,gmr72_bridge_composite,no_suppress,A_to_C_to_B,False,False,2,0,2,0,True,False,True,False,False,0.002684408395847523,-0.2696625040205749,1.5231952065949155,1.2693293388290914
fes_string_conditioned,gmr72_bridge_composite,full,A_to_C_to_B,False,False,2,0,2,0,True,False,True,False,False,0.002658953241319536,-0.27432018871700853,1.355837485868311,1.1298645715569307
fes_string_conditioned,rank_reward,no_suppress,A_to_C_to_B,False,False,1,1,2,0,False,True,False,False,True,0.019031983182215568,-0.6991882249855689,1.3484291169176221,1.123690930764685
fes_string_conditioned,rank_reward,full,A_to_C_to_B,False,False,1,1,2,0,False,True,False,False,True,0.018959219792856672,-0.7052091583314067,1.2102251096658727,1.0085209247215594
combined_c_fes_gmr72,rank_reward,core_5,A_to_C_to_B,False,False,1,1,3,-1,False,False,True,False,True,0.028082857269892448,-0.6635147882638158,0.8615991293016473,0.6972155289237076
combined_c_fes_gmr72,rank_reward,no_phase_only,A_to_C_to_B,False,False,1,1,3,-1,False,False,True,False,True,0.02744434064366231,-0.6741271623693958,0.7271442743546431,0.5830700097938942
fes_string_conditioned,rank_reward,full,B_to_C_to_A,False,False,0,1,2,-1,False,False,False,False,True,0.013518365353684924,-0.7199521658516409,1.2102251096658727,1.0085209247215594
fes_string_conditioned,rank_reward,no_suppress,B_to_C_to_A,False,False,0,1,2,-1,False,False,False,False,True,0.01319369815866929,-0.7143541578818177,1.3484291169176221,1.123690930764685
fes_string_conditioned,rank_reward,no_phase_only,A_to_C_to_B,False,False,0,1,2,-1,False,False,False,False,True,0.012546978542891513,-0.6900161861791676,1.1933039659235756,0.9944199716029797
fes_string_conditioned,rank_reward,core_5,A_to_C_to_B,False,False,0,1,2,-1,False,False,False,False,True,0.012226954419470352,-0.6800647762565081,1.363478177143752,1.1362318142864636
fes_string_conditioned,rank_reward,no_phase_only,B_to_C_to_A,False,False,0,1,2,-1,False,False,False,False,True,0.009812111301445044,-0.7045066031737759,1.1933039659235756,0.9944199716029797
fes_string_conditioned,rank_reward,core_5,B_to_C_to_A,False,False,0,1,2,-1,False,False,False,False,True,0.008777454496541333,-0.6948929266397651,1.363478177143752,1.1362318142864636
fes_string_conditioned,z_reward,full,A_to_C_to_B,False,False,0,1,2,-1,False,False,False,False,True,0.008414338056225337,-0.7151615305913658,0.987233007190411,0.8226941726586772
fes_string_conditioned,z_reward,no_suppress,A_to_C_to_B,False,False,0,1,2,-1,False,False,False,False,True,0.008220871754890592,-0.7139829366691688,1.2022065865188927,1.001838822099078
fes_string_conditioned,z_reward,no_phase_only,A_to_C_to_B,False,False,0,1,2,-1,False,False,False,False,True,0.005291722501503047,-0.6912502906577613,1.0495167524369298,0.8745972936974382
fes_string_conditioned,z_reward,full,B_to_C_to_A,False,False,0,1,2,-1,False,False,False,False,True,0.00428843781093891,-0.7291747280009727,0.987233007190411,0.8226941726586772
fes_string_conditioned,z_reward,no_suppress,B_to_C_to_A,False,False,0,1,2,-1,False,False,False,False,True,0.003757903156268432,-0.7284304856203497,1.2022065865188927,1.001838822099078
fes_string_conditioned,gmr72_bridge_composite,full,B_to_C_to_A,False,False,0,1,2,-1,False,False,False,False,True,0.002532847834949839,-0.2770732435662975,1.355837485868311,1.1298645715569307
fes_string_conditioned,gmr72_bridge_composite,no_suppress,B_to_C_to_A,False,False,0,1,2,-1,False,False,False,False,True,0.002332059979385367,-0.2723472207726736,1.5231952065949155,1.2693293388290914
fes_string_conditioned,gmr72_bridge_composite,no_phase_only,B_to_C_to_A,False,False,0,1,2,-1,False,False,False,False,True,0.0022643458578630415,-0.27203998711114746,1.3561394706387027,1.1301162255322543
fes_string_conditioned,gmr72_bridge_composite,core_5,B_to_C_to_A,False,False,0,1,2,-1,False,False,False,False,True,0.0019489582765253345,-0.26357727226360816,1.4451200116790317,1.20426667639919
fes_string_conditioned,z_reward,no_phase_only,B_to_C_to_A,False,False,0,1,2,-1,False,False,False,False,True,0.001406392690577207,-0.7073789530791975,1.0495167524369298,0.8745972936974382
fes_string_conditioned,z_reward,core_5,B_to_C_to_A,False,False,0,1,2,-1,False,False,False,False,True,0.00020010745900187198,-0.7043550063269007,1.3080110040334563,1.0900091700278796
combined_c_fes_gmr72,rank_reward,no_suppress,A_to_C_to_B,False,False,0,1,3,-2,False,False,False,False,True,0.02459919535311907,-0.6936324915761415,0.7178540305289677,0.5803566118455148
combined_c_fes_gmr72,rank_reward,full,A_to_C_to_B,False,False,0,1,3,-2,False,False,False,False,True,0.02393569033090709,-0.7004877284656877,0.6307397980195961,0.5051896726693629
combined_c_fes_gmr72,rank_reward,core_5,B_to_C_to_A,False,False,0,1,3,-2,False,False,False,False,True,0.022035145031219918,-0.6808957071831089,0.8615991293016473,0.6972155289237076
combined_c_fes_gmr72,rank_reward,no_phase_only,B_to_C_to_A,False,False,0,1,3,-2,False,False,False,False,True,0.021743547310869436,-0.6908850079050279,0.7271442743546431,0.5830700097938942
combined_c_fes_gmr72,rank_reward,no_suppress,B_to_C_to_A,False,False,0,1,3,-2,False,False,False,False,True,0.018409573181455346,-0.7068668012869554,0.7178540305289677,0.5803566118455148
combined_c_fes_gmr72,rank_reward,full,B_to_C_to_A,False,False,0,1,3,-2,False,False,False,False,True,0.01781342417239006,-0.7132462343589971,0.6307397980195961,0.5051896726693629
combined_c_fes_gmr72,z_reward,core_5,A_to_C_to_B,False,False,0,1,3,-2,False,False,False,False,True,0.01612262299713968,-0.6706549349880324,0.9111016265651083,0.7391355735714641
combined_c_fes_gmr72,z_reward,core_5,B_to_C_to_A,False,False,0,1,3,-2,False,False,False,False,True,0.016077990696768178,-0.6868307053208713,0.9111016265651083,0.7391355735714641
combined_c_fes_gmr72,z_reward,no_phase_only,A_to_C_to_B,False,False,0,1,3,-2,False,False,False,False,True,0.015931974152035518,-0.6749396341686875,0.7942593774549361,0.6395771334559965
combined_c_fes_gmr72,z_reward,no_phase_only,B_to_C_to_A,False,False,0,1,3,-2,False,False,False,False,True,0.015699222839796533,-0.6905805370299812,0.7942593774549361,0.6395771334559965
combined_c_fes_gmr72,z_reward,no_suppress,B_to_C_to_A,False,False,0,1,3,-2,False,False,False,False,True,0.013531622736659704,-0.7158075832918707,0.7695856707678875,0.620092045369891
combined_c_fes_gmr72,z_reward,full,B_to_C_to_A,False,False,0,1,3,-2,False,False,False,False,True,0.013022167506687258,-0.7174018570311886,0.7502132994286822,0.6027504572719956
combined_c_fes_gmr72,z_reward,no_suppress,A_to_C_to_B,False,False,0,1,3,-2,False,False,False,False,True,0.01198845250209896,-0.705753155575589,0.7695856707678875,0.620092045369891
combined_c_fes_gmr72,z_reward,full,A_to_C_to_B,False,False,0,1,3,-2,False,False,False,False,True,0.011970063222368882,-0.7076773959549929,0.7502132994286822,0.6027504572719956
combined_c_fes_gmr72,gmr72_bridge_composite,no_phase_only,B_to_C_to_A,False,False,0,1,3,-2,False,False,False,False,True,0.0010305415289362087,-0.2740237145732246,1.3066493913131039,1.0677003748582883
combined_c_fes_gmr72,gmr72_bridge_composite,core_5,B_to_C_to_A,False,False,0,1,3,-2,False,False,False,False,True,0.0008338398898910599,-0.26537569104375885,1.2905530208066993,1.0527472852196456
fes_string_conditioned,z_reward,core_5,A_to_C_to_B,False,False,0,0,2,-2,False,False,False,False,False,0.004789163995961766,-0.6877924612490347,1.3080110040334563,1.0900091700278796
combined_c_fes_gmr72,gmr72_bridge_composite,core_5,A_to_C_to_B,False,False,0,0,3,-3,False,False,False,False,False,0.0034595320045601287,-0.2603430401365464,1.2905530208066993,1.0527472852196456
combined_c_fes_gmr72,gmr72_bridge_composite,no_phase_only,A_to_C_to_B,False,False,0,0,3,-3,False,False,False,False,False,0.0032782082385349478,-0.2686047495130229,1.3066493913131039,1.0677003748582883
combined_c_fes_gmr72,gmr72_bridge_composite,no_suppress,A_to_C_to_B,False,False,0,0,3,-3,False,False,False,False,False,0.0029365930488127723,-0.2703175984476951,1.3075759862828107,1.0694638952425122
combined_c_fes_gmr72,gmr72_bridge_composite,full,A_to_C_to_B,False,False,0,0,3,-3,False,False,False,False,False,0.0025713159510285704,-0.27560714915150314,1.3435117076080232,1.1002876607676388
combined_c_fes_gmr72,gmr72_bridge_composite,no_suppress,B_to_C_to_A,False,False,0,0,3,-3,False,False,False,False,False,0.0006904965868180593,-0.27495810505549023,1.3075759862828107,1.0694638952425122
combined_c_fes_gmr72,gmr72_bridge_composite,full,B_to_C_to_A,False,False,0,0,3,-3,False,False,False,False,False,0.0006596723011549313,-0.2802271600213212,1.3435117076080232,1.1002876607676388
