topology_arm,comparison,left_arm,right_arm,mean_delta,median_delta,sd_delta,left_win_fraction,bootstrap_ci_low,bootstrap_ci_high,classification,base_topology,perturbation_kind,node_count_n,distance_from_12,signed_distance_from_12,is_odd,edge_count,is_ring_sharing,is_reversed,is_null
c8,full_minus_reverse,full_self_consistent_rstar,reverse_only_c_to_ab,-0.004707537156492543,-0.004970466128519806,0.0042545997663096255,0.05555555555555555,-0.0060111026477154324,-0.0031803715259995737,reverse-stable,c8,sweep,8,4,-4,False,32,False,False,False
c8,receiver_minus_reverse,c_to_ab_receiver_only,reverse_only_c_to_ab,0.004730383165682719,0.005017934557772351,0.008032904341803657,0.6944444444444444,0.0021744855104276753,0.00734967067685353,left-stable,c8,sweep,8,4,-4,False,32,False,False,False
c8,magnitude_minus_reverse,c_to_ab_magnitude_only,reverse_only_c_to_ab,-0.006247211929398939,-0.006232779736300498,0.0045423194074763595,0.027777777777777776,-0.007693918127381352,-0.004649011599837908,right-stable,c8,sweep,8,4,-4,False,32,False,False,False
c8,standpoint_minus_reverse,c_to_ab_standpoint_only,reverse_only_c_to_ab,-0.006247211929398939,-0.006232779736300498,0.0045423194074763595,0.027777777777777776,-0.00768564984540023,-0.004724332968297604,right-stable,c8,sweep,8,4,-4,False,32,False,False,False
c9,full_minus_reverse,full_self_consistent_rstar,reverse_only_c_to_ab,-0.00015600182204748706,-0.00040571185446879585,0.0024555086135106255,0.4722222222222222,-0.0009157490393244619,0.0006751898004425405,boundary,c9,sweep,9,3,-3,True,36,False,False,False
c9,receiver_minus_reverse,c_to_ab_receiver_only,reverse_only_c_to_ab,0.000556372308075601,0.0001365214872702604,0.003335487971681985,0.5555555555555556,-0.0005312630624259533,0.0016010402387951473,boundary,c9,sweep,9,3,-3,True,36,False,False,False
c9,magnitude_minus_reverse,c_to_ab_magnitude_only,reverse_only_c_to_ab,-0.0007316872439738294,-0.0014379703370615482,0.003687522873735281,0.2777777777777778,-0.001916300312413941,0.000493609401996422,boundary,c9,sweep,9,3,-3,True,36,False,False,False
c9,standpoint_minus_reverse,c_to_ab_standpoint_only,reverse_only_c_to_ab,-0.0007316872439738294,-0.0014379703370615482,0.003687522873735281,0.2777777777777778,-0.001879015302834771,0.0004672226212077608,boundary,c9,sweep,9,3,-3,True,36,False,False,False
c10,full_minus_reverse,full_self_consistent_rstar,reverse_only_c_to_ab,0.00014643711446370552,-9.893236357209814e-05,0.0028465282814008524,0.4722222222222222,-0.0008143757392624441,0.0010538276956574247,boundary,c10,sweep,10,2,-2,False,40,False,False,False
c10,receiver_minus_reverse,c_to_ab_receiver_only,reverse_only_c_to_ab,0.0021606957568971953,0.0026579419660165138,0.003926717883602606,0.6944444444444444,0.0007961902031181561,0.003417050277636606,left-stable,c10,sweep,10,2,-2,False,40,False,False,False
c10,magnitude_minus_reverse,c_to_ab_magnitude_only,reverse_only_c_to_ab,-0.0010706229069669595,-0.0009189083776939568,0.0024688211818437657,0.3055555555555556,-0.0018464210339771809,-0.00027674283882608245,right-stable,c10,sweep,10,2,-2,False,40,False,False,False
c10,standpoint_minus_reverse,c_to_ab_standpoint_only,reverse_only_c_to_ab,-0.0010706229069669595,-0.0009189083776939568,0.0024688211818437657,0.3055555555555556,-0.0018721558896351211,-0.0002990290558727404,right-stable,c10,sweep,10,2,-2,False,40,False,False,False
c11,full_minus_reverse,full_self_consistent_rstar,reverse_only_c_to_ab,1.5328161397065247e-05,-0.0004203030156357474,0.0034254148202004582,0.4722222222222222,-0.0011081140319892395,0.0011094582697948943,boundary,c11,sweep,11,1,-1,True,44,False,False,False
c11,receiver_minus_reverse,c_to_ab_receiver_only,reverse_only_c_to_ab,0.0037606512750943183,0.004204748372294188,0.0066980432560607844,0.6944444444444444,0.001620839096993016,0.005834192655993294,left-stable,c11,sweep,11,1,-1,True,44,False,False,False
c11,magnitude_minus_reverse,c_to_ab_magnitude_only,reverse_only_c_to_ab,0.0023452308809988162,0.001403666975496003,0.004643381538803619,0.5833333333333334,0.0008361166093932264,0.0038709002951664074,left-stable,c11,sweep,11,1,-1,True,44,False,False,False
c11,standpoint_minus_reverse,c_to_ab_standpoint_only,reverse_only_c_to_ab,0.0023452308809988162,0.001403666975496003,0.004643381538803619,0.5833333333333334,0.0008221477101290409,0.003870247349448735,left-stable,c11,sweep,11,1,-1,True,44,False,False,False
c12,full_minus_reverse,full_self_consistent_rstar,reverse_only_c_to_ab,-0.004485799567179342,-0.0043943210685787135,0.0034983740329806176,0.05555555555555555,-0.005654719123585501,-0.0033631294509038493,reverse-stable,c12,sweep,12,0,0,False,48,False,False,False
c12,receiver_minus_reverse,c_to_ab_receiver_only,reverse_only_c_to_ab,0.0028863018471288293,0.0029593986316062693,0.0028942188291028233,0.8333333333333334,0.001894519482489205,0.0038014971524087033,left-stable,c12,sweep,12,0,0,False,48,False,False,False
c12,magnitude_minus_reverse,c_to_ab_magnitude_only,reverse_only_c_to_ab,-0.0060202808613778434,-0.005330665269767517,0.003533297718206142,0.0,-0.007130429277820985,-0.004934961002296463,right-stable,c12,sweep,12,0,0,False,48,False,False,False
c12,standpoint_minus_reverse,c_to_ab_standpoint_only,reverse_only_c_to_ab,-0.0060202808613778434,-0.005330665269767517,0.003533297718206142,0.0,-0.0072015082971514455,-0.004837387687683914,right-stable,c12,sweep,12,0,0,False,48,False,False,False
c13,full_minus_reverse,full_self_consistent_rstar,reverse_only_c_to_ab,0.002647637560376963,0.0027810186313598547,0.00277933248849285,0.8333333333333334,0.0017669224682359973,0.0035387672446484824,full-stable,c13,sweep,13,1,1,True,52,False,False,False
c13,receiver_minus_reverse,c_to_ab_receiver_only,reverse_only_c_to_ab,-0.003018960912047978,-0.002942037211684021,0.002700804118880472,0.1388888888888889,-0.003869632824869867,-0.002139190740589722,right-stable,c13,sweep,13,1,1,True,52,False,False,False
c13,magnitude_minus_reverse,c_to_ab_magnitude_only,reverse_only_c_to_ab,0.0028268406826765582,0.003271216545807817,0.0027557169609206244,0.8888888888888888,0.001898644365492994,0.0037168685358533416,left-stable,c13,sweep,13,1,1,True,52,False,False,False
c13,standpoint_minus_reverse,c_to_ab_standpoint_only,reverse_only_c_to_ab,0.0028268406826765582,0.003271216545807817,0.0027557169609206244,0.8888888888888888,0.0019056292453622228,0.0036049125420714594,left-stable,c13,sweep,13,1,1,True,52,False,False,False
c14,full_minus_reverse,full_self_consistent_rstar,reverse_only_c_to_ab,0.000657284044251341,0.0007014039893039681,0.002003624440726313,0.5833333333333334,1.7213553396760166e-06,0.0012800945653080812,full-stable,c14,sweep,14,2,2,False,56,False,False,False
c14,receiver_minus_reverse,c_to_ab_receiver_only,reverse_only_c_to_ab,-0.0018644117100843007,-0.0016760125858516558,0.002270065961357702,0.2222222222222222,-0.002648560328043849,-0.0011793817378399072,right-stable,c14,sweep,14,2,2,False,56,False,False,False
c14,magnitude_minus_reverse,c_to_ab_magnitude_only,reverse_only_c_to_ab,0.0018517724329636812,0.0019334629299929897,0.001765196301421834,0.7777777777777778,0.0012684208011458926,0.0024196871918947577,left-stable,c14,sweep,14,2,2,False,56,False,False,False
c14,standpoint_minus_reverse,c_to_ab_standpoint_only,reverse_only_c_to_ab,0.0018517724329636812,0.0019334629299929897,0.001765196301421834,0.7777777777777778,0.001282248952594113,0.0023921694574032463,left-stable,c14,sweep,14,2,2,False,56,False,False,False
c15,full_minus_reverse,full_self_consistent_rstar,reverse_only_c_to_ab,-0.0003909338657384039,-0.0007074967099377693,0.0025391088464629644,0.4444444444444444,-0.0012334792303282597,0.0004556469801436214,boundary,c15,sweep,15,3,3,True,60,False,False,False
c15,receiver_minus_reverse,c_to_ab_receiver_only,reverse_only_c_to_ab,0.001026030750323827,0.0011225500660158967,0.0019948226672219355,0.6111111111111112,0.00039069205416387325,0.0017170261064025658,left-stable,c15,sweep,15,3,3,True,60,False,False,False
c15,magnitude_minus_reverse,c_to_ab_magnitude_only,reverse_only_c_to_ab,0.0005472788945373159,0.0004649191443635343,0.0022485361465619733,0.6388888888888888,-0.00020467668796076693,0.0012733785903527126,boundary,c15,sweep,15,3,3,True,60,False,False,False
c15,standpoint_minus_reverse,c_to_ab_standpoint_only,reverse_only_c_to_ab,0.0005472788945373159,0.0004649191443635343,0.0022485361465619733,0.6388888888888888,-0.00018635927089897736,0.0012614326287009778,boundary,c15,sweep,15,3,3,True,60,False,False,False
c16,full_minus_reverse,full_self_consistent_rstar,reverse_only_c_to_ab,0.0009116453733583268,0.0003469701287771814,0.0020306565915240156,0.6388888888888888,0.000281820370687038,0.0015802742234054437,full-stable,c16,sweep,16,4,4,False,64,False,False,False
c16,receiver_minus_reverse,c_to_ab_receiver_only,reverse_only_c_to_ab,0.0012237160579421278,0.001563420251846706,0.002077083058258254,0.75,0.0005503503855661944,0.0018634257542570767,left-stable,c16,sweep,16,4,4,False,64,False,False,False
c16,magnitude_minus_reverse,c_to_ab_magnitude_only,reverse_only_c_to_ab,0.002338640721241751,0.0020577894470693277,0.0017455471667809708,0.9444444444444444,0.0017552434055497154,0.0029102113849688977,left-stable,c16,sweep,16,4,4,False,64,False,False,False
c16,standpoint_minus_reverse,c_to_ab_standpoint_only,reverse_only_c_to_ab,0.002338640721241751,0.0020577894470693277,0.0017455471667809708,0.9444444444444444,0.0017640638570103461,0.002921139530035535,left-stable,c16,sweep,16,4,4,False,64,False,False,False
c10_reversed,full_minus_reverse,full_self_consistent_rstar,reverse_only_c_to_ab,-0.0001618053416596698,-0.0002601846851103184,0.0026001699860179997,0.4444444444444444,-0.0009785301230461978,0.0006825474618526615,boundary,c10,reversed,10,2,-2,False,40,False,True,False
c10_reversed,receiver_minus_reverse,c_to_ab_receiver_only,reverse_only_c_to_ab,0.0015400930167433309,0.002252860322894459,0.0045181325013411945,0.6666666666666666,6.0260802919962196e-05,0.003017704894419639,left-stable,c10,reversed,10,2,-2,False,40,False,True,False
c10_reversed,magnitude_minus_reverse,c_to_ab_magnitude_only,reverse_only_c_to_ab,-0.001475583443778042,-0.0012961336559839819,0.0024096540096157438,0.2222222222222222,-0.0022473922145044207,-0.0007008064104523621,right-stable,c10,reversed,10,2,-2,False,40,False,True,False
c10_reversed,standpoint_minus_reverse,c_to_ab_standpoint_only,reverse_only_c_to_ab,-0.001475583443778042,-0.0012961336559839819,0.0024096540096157438,0.2222222222222222,-0.0022478559978719326,-0.0007051478284994109,right-stable,c10,reversed,10,2,-2,False,40,False,True,False
c10_side_broken,full_minus_reverse,full_self_consistent_rstar,reverse_only_c_to_ab,0.0041123907225288445,0.0042243551282507815,0.002274406243822468,1.0,0.0033412045525837144,0.004872810933797183,full-stable,c10,side_broken,10,2,-2,False,40,False,False,False
c10_side_broken,receiver_minus_reverse,c_to_ab_receiver_only,reverse_only_c_to_ab,-0.004080992795975734,-0.003715303637648242,0.0022984917927732318,0.027777777777777776,-0.004867151540847496,-0.0033860889886820353,right-stable,c10,side_broken,10,2,-2,False,40,False,False,False
c10_side_broken,magnitude_minus_reverse,c_to_ab_magnitude_only,reverse_only_c_to_ab,0.005507621372223862,0.005022729740207463,0.002269151277556259,1.0,0.004801260113278831,0.006256883619495949,left-stable,c10,side_broken,10,2,-2,False,40,False,False,False
c10_side_broken,standpoint_minus_reverse,c_to_ab_standpoint_only,reverse_only_c_to_ab,0.005507621372223862,0.005022729740207463,0.002269151277556259,1.0,0.0047829708213611,0.0062444706347600425,left-stable,c10,side_broken,10,2,-2,False,40,False,False,False
c10_shuffled,full_minus_reverse,full_self_consistent_rstar,reverse_only_c_to_ab,0.0002668087713661282,0.0003384282378594547,0.0024560904303105417,0.6388888888888888,-0.0005574621580216012,0.0010291652290137137,boundary,c10,shuffled,10,2,-2,False,40,False,False,False
c10_shuffled,receiver_minus_reverse,c_to_ab_receiver_only,reverse_only_c_to_ab,0.004796893867605215,0.005269980935390235,0.0031371264695049437,0.9722222222222222,0.0037919824579690084,0.00579933472383949,left-stable,c10,shuffled,10,2,-2,False,40,False,False,False
c10_shuffled,magnitude_minus_reverse,c_to_ab_magnitude_only,reverse_only_c_to_ab,0.0016875642861103129,0.001512785448814544,0.0024179154714345807,0.75,0.0008885855194005943,0.0024833243189203084,left-stable,c10,shuffled,10,2,-2,False,40,False,False,False
c10_shuffled,standpoint_minus_reverse,c_to_ab_standpoint_only,reverse_only_c_to_ab,0.0016875642861103129,0.001512785448814544,0.0024179154714345807,0.75,0.0009106208552129512,0.0024673825396319365,left-stable,c10,shuffled,10,2,-2,False,40,False,False,False
c10_degree_null,full_minus_reverse,full_self_consistent_rstar,reverse_only_c_to_ab,-0.005206938883737573,-0.005223647595984966,0.00243259499844357,0.0,-0.005985030095782545,-0.004426490921695479,reverse-stable,c10,degree_null,10,2,-2,False,40,False,False,True
c10_degree_null,receiver_minus_reverse,c_to_ab_receiver_only,reverse_only_c_to_ab,-0.0020488363713746603,-0.0024307469108398715,0.003835001043183198,0.3055555555555556,-0.003283812120165665,-0.0008021884109399137,right-stable,c10,degree_null,10,2,-2,False,40,False,False,True
c10_degree_null,magnitude_minus_reverse,c_to_ab_magnitude_only,reverse_only_c_to_ab,-0.004255732553554099,-0.004468089831858892,0.0026410051268930907,0.05555555555555555,-0.0051484344207371,-0.0034098344673438113,right-stable,c10,degree_null,10,2,-2,False,40,False,False,True
c10_degree_null,standpoint_minus_reverse,c_to_ab_standpoint_only,reverse_only_c_to_ab,-0.004255732553554099,-0.004468089831858892,0.0026410051268930907,0.05555555555555555,-0.00514807103247523,-0.003385997095527456,right-stable,c10,degree_null,10,2,-2,False,40,False,False,True
c10_edge_count_null,full_minus_reverse,full_self_consistent_rstar,reverse_only_c_to_ab,-0.0007218326879154512,-0.0006060307300177559,0.003244528394176855,0.4444444444444444,-0.0017620446015817579,0.0003193249917626108,boundary,c10,edge_count_null,10,2,-2,False,40,False,False,True
c10_edge_count_null,receiver_minus_reverse,c_to_ab_receiver_only,reverse_only_c_to_ab,0.003492420121407213,0.003984573985358478,0.004273688864508789,0.8055555555555556,0.0021601258723319854,0.00490443981402819,left-stable,c10,edge_count_null,10,2,-2,False,40,False,False,True
c10_edge_count_null,magnitude_minus_reverse,c_to_ab_magnitude_only,reverse_only_c_to_ab,-0.0006235106833128953,-0.0005296853393821712,0.0035234799817259028,0.4444444444444444,-0.0017659640862475662,0.00048325290936581994,boundary,c10,edge_count_null,10,2,-2,False,40,False,False,True
c10_edge_count_null,standpoint_minus_reverse,c_to_ab_standpoint_only,reverse_only_c_to_ab,-0.0006235106833128953,-0.0005296853393821712,0.0035234799817259028,0.4444444444444444,-0.0017725648152305097,0.0005202034683611216,boundary,c10,edge_count_null,10,2,-2,False,40,False,False,True
c10_ring_share_5,full_minus_reverse,full_self_consistent_rstar,reverse_only_c_to_ab,0.0004615519682978857,-0.00016292508510398166,0.002142213330955508,0.5,-0.00022102490525591505,0.0011720700182687,boundary,c10,ring_share_5,10,2,-2,False,50,True,False,False
c10_ring_share_5,receiver_minus_reverse,c_to_ab_receiver_only,reverse_only_c_to_ab,0.0010660925923131268,0.0008930770696580671,0.0030811608844109875,0.6388888888888888,2.7740402601176473e-05,0.0020740303959122046,left-stable,c10,ring_share_5,10,2,-2,False,50,True,False,False
c10_ring_share_5,magnitude_minus_reverse,c_to_ab_magnitude_only,reverse_only_c_to_ab,-0.0026399718135834116,-0.002478406546242283,0.001977696176286951,0.027777777777777776,-0.003315580803011773,-0.001998233615964856,right-stable,c10,ring_share_5,10,2,-2,False,50,True,False,False
c10_ring_share_5,standpoint_minus_reverse,c_to_ab_standpoint_only,reverse_only_c_to_ab,-0.0026399718135834116,-0.002478406546242283,0.001977696176286951,0.027777777777777776,-0.0032937000508875265,-0.002025209422110342,right-stable,c10,ring_share_5,10,2,-2,False,50,True,False,False
c10_ring_share_7,full_minus_reverse,full_self_consistent_rstar,reverse_only_c_to_ab,0.001729417995076966,0.0014810501323162736,0.0022589281728964817,0.8055555555555556,0.0009730574400517308,0.0024631588882417016,full-stable,c10,ring_share_7,10,2,-2,False,60,True,False,False
c10_ring_share_7,receiver_minus_reverse,c_to_ab_receiver_only,reverse_only_c_to_ab,0.002471895410655165,0.002653102354707596,0.0038762493609162665,0.6666666666666666,0.0011926173816743562,0.003702690794482178,left-stable,c10,ring_share_7,10,2,-2,False,60,True,False,False
c10_ring_share_7,magnitude_minus_reverse,c_to_ab_magnitude_only,reverse_only_c_to_ab,4.38454429774969e-06,0.0007108116946808636,0.0027160930091143084,0.5833333333333334,-0.0008970681491022614,0.0008603330398928425,boundary,c10,ring_share_7,10,2,-2,False,60,True,False,False
c10_ring_share_7,standpoint_minus_reverse,c_to_ab_standpoint_only,reverse_only_c_to_ab,4.38454429774969e-06,0.0007108116946808636,0.0027160930091143084,0.5833333333333334,-0.000946806008669114,0.0008820754452538348,boundary,c10,ring_share_7,10,2,-2,False,60,True,False,False
c10_ring_share_10,full_minus_reverse,full_self_consistent_rstar,reverse_only_c_to_ab,0.0001056811254580008,0.0006938108993646538,0.0023603213866764017,0.5555555555555556,-0.0006821702314065729,0.0008482734328939748,boundary,c10,ring_share_10,10,2,-2,False,40,True,False,False
c10_ring_share_10,receiver_minus_reverse,c_to_ab_receiver_only,reverse_only_c_to_ab,0.001993324887833985,0.002364350464586006,0.004473865796758148,0.6666666666666666,0.000501643943308552,0.0034488631609689313,left-stable,c10,ring_share_10,10,2,-2,False,40,True,False,False
c10_ring_share_10,magnitude_minus_reverse,c_to_ab_magnitude_only,reverse_only_c_to_ab,-0.001181658727540684,-0.0016369658048904245,0.0028778991896387515,0.25,-0.002134757856211539,-0.0002303020903330029,right-stable,c10,ring_share_10,10,2,-2,False,40,True,False,False
c10_ring_share_10,standpoint_minus_reverse,c_to_ab_standpoint_only,reverse_only_c_to_ab,-0.001181658727540684,-0.0016369658048904245,0.0028778991896387515,0.25,-0.0021500625685219534,-0.00021161989684129298,right-stable,c10,ring_share_10,10,2,-2,False,40,True,False,False
c10_ring_share_11,full_minus_reverse,full_self_consistent_rstar,reverse_only_c_to_ab,0.0006725379925218478,0.00017658481437699447,0.0023374592140239297,0.5277777777777778,-6.604567047572273e-05,0.0014560536637217324,boundary,c10,ring_share_11,10,2,-2,False,40,True,False,False
c10_ring_share_11,receiver_minus_reverse,c_to_ab_receiver_only,reverse_only_c_to_ab,0.0019115446749460839,0.0025175467516787694,0.0033618127411176994,0.75,0.0008449635068420875,0.002961103078208362,left-stable,c10,ring_share_11,10,2,-2,False,40,True,False,False
c10_ring_share_11,magnitude_minus_reverse,c_to_ab_magnitude_only,reverse_only_c_to_ab,-0.002324489026294715,-0.0020111292566253936,0.0028159360117571684,0.19444444444444445,-0.003218203712118551,-0.0013969291636607218,right-stable,c10,ring_share_11,10,2,-2,False,40,True,False,False
c10_ring_share_11,standpoint_minus_reverse,c_to_ab_standpoint_only,reverse_only_c_to_ab,-0.002324489026294715,-0.0020111292566253936,0.0028159360117571684,0.19444444444444445,-0.0032557049504368745,-0.001392395222689262,right-stable,c10,ring_share_11,10,2,-2,False,40,True,False,False
c12_reversed,full_minus_reverse,full_self_consistent_rstar,reverse_only_c_to_ab,-0.0037682451846607484,-0.003758433640361769,0.0031648690465289294,0.1111111111111111,-0.004864101976292966,-0.002765780262169419,reverse-stable,c12,reversed,12,0,0,False,48,False,True,False
c12_reversed,receiver_minus_reverse,c_to_ab_receiver_only,reverse_only_c_to_ab,0.0036735582231132245,0.0035137876084674387,0.0032751723662322574,0.8611111111111112,0.0026271827355755827,0.004779002988689895,left-stable,c12,reversed,12,0,0,False,48,False,True,False
c12_reversed,magnitude_minus_reverse,c_to_ab_magnitude_only,reverse_only_c_to_ab,-0.005560029495507614,-0.00577912362456,0.0034955264167874874,0.05555555555555555,-0.006701327531954942,-0.004348143881225596,right-stable,c12,reversed,12,0,0,False,48,False,True,False
c12_reversed,standpoint_minus_reverse,c_to_ab_standpoint_only,reverse_only_c_to_ab,-0.005560029495507614,-0.00577912362456,0.0034955264167874874,0.05555555555555555,-0.0066703012544939745,-0.004409661275641734,right-stable,c12,reversed,12,0,0,False,48,False,True,False
c12_side_broken,full_minus_reverse,full_self_consistent_rstar,reverse_only_c_to_ab,0.0036945403863254955,0.0044525183796605295,0.0024936403445708372,0.9166666666666666,0.00290116930882437,0.004469258068182951,full-stable,c12,side_broken,12,0,0,False,48,False,False,False
c12_side_broken,receiver_minus_reverse,c_to_ab_receiver_only,reverse_only_c_to_ab,0.00021691387547942805,0.0002921607873392973,0.0032020571940521068,0.5555555555555556,-0.0008663457241498031,0.0012683056851997953,boundary,c12,side_broken,12,0,0,False,48,False,False,False
c12_side_broken,magnitude_minus_reverse,c_to_ab_magnitude_only,reverse_only_c_to_ab,0.0036712870553254322,0.003713703611408193,0.0026508699609125845,0.9166666666666666,0.0027796050888376097,0.004559889530566479,left-stable,c12,side_broken,12,0,0,False,48,False,False,False
c12_side_broken,standpoint_minus_reverse,c_to_ab_standpoint_only,reverse_only_c_to_ab,0.0036712870553254322,0.003713703611408193,0.0026508699609125845,0.9166666666666666,0.0028558384051153795,0.004532149427416627,left-stable,c12,side_broken,12,0,0,False,48,False,False,False
c12_shuffled,full_minus_reverse,full_self_consistent_rstar,reverse_only_c_to_ab,-0.002824942513068923,-0.002895934509778675,0.002578429260443478,0.1388888888888889,-0.0037044973992257746,-0.0020247461378792514,reverse-stable,c12,shuffled,12,0,0,False,48,False,False,False
c12_shuffled,receiver_minus_reverse,c_to_ab_receiver_only,reverse_only_c_to_ab,0.006927743429245298,0.006894079486893134,0.0030471444637446446,1.0,0.0059224143678360715,0.00790299605701329,left-stable,c12,shuffled,12,0,0,False,48,False,False,False
c12_shuffled,magnitude_minus_reverse,c_to_ab_magnitude_only,reverse_only_c_to_ab,-0.0035288556803064574,-0.003353715764741121,0.002181131430475507,0.0,-0.0042237581823647875,-0.0028262741211677,right-stable,c12,shuffled,12,0,0,False,48,False,False,False
c12_shuffled,standpoint_minus_reverse,c_to_ab_standpoint_only,reverse_only_c_to_ab,-0.0035288556803064574,-0.003353715764741121,0.002181131430475507,0.0,-0.004227959006246724,-0.002838244021480057,right-stable,c12,shuffled,12,0,0,False,48,False,False,False
c12_degree_null,full_minus_reverse,full_self_consistent_rstar,reverse_only_c_to_ab,-0.0021366045400590524,-0.0021485132891222412,0.002648897870077126,0.2222222222222222,-0.0029409194897683844,-0.0012574906001782881,reverse-stable,c12,degree_null,12,0,0,False,48,False,False,True
c12_degree_null,receiver_minus_reverse,c_to_ab_receiver_only,reverse_only_c_to_ab,0.01165020722818545,0.012376775638045089,0.0025235754384445776,1.0,0.010854587335979842,0.012463093492194915,left-stable,c12,degree_null,12,0,0,False,48,False,False,True
c12_degree_null,magnitude_minus_reverse,c_to_ab_magnitude_only,reverse_only_c_to_ab,-0.0013951868286123312,-0.00071540153514681,0.0024822129400677803,0.3611111111111111,-0.0022081552199517255,-0.0005760921774566526,right-stable,c12,degree_null,12,0,0,False,48,False,False,True
c12_degree_null,standpoint_minus_reverse,c_to_ab_standpoint_only,reverse_only_c_to_ab,-0.0013951868286123312,-0.00071540153514681,0.0024822129400677803,0.3611111111111111,-0.002197415208781338,-0.0006215309981274878,right-stable,c12,degree_null,12,0,0,False,48,False,False,True
c12_edge_count_null,full_minus_reverse,full_self_consistent_rstar,reverse_only_c_to_ab,0.0006439654738914648,0.0008306702296838892,0.002312867451354641,0.6111111111111112,-0.00012012079154245465,0.0014407457322166727,boundary,c12,edge_count_null,12,0,0,False,48,False,False,True
c12_edge_count_null,receiver_minus_reverse,c_to_ab_receiver_only,reverse_only_c_to_ab,0.0069264794584911055,0.007507248291027895,0.0031121696908121676,0.9722222222222222,0.005939446234566341,0.00787404637492841,left-stable,c12,edge_count_null,12,0,0,False,48,False,False,True
c12_edge_count_null,magnitude_minus_reverse,c_to_ab_magnitude_only,reverse_only_c_to_ab,0.0009950241070101925,0.00119473033774255,0.0021925050927870645,0.6666666666666666,0.00025963513192402886,0.001688976826623656,left-stable,c12,edge_count_null,12,0,0,False,48,False,False,True
c12_edge_count_null,standpoint_minus_reverse,c_to_ab_standpoint_only,reverse_only_c_to_ab,0.0009950241070101925,0.00119473033774255,0.0021925050927870645,0.6666666666666666,0.0002876965381383391,0.0016826726323515987,left-stable,c12,edge_count_null,12,0,0,False,48,False,False,True
c12_ring_share_5,full_minus_reverse,full_self_consistent_rstar,reverse_only_c_to_ab,-0.005323998450993851,-0.00566429900205849,0.003173714211698952,0.027777777777777776,-0.006355333373170891,-0.00431289010596217,reverse-stable,c12,ring_share_5,12,0,0,False,72,True,False,False
c12_ring_share_5,receiver_minus_reverse,c_to_ab_receiver_only,reverse_only_c_to_ab,0.006937717754274081,0.007245724167458986,0.003233959473689639,0.9722222222222222,0.005893404439741125,0.007946169483652833,left-stable,c12,ring_share_5,12,0,0,False,72,True,False,False
c12_ring_share_5,magnitude_minus_reverse,c_to_ab_magnitude_only,reverse_only_c_to_ab,-0.005628230689611992,-0.005340351056542507,0.002249896031387002,0.0,-0.006359960033301366,-0.004887078277872103,right-stable,c12,ring_share_5,12,0,0,False,72,True,False,False
c12_ring_share_5,standpoint_minus_reverse,c_to_ab_standpoint_only,reverse_only_c_to_ab,-0.005628230689611992,-0.005340351056542507,0.002249896031387002,0.0,-0.006357714730783134,-0.0049074695069754705,right-stable,c12,ring_share_5,12,0,0,False,72,True,False,False
c12_ring_share_7,full_minus_reverse,full_self_consistent_rstar,reverse_only_c_to_ab,-0.005051192952251759,-0.005199150715991835,0.0026566370180119083,0.0,-0.005908445500564288,-0.004199793630994333,reverse-stable,c12,ring_share_7,12,0,0,False,72,True,False,False
c12_ring_share_7,receiver_minus_reverse,c_to_ab_receiver_only,reverse_only_c_to_ab,0.007628490142824186,0.007699116221514783,0.003282171720908799,1.0,0.006591622769810898,0.008693896830011745,left-stable,c12,ring_share_7,12,0,0,False,72,True,False,False
c12_ring_share_7,magnitude_minus_reverse,c_to_ab_magnitude_only,reverse_only_c_to_ab,-0.004750766635063957,-0.00435000282043539,0.002420718765420469,0.027777777777777776,-0.005508863890385656,-0.003963879137606862,right-stable,c12,ring_share_7,12,0,0,False,72,True,False,False
c12_ring_share_7,standpoint_minus_reverse,c_to_ab_standpoint_only,reverse_only_c_to_ab,-0.004750766635063957,-0.00435000282043539,0.002420718765420469,0.027777777777777776,-0.005542766411617687,-0.003975256230559874,right-stable,c12,ring_share_7,12,0,0,False,72,True,False,False
c12_ring_share_10,full_minus_reverse,full_self_consistent_rstar,reverse_only_c_to_ab,-0.003248150476473982,-0.003242037360302902,0.002575441164004111,0.1111111111111111,-0.004076979692343309,-0.002407218801021382,reverse-stable,c12,ring_share_10,12,0,0,False,48,True,False,False
c12_ring_share_10,receiver_minus_reverse,c_to_ab_receiver_only,reverse_only_c_to_ab,0.003870155177468188,0.003247824589578962,0.0029830247679681035,0.9444444444444444,0.002908611682364034,0.004908186239921042,left-stable,c12,ring_share_10,12,0,0,False,48,True,False,False
c12_ring_share_10,magnitude_minus_reverse,c_to_ab_magnitude_only,reverse_only_c_to_ab,-0.004881636891183375,-0.006017295130916738,0.0033718406459089176,0.1111111111111111,-0.006013538263561737,-0.0037426431127620665,right-stable,c12,ring_share_10,12,0,0,False,48,True,False,False
c12_ring_share_10,standpoint_minus_reverse,c_to_ab_standpoint_only,reverse_only_c_to_ab,-0.004881636891183375,-0.006017295130916738,0.0033718406459089176,0.1111111111111111,-0.0059234503105459226,-0.00379300233307622,right-stable,c12,ring_share_10,12,0,0,False,48,True,False,False
c12_ring_share_11,full_minus_reverse,full_self_consistent_rstar,reverse_only_c_to_ab,-0.003610357206673733,-0.003272338152236898,0.003100375444954206,0.1111111111111111,-0.0046588664491023085,-0.0026210870174678503,reverse-stable,c12,ring_share_11,12,0,0,False,48,True,False,False
c12_ring_share_11,receiver_minus_reverse,c_to_ab_receiver_only,reverse_only_c_to_ab,0.0037001187782585493,0.0032064104069440737,0.002798604457143547,0.9722222222222222,0.0027520515047100825,0.004603008246109779,left-stable,c12,ring_share_11,12,0,0,False,48,True,False,False
c12_ring_share_11,magnitude_minus_reverse,c_to_ab_magnitude_only,reverse_only_c_to_ab,-0.0052485086773925846,-0.005058437174903974,0.0037596840693687726,0.08333333333333333,-0.006515280829644416,-0.004076190462405806,right-stable,c12,ring_share_11,12,0,0,False,48,True,False,False
c12_ring_share_11,standpoint_minus_reverse,c_to_ab_standpoint_only,reverse_only_c_to_ab,-0.0052485086773925846,-0.005058437174903974,0.0037596840693687726,0.08333333333333333,-0.006427680711192956,-0.00404456745248729,right-stable,c12,ring_share_11,12,0,0,False,48,True,False,False
c13_reversed,full_minus_reverse,full_self_consistent_rstar,reverse_only_c_to_ab,0.002142824819179852,0.0021303259557330177,0.0022023732721158963,0.8611111111111112,0.0014422662328236874,0.002872001240043137,full-stable,c13,reversed,13,1,1,True,52,False,True,False
c13_reversed,receiver_minus_reverse,c_to_ab_receiver_only,reverse_only_c_to_ab,-0.004052362502445898,-0.0037737247948941453,0.0024733924861836424,0.027777777777777776,-0.004917019661637913,-0.0032882156851592173,right-stable,c13,reversed,13,1,1,True,52,False,True,False
c13_reversed,magnitude_minus_reverse,c_to_ab_magnitude_only,reverse_only_c_to_ab,0.002348939648295734,0.0019242697636746601,0.0023706557839220247,0.8333333333333334,0.001577459115206335,0.003105298508567558,left-stable,c13,reversed,13,1,1,True,52,False,True,False
c13_reversed,standpoint_minus_reverse,c_to_ab_standpoint_only,reverse_only_c_to_ab,0.002348939648295734,0.0019242697636746601,0.0023706557839220247,0.8333333333333334,0.0015539189414287456,0.003094149187765148,left-stable,c13,reversed,13,1,1,True,52,False,True,False
c13_side_broken,full_minus_reverse,full_self_consistent_rstar,reverse_only_c_to_ab,0.0038227590605215004,0.003849138257152342,0.0018418484617580984,0.9722222222222222,0.0032059775837020945,0.004406639475132765,full-stable,c13,side_broken,13,1,1,True,52,False,False,False
c13_side_broken,receiver_minus_reverse,c_to_ab_receiver_only,reverse_only_c_to_ab,-0.007740086269219275,-0.007760993161960435,0.0029687941897707515,0.0,-0.008733280701865132,-0.006764704617532414,right-stable,c13,side_broken,13,1,1,True,52,False,False,False
c13_side_broken,magnitude_minus_reverse,c_to_ab_magnitude_only,reverse_only_c_to_ab,0.00046252612104488337,0.0005021250472257912,0.0019817836384057107,0.5555555555555556,-0.0001909975551491238,0.0010954490629321756,boundary,c13,side_broken,13,1,1,True,52,False,False,False
c13_side_broken,standpoint_minus_reverse,c_to_ab_standpoint_only,reverse_only_c_to_ab,0.00046252612104488337,0.0005021250472257912,0.0019817836384057107,0.5555555555555556,-0.00019265558354153854,0.0011369862689878593,boundary,c13,side_broken,13,1,1,True,52,False,False,False
c13_shuffled,full_minus_reverse,full_self_consistent_rstar,reverse_only_c_to_ab,0.0003849666875096371,-6.069036406220721e-05,0.002806853032468369,0.5,-0.0005353239344456992,0.0012695392097039212,boundary,c13,shuffled,13,1,1,True,52,False,False,False
c13_shuffled,receiver_minus_reverse,c_to_ab_receiver_only,reverse_only_c_to_ab,-0.006154529374028074,-0.006297265640380509,0.0026306752461548997,0.0,-0.006993579116484661,-0.005263679834714515,right-stable,c13,shuffled,13,1,1,True,52,False,False,False
c13_shuffled,magnitude_minus_reverse,c_to_ab_magnitude_only,reverse_only_c_to_ab,-0.0020257354101245223,-0.0018529954428358113,0.002807197993825227,0.16666666666666666,-0.0029314598906479495,-0.0010840861203837036,right-stable,c13,shuffled,13,1,1,True,52,False,False,False
c13_shuffled,standpoint_minus_reverse,c_to_ab_standpoint_only,reverse_only_c_to_ab,-0.0020257354101245223,-0.0018529954428358113,0.002807197993825227,0.16666666666666666,-0.002902800016123152,-0.001055671940175953,right-stable,c13,shuffled,13,1,1,True,52,False,False,False
c13_degree_null,full_minus_reverse,full_self_consistent_rstar,reverse_only_c_to_ab,0.00364916812140865,0.004508573337911549,0.0029436656132344214,0.8055555555555556,0.0026795578456921395,0.0045384406066197565,full-stable,c13,degree_null,13,1,1,True,52,False,False,True
c13_degree_null,receiver_minus_reverse,c_to_ab_receiver_only,reverse_only_c_to_ab,-0.001571739377539582,-0.0019634749501496263,0.004647646624534658,0.4166666666666667,-0.0029918938600845,-3.978803122171753e-05,right-stable,c13,degree_null,13,1,1,True,52,False,False,True
c13_degree_null,magnitude_minus_reverse,c_to_ab_magnitude_only,reverse_only_c_to_ab,0.006885135047349147,0.0074877086733614985,0.00351640917256478,0.9444444444444444,0.005726997121862877,0.007943894799415561,left-stable,c13,degree_null,13,1,1,True,52,False,False,True
c13_degree_null,standpoint_minus_reverse,c_to_ab_standpoint_only,reverse_only_c_to_ab,0.006885135047349147,0.0074877086733614985,0.00351640917256478,0.9444444444444444,0.005745901490683336,0.007996659887490324,left-stable,c13,degree_null,13,1,1,True,52,False,False,True
c13_edge_count_null,full_minus_reverse,full_self_consistent_rstar,reverse_only_c_to_ab,0.0007943468001926332,0.0009689655811565053,0.0022321360322380738,0.6388888888888888,3.847038645851869e-05,0.001524852217219264,full-stable,c13,edge_count_null,13,1,1,True,52,False,False,True
c13_edge_count_null,receiver_minus_reverse,c_to_ab_receiver_only,reverse_only_c_to_ab,-0.0015571236375620696,-0.0011262921761655577,0.002710618367850216,0.2777777777777778,-0.002420175611333256,-0.0006668981939819748,right-stable,c13,edge_count_null,13,1,1,True,52,False,False,True
c13_edge_count_null,magnitude_minus_reverse,c_to_ab_magnitude_only,reverse_only_c_to_ab,-0.0001654258989253816,-0.00013510259090555865,0.00227050144126453,0.4722222222222222,-0.0009250442814424633,0.000547862717918005,boundary,c13,edge_count_null,13,1,1,True,52,False,False,True
c13_edge_count_null,standpoint_minus_reverse,c_to_ab_standpoint_only,reverse_only_c_to_ab,-0.0001654258989253816,-0.00013510259090555865,0.00227050144126453,0.4722222222222222,-0.0009608568544151885,0.000555009880265066,boundary,c13,edge_count_null,13,1,1,True,52,False,False,True
c13_ring_share_5,full_minus_reverse,full_self_consistent_rstar,reverse_only_c_to_ab,0.0022267841959522842,0.0018228380011085143,0.002481925530958434,0.8333333333333334,0.0014151866479772848,0.0030446254998955256,full-stable,c13,ring_share_5,13,1,1,True,78,True,False,False
c13_ring_share_5,receiver_minus_reverse,c_to_ab_receiver_only,reverse_only_c_to_ab,-0.00322681028363782,-0.0030207152298868407,0.002918013647849593,0.1111111111111111,-0.00419360390507342,-0.002316535082532603,right-stable,c13,ring_share_5,13,1,1,True,78,True,False,False
c13_ring_share_5,magnitude_minus_reverse,c_to_ab_magnitude_only,reverse_only_c_to_ab,0.0008001444339286104,0.0006847879326976475,0.0023609348630694122,0.6388888888888888,-8.91993145135989e-06,0.0015357131547782833,boundary,c13,ring_share_5,13,1,1,True,78,True,False,False
c13_ring_share_5,standpoint_minus_reverse,c_to_ab_standpoint_only,reverse_only_c_to_ab,0.0008001444339286104,0.0006847879326976475,0.0023609348630694122,0.6388888888888888,5.21577903630404e-05,0.0015252369972453203,left-stable,c13,ring_share_5,13,1,1,True,78,True,False,False
c13_ring_share_7,full_minus_reverse,full_self_consistent_rstar,reverse_only_c_to_ab,0.002406868303477406,0.0026626868826099374,0.0033009353295532545,0.8333333333333334,0.001375289984473523,0.0034870780443667848,full-stable,c13,ring_share_7,13,1,1,True,78,True,False,False
c13_ring_share_7,receiver_minus_reverse,c_to_ab_receiver_only,reverse_only_c_to_ab,-0.002950311072819777,-0.0026917019735539886,0.0033958437865510447,0.2222222222222222,-0.004070970772753866,-0.0018661417764727875,right-stable,c13,ring_share_7,13,1,1,True,78,True,False,False
c13_ring_share_7,magnitude_minus_reverse,c_to_ab_magnitude_only,reverse_only_c_to_ab,0.0015995340934494473,0.001530044443464784,0.0026851858455058334,0.8055555555555556,0.0006831017223426791,0.0024464517452027715,left-stable,c13,ring_share_7,13,1,1,True,78,True,False,False
c13_ring_share_7,standpoint_minus_reverse,c_to_ab_standpoint_only,reverse_only_c_to_ab,0.0015995340934494473,0.001530044443464784,0.0026851858455058334,0.8055555555555556,0.0006851098364894552,0.002450340265519611,left-stable,c13,ring_share_7,13,1,1,True,78,True,False,False
c13_ring_share_10,full_minus_reverse,full_self_consistent_rstar,reverse_only_c_to_ab,0.00245648266564911,0.0025518366476726707,0.002263020466546402,0.8888888888888888,0.0016876368474514952,0.0031562738164995887,full-stable,c13,ring_share_10,13,1,1,True,78,True,False,False
c13_ring_share_10,receiver_minus_reverse,c_to_ab_receiver_only,reverse_only_c_to_ab,-0.0040128519614697255,-0.0030185976807569842,0.004858040431373078,0.1388888888888889,-0.005645705464594758,-0.0025252005424840182,right-stable,c13,ring_share_10,13,1,1,True,78,True,False,False
c13_ring_share_10,magnitude_minus_reverse,c_to_ab_magnitude_only,reverse_only_c_to_ab,0.0012940801055027287,0.0018879274731174408,0.0036170699184199253,0.75,0.00010310609958792277,0.0024672973508573955,left-stable,c13,ring_share_10,13,1,1,True,78,True,False,False
c13_ring_share_10,standpoint_minus_reverse,c_to_ab_standpoint_only,reverse_only_c_to_ab,0.0012940801055027287,0.0018879274731174408,0.0036170699184199253,0.75,0.00010506679227051498,0.0024637313700848354,left-stable,c13,ring_share_10,13,1,1,True,78,True,False,False
c13_ring_share_11,full_minus_reverse,full_self_consistent_rstar,reverse_only_c_to_ab,0.0025260193062747924,0.002448420369581159,0.0018298052145094554,0.8888888888888888,0.0019277474931956773,0.0030849664937457667,full-stable,c13,ring_share_11,13,1,1,True,52,True,False,False
c13_ring_share_11,receiver_minus_reverse,c_to_ab_receiver_only,reverse_only_c_to_ab,-0.0032778963123813085,-0.003128102802361421,0.003144180628323463,0.19444444444444445,-0.004340573606530637,-0.0022235565547361665,right-stable,c13,ring_share_11,13,1,1,True,52,True,False,False
c13_ring_share_11,magnitude_minus_reverse,c_to_ab_magnitude_only,reverse_only_c_to_ab,0.0021888359370405134,0.0021311699824014757,0.00295879213800412,0.75,0.0011981892367246279,0.003173855706187557,left-stable,c13,ring_share_11,13,1,1,True,52,True,False,False
c13_ring_share_11,standpoint_minus_reverse,c_to_ab_standpoint_only,reverse_only_c_to_ab,0.0021888359370405134,0.0021311699824014757,0.00295879213800412,0.75,0.0011515214541213173,0.003157407063198753,left-stable,c13,ring_share_11,13,1,1,True,52,True,False,False
c14_reversed,full_minus_reverse,full_self_consistent_rstar,reverse_only_c_to_ab,-0.00012390850160220925,0.00012539448485488413,0.001452204075610174,0.5,-0.0006183727859178027,0.0003741131523468106,boundary,c14,reversed,14,2,2,False,56,False,True,False
c14_reversed,receiver_minus_reverse,c_to_ab_receiver_only,reverse_only_c_to_ab,-0.002062876631705784,-0.0027992856890622264,0.002491783423711498,0.19444444444444445,-0.002873467651136689,-0.0012160588327298685,right-stable,c14,reversed,14,2,2,False,56,False,True,False
c14_reversed,magnitude_minus_reverse,c_to_ab_magnitude_only,reverse_only_c_to_ab,0.0013336284151281566,0.0012519190540865844,0.0017199945335881598,0.75,0.0007798890696546051,0.0018906333038908795,left-stable,c14,reversed,14,2,2,False,56,False,True,False
c14_reversed,standpoint_minus_reverse,c_to_ab_standpoint_only,reverse_only_c_to_ab,0.0013336284151281566,0.0012519190540865844,0.0017199945335881598,0.75,0.0007420617421236999,0.001881005683487519,left-stable,c14,reversed,14,2,2,False,56,False,True,False
c14_side_broken,full_minus_reverse,full_self_consistent_rstar,reverse_only_c_to_ab,0.000732276493777806,0.0004797122148135417,0.0035892647426621046,0.5555555555555556,-0.0004277466063156549,0.0019144947589739341,boundary,c14,side_broken,14,2,2,False,56,False,False,False
c14_side_broken,receiver_minus_reverse,c_to_ab_receiver_only,reverse_only_c_to_ab,0.004426246488072727,0.005068569490426307,0.00356262898127322,0.8611111111111112,0.0032155082040990724,0.005577266070791469,left-stable,c14,side_broken,14,2,2,False,56,False,False,False
c14_side_broken,magnitude_minus_reverse,c_to_ab_magnitude_only,reverse_only_c_to_ab,0.0020870487037563867,0.002003215850862318,0.0025222222503870594,0.7222222222222222,0.0012791507356874694,0.0029311996865662017,left-stable,c14,side_broken,14,2,2,False,56,False,False,False
c14_side_broken,standpoint_minus_reverse,c_to_ab_standpoint_only,reverse_only_c_to_ab,0.0020870487037563867,0.002003215850862318,0.0025222222503870594,0.7222222222222222,0.0012654773780097295,0.00292542647864237,left-stable,c14,side_broken,14,2,2,False,56,False,False,False
c14_shuffled,full_minus_reverse,full_self_consistent_rstar,reverse_only_c_to_ab,0.0031516643714585026,0.0034208566294751637,0.002260296291797638,0.9166666666666666,0.0023445446968896446,0.003895607538489385,full-stable,c14,shuffled,14,2,2,False,56,False,False,False
c14_shuffled,receiver_minus_reverse,c_to_ab_receiver_only,reverse_only_c_to_ab,-0.004333652633208649,-0.004015551298607824,0.0032481015955445084,0.05555555555555555,-0.005494633838153357,-0.0032989551036370426,right-stable,c14,shuffled,14,2,2,False,56,False,False,False
c14_shuffled,magnitude_minus_reverse,c_to_ab_magnitude_only,reverse_only_c_to_ab,0.0023963183506756705,0.0022067169754755797,0.0022631615083827644,0.8888888888888888,0.0016881935328021175,0.003159200179054085,left-stable,c14,shuffled,14,2,2,False,56,False,False,False
c14_shuffled,standpoint_minus_reverse,c_to_ab_standpoint_only,reverse_only_c_to_ab,0.0023963183506756705,0.0022067169754755797,0.0022631615083827644,0.8888888888888888,0.001702366209626375,0.003104574778030995,left-stable,c14,shuffled,14,2,2,False,56,False,False,False
c14_degree_null,full_minus_reverse,full_self_consistent_rstar,reverse_only_c_to_ab,0.004735436523744291,0.00499743163992959,0.0020138205524491038,0.9722222222222222,0.004054047564404373,0.005315258924388366,full-stable,c14,degree_null,14,2,2,False,56,False,False,True
c14_degree_null,receiver_minus_reverse,c_to_ab_receiver_only,reverse_only_c_to_ab,-0.001476364984796142,-0.0013174534270145096,0.003169703538309423,0.3333333333333333,-0.0025149060929151768,-0.00040352272698668403,right-stable,c14,degree_null,14,2,2,False,56,False,False,True
c14_degree_null,magnitude_minus_reverse,c_to_ab_magnitude_only,reverse_only_c_to_ab,0.00444518022670724,0.0041307238995576,0.002055483232385037,1.0,0.0038102988369158185,0.005116558075879895,left-stable,c14,degree_null,14,2,2,False,56,False,False,True
c14_degree_null,standpoint_minus_reverse,c_to_ab_standpoint_only,reverse_only_c_to_ab,0.00444518022670724,0.0041307238995576,0.002055483232385037,1.0,0.0037517608420115723,0.005119159666707186,left-stable,c14,degree_null,14,2,2,False,56,False,False,True
c14_edge_count_null,full_minus_reverse,full_self_consistent_rstar,reverse_only_c_to_ab,0.0037909574462235943,0.0036472263875039525,0.0025777183911404327,0.9166666666666666,0.002962357809464114,0.004578899834240841,full-stable,c14,edge_count_null,14,2,2,False,56,False,False,True
c14_edge_count_null,receiver_minus_reverse,c_to_ab_receiver_only,reverse_only_c_to_ab,-0.00012594866795147687,-0.0006572857170972285,0.0035384359747045084,0.4166666666666667,-0.0012196607747041468,0.001092499524235264,boundary,c14,edge_count_null,14,2,2,False,56,False,False,True
c14_edge_count_null,magnitude_minus_reverse,c_to_ab_magnitude_only,reverse_only_c_to_ab,0.0037175441235174933,0.0039883919586093585,0.002466904164364073,0.8888888888888888,0.002892948427017795,0.004517188239517225,left-stable,c14,edge_count_null,14,2,2,False,56,False,False,True
c14_edge_count_null,standpoint_minus_reverse,c_to_ab_standpoint_only,reverse_only_c_to_ab,0.0037175441235174933,0.0039883919586093585,0.002466904164364073,0.8888888888888888,0.002876728565153382,0.004492677165186331,left-stable,c14,edge_count_null,14,2,2,False,56,False,False,True
c14_ring_share_5,full_minus_reverse,full_self_consistent_rstar,reverse_only_c_to_ab,0.0005533247662385086,0.000562979615585891,0.0022068623230776328,0.5555555555555556,-0.00012422271847817485,0.0012708010930731679,boundary,c14,ring_share_5,14,2,2,False,84,True,False,False
c14_ring_share_5,receiver_minus_reverse,c_to_ab_receiver_only,reverse_only_c_to_ab,-0.003873262479437364,-0.0032883659403397346,0.002685100789180866,0.05555555555555555,-0.004763407839499126,-0.0030045460370943435,right-stable,c14,ring_share_5,14,2,2,False,84,True,False,False
c14_ring_share_5,magnitude_minus_reverse,c_to_ab_magnitude_only,reverse_only_c_to_ab,-0.000149291957350488,-0.00030928312502507703,0.0024753205022371542,0.4722222222222222,-0.000925004148990025,0.0006216754385080325,boundary,c14,ring_share_5,14,2,2,False,84,True,False,False
c14_ring_share_5,standpoint_minus_reverse,c_to_ab_standpoint_only,reverse_only_c_to_ab,-0.000149291957350488,-0.00030928312502507703,0.0024753205022371542,0.4722222222222222,-0.0009562265197464401,0.0006859429445916638,boundary,c14,ring_share_5,14,2,2,False,84,True,False,False
c14_ring_share_7,full_minus_reverse,full_self_consistent_rstar,reverse_only_c_to_ab,-0.001284198611125648,-0.0012752831261621045,0.0018664314205775244,0.25,-0.0018702851793047626,-0.0006839967837468777,reverse-stable,c14,ring_share_7,14,2,2,False,70,True,False,False
c14_ring_share_7,receiver_minus_reverse,c_to_ab_receiver_only,reverse_only_c_to_ab,-0.0022718277503911612,-0.0022948582122496544,0.002811309148227456,0.19444444444444445,-0.0031813093194602185,-0.0014072867812078664,right-stable,c14,ring_share_7,14,2,2,False,70,True,False,False
c14_ring_share_7,magnitude_minus_reverse,c_to_ab_magnitude_only,reverse_only_c_to_ab,-0.0007641513537426522,-0.0006161747971680514,0.001814431747770337,0.3888888888888889,-0.001350960308971669,-0.00018189757408205724,right-stable,c14,ring_share_7,14,2,2,False,70,True,False,False
c14_ring_share_7,standpoint_minus_reverse,c_to_ab_standpoint_only,reverse_only_c_to_ab,-0.0007641513537426522,-0.0006161747971680514,0.001814431747770337,0.3888888888888889,-0.0013041697013937343,-0.00019111453663537764,right-stable,c14,ring_share_7,14,2,2,False,70,True,False,False
c14_ring_share_10,full_minus_reverse,full_self_consistent_rstar,reverse_only_c_to_ab,-0.0012327936492796795,-0.0013240576880540502,0.0017864449282024224,0.25,-0.0018140592839380263,-0.0006309621403986607,reverse-stable,c14,ring_share_10,14,2,2,False,84,True,False,False
c14_ring_share_10,receiver_minus_reverse,c_to_ab_receiver_only,reverse_only_c_to_ab,-0.002968965532967668,-0.0025524293589900813,0.002709366176358641,0.1111111111111111,-0.0038807365322780837,-0.002070698586009009,right-stable,c14,ring_share_10,14,2,2,False,84,True,False,False
c14_ring_share_10,magnitude_minus_reverse,c_to_ab_magnitude_only,reverse_only_c_to_ab,-0.001202804122588723,-0.0010670808743829872,0.0018902526679886883,0.3333333333333333,-0.0018038252990021234,-0.0005802770151282215,right-stable,c14,ring_share_10,14,2,2,False,84,True,False,False
c14_ring_share_10,standpoint_minus_reverse,c_to_ab_standpoint_only,reverse_only_c_to_ab,-0.001202804122588723,-0.0010670808743829872,0.0018902526679886883,0.3333333333333333,-0.0018120960033613388,-0.0006220519351080703,right-stable,c14,ring_share_10,14,2,2,False,84,True,False,False
c14_ring_share_11,full_minus_reverse,full_self_consistent_rstar,reverse_only_c_to_ab,-0.00039950640259105966,-0.0005746801213487174,0.002069315434022713,0.3333333333333333,-0.0010415078852062738,0.00028212538134742514,boundary,c14,ring_share_11,14,2,2,False,84,True,False,False
c14_ring_share_11,receiver_minus_reverse,c_to_ab_receiver_only,reverse_only_c_to_ab,-0.0026112498917956637,-0.002378203547238479,0.002342214583706769,0.05555555555555555,-0.0033590271153481196,-0.0018442057917187709,right-stable,c14,ring_share_11,14,2,2,False,84,True,False,False
c14_ring_share_11,magnitude_minus_reverse,c_to_ab_magnitude_only,reverse_only_c_to_ab,0.000128421684180614,0.00024045615019110858,0.0018277045055860345,0.5555555555555556,-0.00045549732947297914,0.0007159859963951834,boundary,c14,ring_share_11,14,2,2,False,84,True,False,False
c14_ring_share_11,standpoint_minus_reverse,c_to_ab_standpoint_only,reverse_only_c_to_ab,0.000128421684180614,0.00024045615019110858,0.0018277045055860345,0.5555555555555556,-0.0004873313882371926,0.0007419579002358469,boundary,c14,ring_share_11,14,2,2,False,84,True,False,False
